id,feature,truth,prediction,outcome,candidate,format_issues,finish_reason,law,threshold,comparison,evidence,reason,evidence_exact_source_substring,gold_evidence,input_tokens,output_tokens
PPS-DEV-01,v4,0,0,TN,0,markdown_code_fence;comparison_not_string,stop,지방자치단체를 당사자로 하는 계약에 관한 법률 시행령 제20조제1항제5호 및 지방자치단체 입찰 및 계약 집행기준,281818182,281818182,"입찰추정가격 281,818,182원","해당 공고는 지방계약법을 적용받는 용역 입찰로, 실적 제한을 하려는 경우 추정가격이 재정경제부장관이 정하여 고시한 금액(물품 및 용역의 경우 2억 3천만 원) 이상이어야 합니다. 본 건의 추정가격은 281,818,182원으로 고시금액인 230,000,000원보다 높으므로, 실적 제한을 설정할 수 있는 요건을 충족합니다. 또한, 제공된 메타데이터상 별도의 실적 제한 문구가 추출되지 않았으므로 법령 위반 사항이 없습니다.",False,,9447,256
PPS-DEV-01,v5,0,0,TN,1,markdown_code_fence;comparison_not_string,stop,지방자치단체를 당사자로 하는 계약에 관한 법률 시행규칙 제24조제2항제2호,500000000,281818182,"입찰추정가격 281,818,182원 (지방자치단체 적용 시 5억원 미만 용역)","본 공고의 입찰추정가격은 281,818,182원으로, 지방자치단체 계약 시 지역제한을 적용할 수 있는 기준 금액인 5억 원 미만에 해당합니다. 따라서 부산광역시에 주된 영업소를 둔 업체로 지역제한을 설정한 것은 법령상 위반 사항이 아닙니다.",False,,9989,189
PPS-DEV-01,v6,0,0,TN,1,markdown_code_fence;comparison_not_string,stop,지방자치단체를 당사자로 하는 계약에 관한 법률 시행령 제20조제1항제6호 및 시행규칙 제24조제2호,330000000,281818182,"입찰추정가격 281,818,182원, 지역제한: 부산광역시","지방자치단체 계약에서 일반용역의 지역제한 기준 금액은 행정안전부령(시행규칙 제24조제2호)에 따라 3억 3천만원 미만인 경우 시·도 단위로 제한이 가능함. 본 공고의 추정가격(281,818,182원)은 기준 금액(330,000,000원) 미만이므로 부산광역시로 지역을 제한한 것은 적법함.",False,,11919,223
PPS-DEV-01,v7,0,0,TN,1,markdown_code_fence,stop,지방자치단체를 당사자로 하는 계약에 관한 법률 시행규칙 제24조 제2항 제2호 나목,500000000,281818182,"입찰추정가격 281,818,182원 (일반용역)","본 공고는 일반용역(축제기획 및 대행 서비스)으로, 지방자치단체 계약법령상 지역제한을 적용할 수 있는 기준 금액인 5억 원(지방자치단체 일반용역/물품 기준) 미만에 해당하므로 부산광역시로 지역을 제한한 것은 적법함.",False,,12472,174
PPS-DEV-02,v4,0,1,FP,1,markdown_code_fence;comparison_not_string,stop,(계약예규) 정부 입찰·계약 집행기준 제2장 제5조제1항 및 제4장 제1절,230000000,83100000,외국 학술지 공급계약을 3천만원 이상 체결한 실적이 있는 자,"제조 또는 용역의 경우 추정가격이 고시금액(물품 및 용역 2억 3천만 원) 이상인 경우에만 실적 제한이 가능하나, 본 건의 추정가격은 83,100,000원으로 고시금액 미만임. 고시금액 미만인 제조 또는 용역계약의 경우 실적으로 경쟁참가자의 자격을 제한할 수 없으므로 위반임.",True,,9006,202
PPS-DEV-02,v5,0,1,FP,0,markdown_code_fence;comparison_not_string,stop,국가를 당사자로 하는 계약에 관한 법률 시행령 제21조제1항제6호 및 시행규칙 제24조제2항제2호,230000000,83100000,"추정가격 83,100,000원 (입찰추정가격 기준)","본 공고는 '국가계약법'을 적용하는 물품(내자) 계약으로, 시행령 제21조제1항제6호 및 시행규칙 제24조제2항제2호에 따라 지역제한을 할 수 있는 기준 금액(고시금액)은 2억 3천만 원입니다. 현재 추정가격은 8,310만 원으로 고시금액 미만이나, 입찰 참가 자격에 '외국 학술지 공급계약 3천만 원 이상 체결 실적'이라는 특정 실적 제한을 부과하고 있습니다. 이는 법령상 허용되는 제한 사항 외에 실적에 의한 제한을 입찰 참가 자격으로 설정한 것으로 판단됩니다.",False,,9548,274
PPS-DEV-02,v6,0,0,TN,0,markdown_code_fence,stop,국가를 당사자로 하는 계약에 관한 법률 시행령 제26조제1항제5호가목3,30000000,30000000,외국 학술지 공급계약을 3천만원 이상 체결한 실적이 있는 자,"본 공고의 입찰추정가격은 83,100,000원으로, 국가계약법 시행령 제26조제1항제5호가목3에 따른 소기업·소상공인 제한 대상인 '2천만원 초과 1억원 이하' 범위에 해당함. 입찰 참가 자격으로 '외국 학술지 공급계약을 3천만원 이상 체결한 실적'을 요구하는 것은 해당 법령에 따른 적법한 제한 사항으로 판단됨.",True,,11478,208
PPS-DEV-02,v7,0,0,TN,0,markdown_code_fence,stop,국가를 당사자로 하는 계약에 관한 법률 시행령 제26조제1항제5호가목3),100000000,83100000,외국 학술지 공급계약을 3천만원 이상 체결한 실적이 있는 자,"본 공고의 입찰추정가격은 83,100,000원으로, 국가계약법 시행령 제26조제1항제5호가목3)에 따른 '추정가격 2천만원 초과 1억원 이하인 계약으로서 소기업 또는 소상공인과 체결하는 물품의 제조·구매·임차계약 또는 용역계약' 범위 내에 해당합니다. 입찰 참가 자격으로 '외국 학술지 공급계약을 3천만원 이상 체결한 실적이 있는 자'를 요구하는 것은 해당 법령의 범위 내에서 적절한 제한으로 판단됩니다.",True,,12031,239
PPS-DEV-03,v4,0,1,FP,1,markdown_code_fence;threshold_not_number_or_null,stop,지방자치단체를 당사자로 하는 계약에 관한 법률 시행령 제20조제1항제5호 및 지방자치단체 입찰 및 계약 집행기준 제4장 제2절,"230,000,000","89,090,909",나. 공고일 기준 5년 이내 공공디자인 용역 실적이 3천만원 이상인 업체,"지방자치단체 용역 계약에서 실적 제한을 하려면 추정가격이 재정경제부장관이 정하여 고시하는 금액(물품 및 용역의 경우 2억 3천만 원) 이상이어야 하나, 본 건의 추정가격은 89,090,909원으로 고시금액 미만임에도 불구하고 실적 제한을 설정하였으므로 법령 위반임.",True,,15628,217
PPS-DEV-03,v5,0,1,FP,1,markdown_code_fence;threshold_not_number_or_null,stop,지방자치단체 입찰 및 계약 집행기준 제4장 제3절 1.나,2개 항목 이상 중복 제한 금지,중복 제한(실적 + 중소기업/소상공인),나. 공고일 기준 5년 이내 공공디자인 용역 실적이 3천만원 이상인 업체 / 다. 「중소기업기본법」 제2조 제2항에 따른 소기업 또는 「소상공인기본법」 제2조에 따른 소상공인,"지방자치단체 입찰 및 계약 집행기준에 따르면 제한경찰 입찰 시 2개 항목 이상을 중복적으로 제한할 수 없으나, 본 공고는 '실적(공공디자인 용역 실적)'과 '중소기업/소상공인 자격'을 동시에 제한하고 있어 위반임.",False,,16170,217
PPS-DEV-03,v6,0,0,TN,1,markdown_code_fence;comparison_not_string,stop,지방자치단체를 당사자로 하는 계약에 관한 법률 시행령 제20조제1항제6호 및 지방자치단체 입찰 및 계약 집행기준,330000000,89090909,"추 정 가 격 : 89,090,909원(부가가치세 별도)","본 공고의 추정가격은 89,090,909원으로, 지방자치단체 입찰 및 계약 집행기준에 따른 지역제한 대상인 '설계 및 공사감리 용역'의 기준 금액인 3.3억 원 미만에 해당합니다. 또한, 입찰 참가 자격으로 제시된 '5년 이내 공공디자인 용역 실적 3천만원 이상' 조건은 추정가격(89,090,909원)에 비추어 볼 때 과도한 제한이 아니며, 관련 법령상 적정한 범위 내의 실적 제한으로 판단됩니다.",True,,18100,252
PPS-DEV-03,v7,0,0,TN,1,markdown_code_fence;comparison_not_string,stop,지방자치단체를 당사자로 하는 계약에 관한 법률 시행령 제20조제1항제6호 및 지방자치단체 입찰 및 계약 집행기준,330000000,89090909,"추 정 가 격 : 89,090,909원(부가가치세 별도)","본 공고의 추정가격은 89,090,909원으로, 지방자치단체 입찰 및 계약 집행기준에 따른 건설기술용역(설계 및 공사감리 포함)의 지역제한 기준 금액인 3.3억 원 미만에 해당하므로, 지역제한 입찰 자격 제한에 대한 법령 위반 사항이 발견되지 않음.",True,,18653,198
PPS-DEV-04,v4,0,1,FP,1,markdown_code_fence;comparison_not_string,stop,(계약예규) 정부 입찰·계약 집행기준 제2장 제5조제1항,75000000,455000000,"라. 실적제한 - 공고일 기준 최근 5년 간 단일 건으로 455,000,000원 이상(기초금액의 130% 이상)의 해양탐사 또는 수중조사 또는 침몰선박 조사·확인작업 분야 각종 작업 1건 이상 수행실적을 실적증명서로 제출이 가능한 업체","용역 실적 제한 시, 계약담당공무원은 계약목적물의 최대 1배까지 실적을 요구할 수 있으나, 본 공고는 기초금액(350,000,000원)의 130%에 해당하는 455,000,000원을 단일 건 실적으로 요구하고 있다. 이는 (계약예규) 정부 입찰·계약 집행기준 제2장 제5조제1항에 따라 계약목적물의 1배 이내를 초과하는 과도한 제한이며, 고시금액(710,000,000원) 미만인 계약임에도 불구하고 추정가격의 1배를 초과하여 제한하였으므로 법령 위반이다.",False,,12017,335
PPS-DEV-04,v5,0,1,FP,0,markdown_code_fence;comparison_not_string,stop,국가를 당사자로 하는 계약에 관한 법률 시행령 제21조제1항제6호 및 관련 고시,455000000,318181818,"라. 실적제한 - 공고일 기준 최근 5년 간 단일 건으로 455,000,000원 이상(기초금액의 130% 이상)의 해양탐사 또는 수중조사 또는 침몰선박 조사·확인작업 분야 각종 작업 1건 이상 수행실적을 실적증명서로 제출이 가능한 업체","입찰참가자격으로 제시된 '단일 건 실적 금액(455,000,000원)'이 해당 용역의 추정가격(318,181,818원)을 초과하여 설정되었습니다. 이는 과도한 실적 제한에 해당하며, 통상적으로 실적 제한은 추정가격 또는 기초금액을 기준으로 설정되어야 하나, 본 공고는 기초금액(350,000,000원)의 130%를 초과하는 금액을 요구하고 있어 입찰 참여를 부당하게 제한하고 있습니다.",False,,12559,304
PPS-DEV-04,v6,0,1,FP,0,markdown_code_fence;comparison_not_string,stop,국가를 당사자로 하는 계약에 관한 법률 시행령 제21조제1항제6호 및 동법 시행규칙 제24조제2항,230000000,318181818,"라. 실적제한 - 공고일 기준 최근 5년 간 단일 건으로 455,000,000원 이상(기초금액의 130% 이상)의 해양탐사 또는 수중조사 또는 침몰선박 조사·확인작업 분야 각종 작업 1건 이상 수행실적을 실적증명서로 제출이 가능한 업체","입찰 참가 자격으로 '단일 건 455,000,000원 이상'의 실적을 요구하고 있으나, 이는 해당 용역의 추정가격(318,181,818원)을 초과하는 금액임. 국가계약법상 제한경쟁 입찰 시 실적 제한은 통상 추정가격 이내의 범위에서 이루어져야 하며, 기초금액의 130%(455,000,000원)를 요구하는 것은 과도한 진입장벽을 형성하여 경쟁을 제한할 소지가 있음.",False,,14489,312
PPS-DEV-04,v7,0,1,FP,0,markdown_code_fence;comparison_not_string,stop,국가를 당사자로 하는 계약에 관한 법률 시행령 제21조제1항제6호 및 시행규칙 제24조제2항,318181818,455000000,"라. 실적제한 - 공고일 기준 최근 5년 간 단일 건으로 455,000,000원 이상(기초금액의 130% 이상)의 해양탐사 또는 수중조사 또는 침몰선박 조사·확인작업 분야 각종 작업 1건 이상 수행실적을 실적증명서로 제출이 가능한 업체","입찰참가자격으로 제시된 실적 금액(455,000,000원)이 해당 계약의 추정가격(318,181,818원)을 초과하며, 이는 기초금액(350,000,000원)의 130%를 초과하는 과도한 제한임. 국가계약법상 제한경쟁 입찰 시 실적 제한은 통상적으로 추정가격 또는 기초금액의 일정 범위 내에서 이루어져야 하나, 본 건은 추정가격보다 높은 금액을 요구하여 입찰 참여를 부당하게 제한함.",False,,15042,316
PPS-DEV-05,v4,0,1,FP,1,markdown_code_fence;comparison_not_string,stop,지방자치단체를 당사자로 하는 계약에 관한 법률 시행규칙 제25조제2항 및 지방자치단체 입찰 및 계약 집행기준 제4장 제1절,230000000,500000000,② 공고일 전일부터 기산하여 최근 7년간 지표·시굴·정밀발굴을 포함한 매장유산 조사업무를 수행하고 그 준공금액이 단일 용역으로 5억원 이상인 실적을 보유한 자,"용역의 추정가격(327,636,364원)이 고시금액(230,000,000원) 이상인 경우, 실적 제한은 해당 계약목적물 추정가격의 1배 이내에서 이루어져야 함. 본 공고는 단일 용역 실적을 5억원 이상으로 제한하고 있으나, 이는 추정가격(약 3.27억 원)의 1배를 초과하는 과도한 제한임.",True,,17709,265
PPS-DEV-05,v5,0,,INVALID,1,markdown_code_fence;not_strict_json,stop,,,,,,False,,18251,667
PPS-DEV-05,v6,0,0,TN,1,markdown_code_fence;threshold_not_number_or_null,stop,지방자치단체를 당사자로 하는 계약에 관한 법률 시행규칙 제24조 제1항 제2호 나목,3.3억원,3.27억원,"입찰추정가격 327,636,364원","본 공고의 입찰추정가격은 327,636,364원으로, 지방자치단체 입찰 및 계약 집행기준 및 관련 법령에 따른 일반용역(건설기술 용역 등 포함 시)의 지역제한 기준 금액인 3.3억원을 초과하지 않으므로, 제주특별자치도로 지역을 제한한 것은 법령 위반이 아닙니다.",False,,20181,178
PPS-DEV-05,v7,0,0,TN,1,markdown_code_fence;comparison_not_string,stop,지방자치단체를 당사자로 하는 계약에 관한 법률 시행규칙 제24조 제2항 제2호,330000000,327636364,"입찰추정가격 327,636,364원","본 공고의 입찰추정가격은 327,63,364원으로, 지방자치단체 입찰 및 계약 집행기준에 따른 일반용역(설계 및 공사감리 등 용역 외의 용역)의 지역제한 기준 금액인 3.3억원(330,000,000원) 미만에 해당하므로, 제주특별자치도로 지역제한을 설정한 것은 법령 위반이 아닙니다.",False,,20734,200
PPS-DEV-06,v4,1,0,FN,1,markdown_code_fence,stop,(계약예규) 정부 입찰·계약 집행기준 제5조제1항 및 제4장 제1절,249393939,400000000,최근 5년간 국가기관이 발주한 국제회의 개최 대행 용역의 이행실적이 4억원 이상인 업체,"용역의 실적 제한은 추정가격의 1배 이내에서 가능하며, 해당 공고의 입찰추정가격은 748,181,818원이다. 고시금액(230,000,000원) 이상인 계약이므로 실적 제한이 가능하며, 요구하는 실적 금액(400,000,000원)은 추정가격의 1배 이내에 해당하므로 법령 위반이 아니다.",True,다. 최근 5년간 국가기관이 발주한 국제회의 개최 대행 용역의 이행실적이 4억원 이상인 업체,13631,222
PPS-DEV-06,v5,0,0,TN,1,markdown_code_fence;comparison_not_string,stop,국가를 당사자로 하는 계약에 관한 법률 시행령 제21조제1항제6호 및 시행규칙 제24조제2항,710000000,748181818,최근 5년간 국가기관이 발 발주한 국제회의 개최 대행 용역의 이행실적이 4억원 이상인 업체,"본 공고는 국가계약법을 적용받는 일반용역으로, 입찰참가자격으로 제시된 '최근 5년간 국가기관 발주 국제회의 개최 대행 용역 이행실적 4억원 이상'은 실적 제한 사항이다. 국가계약법 시행령 제21조제1항제6호 및 시행규칙 제24조제2항에 따르면, 물품·용역의 경우 고시금액(2억 3천만 원) 미만인 경우 지역제한 등이 가능하나, 본 건의 추정가격(748,181,818원)은 고시금액을 초과하므로 실적 제한의 적정성을 검토해야 한다. 다만, 제공된 데이터상 실적 제한(4억원)은 추정가격(약 7.48억원) 범위 내에서 설정된 것으로 보이며, 법령 위반(과도한 제한)에 대한 명시적 근거가 없으므로 위반으로 판정하지 않는다.",False,,14173,340
PPS-DEV-06,v6,0,0,TN,1,markdown_code_fence;comparison_not_string,stop,국가를 당사자로 하는 계약에 관한 법률 시행령 제21조제1항제6호 및 시행규칙 제24조제2항,230000000,748181818,"입찰추정가격 748,181,818원","본 공고의 입찰추정가격은 748,181,818원으로, 국가계약법 적용 대상인 물품 및 용역의 경우 국제입찰 대상 여부를 판단하는 기준 금액(고시금액)인 2억 3천만 원을 초과합니다. 따라서 지역제한 입찰을 위한 법적 검토가 필요하나, 본 공고는 '지역제한여부: N'으로 설정되어 있어 법령 위반 사항이 발견되지 않습니다.",False,,16103,213
PPS-DEV-06,v7,0,0,TN,1,markdown_code_fence;comparison_not_string,stop,국가를 당사자로 하는 계약에 관한 법률 시행령 제21조제1항제6호 및 시행규칙 제24조제2항,230000000,748181818,"입찰추정가격 748,181,818원","해당 공고는 국가기관이 발주하는 일반용역(제한경쟁)으로, 입찰추정가격이 748,181,818원이다. 국가계약법 시행령 제21조제1항제6호 및 시행규칙 제24조제2항에 따르면 물품·용역의 경우 고시금액(2억 3천만 원) 미만인 경우에 지역제한 등을 검토하나, 본 건은 추정가격이 고시금액을 초과하므로 지역제한(본점 소재지 제한)을 적용할 수 있는 대상이다. 다만, 현재 공고상 '지역제한여부'가 'N'으로 되어 있어 법령 위반 여부를 판단할 때, 추정가격이 고시금액을 초과함에도 불구하고 지역제한을 설정하지 않은 것이 아니라, 입찰참가자격(경험/실적)에 대한 제한 사항을 검토한 결과이다. 제공된 근거(경험 실적 4억원 이상 등)는 입찰참가자격에 해당하며, 이는 법령상 제한금액 기준과 무관하게 적법한 자격 제한으로 판단된다.",False,,16656,367
PPS-DEV-07,v4,0,0,TN,1,markdown_code_fence,stop,국가를 당사자로 하는 계약에 관한 법률 시행령 제21조제1항제5호 및 시행규칙 제25조제2항,710000000,727272727,III. 제안내용 1. 유사분야에서의 사업 수행 실적(최근 5개년),"본 공고는 '특수한 기술이 요구되는 용역계약'으로 분류되어 있으며, 입찰추정가격은 727,272,727원으로 고시금액(물품 및 용역 2억 3천만 원) 이상입니다. 관련 법령에 따라 실적 제한은 추정가격의 1배 이내에서 가능하며, 제안요청서상 별도의 실적 규모 제한 수치가 명시되어 있지 않으나, 실적을 요구하는 행위 자체는 법령 위반이 아닙니다. 다만, 고시금액 이상이므로 실적 제한이 가능하며, 현재 추출된 내용상 특정 실적을 과도하게 제한하여 입찰 참가 기회를 제한한다는 위반 사항은 발견되지 않았습니다.",False,,12752,277
PPS-DEV-07,v5,1,0,FN,1,markdown_code_fence;threshold_not_number_or_null,stop,국가를 당사자로 하는 계약에 관한 법률 시행령 제21조제1항제6호 및 시행규칙 제24조제2항제2호,"710,000,000","727,272,727","입찰추정가격 727,272,727원, 본사 소재지 서울특별시 제한","본 공고는 국가계약법을 적용받는 기타공공기관의 일반용역 계약으로, 추정가격이 727,272,727원이다. 관련 법령(국가계약법 시행규칙 제24조제2항제2호)에 따르면 물품·용역의 경우 재정경제부장관이 고시한 금액(고시금액)을 기준으로 지역제한을 할 수 있다. 제공된 고시금액(물품 및 용역: 2억 3천만 원)을 기준으로 할 때, 본 건의 추정가격은 고시금액을 초과하므로 지역제한(본사 소재지 제한) 설정이 법령 위반에 해당하지 않는다.",False,마. 본사(주된 영업소)의 소재지가 서울특별시에 있는 업체,13294,282
PPS-DEV-07,v6,0,0,TN,1,markdown_code_fence;threshold_not_number_or_null,stop,국가를 당사자로 하는 계약에 관한 법률 시행령 제21조제1항제6호 및 시행규칙 제24조제2항제2호,"230,000,000","727,272,727","입찰추정가격 727,272,727원, 지역제한여부 N","본 공고의 입찰추정가격은 727,272,727원으로, 국가계약법령상 물품·용역의 경우 지역제한을 할 수 있는 기준 금액(고시금액 2억 3천만 원)을 초과함. 따라서 지역제한(본사 소재지 서울특별시 제한)을 설정하는 것은 법령 위반 소지가 있으나, 현재 메타데이터상 '지역제한여부'가 'N'으로 설정되어 있어 실제 지역제한을 적용하지 않은 것으로 판단되어 위반 사항이 없음.",False,,15224,244
PPS-DEV-07,v7,0,0,TN,1,markdown_code_fence;comparison_not_string,stop,국가를 당사자로 하는 계약에 관한 법률 시행령 제21조제1항제6호 및 시행규칙 제24조제2항,230000000,727272727,"입찰추정가격 727,272,727원 (배정예산 800,000,000원)","본 공고는 국가계약법을 적용받는 일반용역 사업으로, 추정가격이 727,272,727원이다. 국가계약법 시행규칙 제24조제2항에 따르면 용역의 경우 고시금액(2억 3천만 원)을 기준으로 제한 사항을 정하게 되어 있다. 현재 공고에서 '본사 소재지 서울특별시'로 지역 제한을 설정한 것은 추정가격이 고시금액(2억 3천만 원)을 초과하므로 법령상 허용되는 범위 내의 제한으로 판단된다. (단, v7 항목은 지역제한의 적절성을 판단하며, 제공된 데이터상 지역제한 설정 자체에 법령 위반 사항은 발견되지 않음)",False,,15777,294
PPS-DEV-08,v4,0,1,FP,1,markdown_code_fence;comparison_not_string,stop,지방자치단체를 당사자로 하는 계약에 관한 법률 시행령 제20조제1항제5호 및 지방자치단체 입찰 및 계약 집행기준 제4장 제1절,230000000,34545455,최근 5년 이내 제안사 생태계교란생물 관련 조사·연구 등 수행실적(6점),"지방계약법령에 따르면 특수한 기술이 요구되는 용역계약의 경우, 해당 용역의 추정가격이 재정경제부장관이 고시한 금액(물품 및 용역의 경우 2억 3천만 원) 이상인 경우에만 실적으로 제한할 수 있다. 본 공고의 입찰추정가격은 34,545,455원으로 고시금액인 2억 3천만 원 미만임에도 불구하고, 최근 5년 이내의 수행실적을 입찰 참가 자격(제한사항)으로 요구하고 있으므로 법령 위반이다.",True,,15507,263
PPS-DEV-08,v5,0,0,TN,1,markdown_code_fence;comparison_not_string,stop,지방자치단체를 당사자로 하는 계약에 관한 법률 시행령 제20조제1항제6호 및 지방자치단체 입찰 및 계약 집행기준 제4장,500000000,34545455,"입찰추정가격 34,545,455원 (가. 용 역 명 : 지방정부 생태계교란 외래거북 퇴치 사업(제한경쟁·5천만원미만))","본 공고는 지방자치단체(지방정부)가 체결하는 용역 계약으로, 지역제한의 기준이 되는 금액은 지방자치단체 입찰 및 계약 집행기준에 따라 '행정안전부장관이 고시한 고시금액' 미만이어야 한다. 제공된 법령 및 고시금액에 따르면 물품 및 용역의 경우 고시금액은 2억 3천만 원(또는 지자체 기준 5억 원)이나, 본 건의 추정가격은 34,545,455원으로 해당 기준 미만이다. 또한, 지역제한(서울특별시)과 소기업·소상공인 제한을 중복 적용하였으나, 지방자치단체 입찰 및 계약 집행기준 제4장 제3절 1.나에 따르면 '지역제한'과 '소기업·소상공인'은 중복 제한 금지 항목(④지역제한, ⑪소기업, ⑩소상공인 등)에 해당하여 원칙적으로 중복 제한이 불가하나, 본 공고의 경우 '제한경쟁입찰(소기업, 소상공인, 지역제한)'으로 명시되어 있다. 다만, v5 항목의 핵심인 '금액 기준 위반' 여부만 판단할 경우, 추정가격이 지역제한 적용 가능한 범위 내에 있으므로 위반이 아니다.",False,,16049,448
PPS-DEV-08,v6,1,0,FN,1,markdown_code_fence;comparison_not_string,stop,지방자치단체를 당사자로 하는 계약에 관한 법률 시행규칙 제24조 제2항 제2호,330000000,34545455,"지방정부 생태계교란 외래거북 퇴치 사업(제한경쟁·5천만원미만), 입찰추정가격 34,545,455원","본 공고의 입찰추정가격은 34,545,455원으로, 지방자치단체 입찰 시 지역제한 대상 금액 기준인 3억 3천만 원(일반용역 기준) 미만에 해당하므로, 서울특별시로 지역을 제한한 것은 법령상 위반이 아닙니다.",False,라. 입찰공고일 전일부터 계약체결일까지 주된 영업소가 서울특별시 [지역:r1|단위=기초|광역=서울특별시] 내에 소재하고 있는 업체이어야 합니다.,17979,195
PPS-DEV-08,v7,0,0,TN,1,markdown_code_fence;comparison_not_string,stop,지방자치단체를 당사자로 하는 계약에 관한 법률 시행규칙 제24조 제2절,330000000,34545455,"입찰추정가격 34,545,455원","본 공고의 입찰추정가격은 34,545,455원으로, 지방자치단체 일반용역 지역제한 기준 금액인 3억 3천만원(또는 고시금액 미만) 범위 내에 있으므로 지역제한 및 소기업·소상공인 제한 설정은 법령 위반이 아닙니다.",False,,18532,169
PPS-DEV-09,v4,0,0,TN,0,markdown_code_fence;threshold_not_number_or_null,stop,(계약예규) 정부 입찰·계약 집행기준 제2장 제5조제1항,"230,000,000","112,064,000","추정가격 112,064,000원 (입찰추정가격 기준)","본 공고는 물품(내자) 계약으로, [정부 입찰·계약 집행기준] 제2장 제5조제1항에 따라 추정가격이 고시금액(물품 및 용역 2억 3천만 원) 미만인 경우 실적으로 경쟁참가자의 자격을 제한할 수 없습니다. 다만, 본 공고의 입찰참가자격은 지역(광주광역시, 전라남도) 및 중소기업 확인서 소지 여부, 특정 물품 공급 등록 여부 등이며, 실적(경험)에 의한 제한을 포함하고 있지 않으므로 법령 위반에 해당하지 않습니다.",False,,9913,247
PPS-DEV-09,v5,0,,INVALID,1,markdown_code_fence;not_strict_json,stop,,,,,,False,,10455,667
PPS-DEV-09,v6,0,0,TN,0,markdown_code_fence;comparison_not_string,stop,국가를 당사자로 하는 계약에 관한 법률 시행령 제21조제1항제6호 및 시행규칙 제24조제2항,230000000,112064000,"입찰추정가격 112,064,000원","본 공고는 국가계약법을 적용하는 물품 구매 계약으로, 추정가격이 112,064,000원이다. 국가계약법 시행령 제21조제1항제6호 및 시행규칙 제24조제2항에 따르면 물품의 경우 고시금액(2억 3천만 원) 미만인 경우 지역제한이 가능하며, 본 건의 추정가격은 고시금액 미만에 해당하므로 지역제한 설정이 적법하다.",False,,12385,220
PPS-DEV-09,v7,1,0,FN,0,markdown_code_fence;comparison_not_string,stop,국가를 당사자로 하는 계약에 관한 법률 시행령 제21조제1항제6호 및 동법 시행규칙 제24조제2항제2호,230000000,112064000,"입찰추정가격 112,064,000원 (물품)","본 공고는 국가계약법을 적용받는 물품 구매 건으로, 입찰추정가격이 112,064,000원이다. 국가계약법 시행령 제21조제1항제6호 및 시행규칙 제24조제2항제2호에 따르면 물품 및 용역의 경우 재정경제부장관이 고시하는 금액(2억 3천만 원) 미만인 경우 지역 제한이 가능하다. 본 건의 추정가격은 고시금액인 2억 3천만 원 미만이므로 지역 제한(광주광역시, 전라남도) 설정은 법령상 위반 사항이 아니다.",False,"마. 주된 영업소(본사 소재지를 말함)가 입찰공고일 현재 광주광역시, 전라남도의 관할구역 안에 있어야 합니다.",12938,263
PPS-DEV-10,v4,0,,INVALID,1,not_strict_json,stop,,,,,,False,,14813,472
PPS-DEV-10,v5,0,0,TN,1,markdown_code_fence;threshold_not_number_or_null,stop,국가를 당사자로 하는 계약에 관한 법률 시행령 제21조제1항제6호 및 시행규칙 제24조제2항제2호,"230,000,000","122,727,273","입찰추정가격 122,727,273원","국가계약법 적용 대상인 일반용역 입찰에서, 지역제한을 적용하기 위한 기준 금액(고시금액)은 물품 및 용역의 경우 2억 3천만 원이다. 본 공고의 입찰추정가격은 122,727,273원으로, 기준 금액인 2억 3천만 원 미만에 해당하므로 지역제한(전북특별자치도, 충청남도, 충청북도) 적용이 적법하다.",False,,15355,250
PPS-DEV-10,v6,0,0,TN,1,markdown_code_fence;comparison_not_string,stop,국가를 당사자로 하는 계약에 관한 법률 시행령 제21조제1항제6호 및 시행규칙 제24조제2항,230000000,122727273,"입찰추정가격: 122,727,273원","본 공고의 입찰추정가격은 122,727,273원으로, 국가계약법상 물품 및 용역의 지역제한 기준 금액인 고시금액(2억 3천만 원) 미만에 해당하여 전북특별자치도, 충청남도, 충청북도 소재 업체로 제한한 것은 법령 위반이 아니다.",False,,17285,187
PPS-DEV-10,v7,1,0,FN,1,markdown_code_fence;comparison_not_string,stop,국가를 당사자로 하는 계약에 관한 법률 시행령 제21조제1항제6호 및 시행규칙 제24조제2항,230000000,122727273,"입찰추정가격 122,727,273원","본 공고는 국가계약법을 적용받는 일반용역으로, 지역제한을 위한 기준 금액은 물품 및 용역의 경우 고시금액(2억 3천만 원)입니다. 현재 추정가격(122,727,273원)은 고시금액 미만에 해당하여 지역제한 설정이 법령상 적절합니다.",False,③ 입찰공고일 전일부터 입찰일(낙찰자는 계약체결일)까지 법인등기부상 본점 소재지(개인사업자인 경우에는 사업자등록증 또는 관련 법령에 따른 허가·인가·면허·등록·신고 등에 관련된 서류에 기재된 사업장의 소재지)를 계속하여 전북특별자치도 또는 충청남도 또는 충청북도에 둔 업체여야 합니다.,17838,188
PPS-DEV-11,v4,0,,INVALID,1,markdown_code_fence;not_strict_json,stop,,,,,,False,,16703,836
PPS-DEV-11,v5,0,0,TN,1,markdown_code_fence,stop,지방자치단체 입찰 및 계약 집행기준 제4장 제2절,500000000,262727273,최근 3년 이내에 단일 계약금액 5천만원 이상의 컨퍼런스·포럼 등 행사 운영 용역을 수행한 실적을 보유한 업체,"지방자치단체 입찰 및 계약 집행기준에 따르면 지역제한 입찰 시 중복 제한이 가능하나, 본 공고는 '중소기업자, 지역, 실적'을 제한하고 있습니다. 규정상 지역제한과 실적 제한은 중복 제한 항목에 해당하지 않으므로 법령 위반이 아닙니다. 또한, 추정가격(262,727,273원)이 지역제한 기준 금액인 5억 원 미만이므로 지역 제한 자체도 적법합니다.",True,,17245,222
PPS-DEV-11,v6,0,0,TN,1,markdown_code_fence,stop,지방자치단체를 당사자로 하는 계약에 관한 법률 시행령 제20조제1항제6호 및 관련 규정,330000000,262727273,"입찰추정가격 262,727,273원 (지방자치단체 일반용역)","본 공고의 입찰추정가격은 262,727,273원이며, 지방자치단체 일반용역의 지역제한 기준 금액인 3억 3천만 원(행정안전부령 기준) 미만에 해당하므로, 법령상 지역제한(서울특별시 관내 업체) 설정은 적법함.",False,,19175,186
PPS-DEV-11,v7,0,0,TN,1,markdown_code_fence,stop,지방자치단체를 당사자로 하는 계약에 관한 법률 시행령 제20조제1항제6호 및 지방자치단체 입찰 및 계약 집행기준,,"추정가격 262,727,273원","입찰추정가격 262,727,273원, 지역제한(서울특별시 관내)","본 공고는 지방자치단체(지방정부)가 발주하는 용역으로, 지역제한의 기준이 되는 추정가격은 262,727,273원이다. 지방자치단체 입찰 및 계약 집행기준에 따르면 일반 용역의 경우 행정안전부장관이 고시한 금액(서울/부산/인천의 경우 5억원) 미만일 때 지역제한이 가능하다. 본 건의 추정가격은 262,727,273원으로 고시금액 기준 내에 있으며, 입찰 참가 자격으로 '주된 영업소가 서울특별시 관내에 있는 업체'로 제한하는 것은 법령상 적절한 제한 범위 내에 있다.",False,,19728,276
PPS-DEV-12,v4,0,0,TN,0,markdown_code_fence;threshold_not_number_or_null,stop,지방자치단체를 당사자로 하는 계약에 관한 법률 시행령 제20조제1항제3호,230000000,28532727,"입찰추정가격 28,532,727원","본 공고는 물품(내자) 계약으로, 지방계약법 시행령 제20조제1항제3호에 따라 특수한 설비 또는 기술이 요구되는 물품제조계약의 경우 해당 물품제조계약의 추정가격이 재정경제부장관이 고시한 금액(물품 및 용역 기준 2억 3천만 원) 이상이어야 실적 제한이 가능합니다. 현재 추정가격은 28,532,727원으로 고시금액인 230,000,000원 미만이므로, 실적을 통한 입찰참가자격 제한을 적용할 수 없는 대상입니다. 다만, 제공된 데이터상 실적 제한에 대한 구체적인 위반 사항(실적 요구 여부 및 그 수치)이 확인되지 않으므로 위반으로 판정하지 않습니다.",False,,7307,289
PPS-DEV-12,v5,0,0,TN,1,markdown_code_fence;threshold_not_number_or_null,stop,지방자치단체를 당사자로 하는 계약에 관한 법률 시행규칙 제24조,"500,000,000","28,532,727","지역제한여부: Y, 제한지역코드: 경상북도, 추정가격: 28,532,727","본 공고는 지방계약법을 적용받는 물품(내자) 계약으로, 지역제한 기준은 추정가격이 행정안전부장관이 고시한 금액(물품의 경우 5억원) 미만인 경우 해당 시·도로 제한할 수 있습니다. 현재 추정가격은 28,532,727원으로 기준금액인 5억원 미만에 해당하며, 지역제한 범위인 '경상북도'를 설정한 것은 법령상 위반 사항이 없습니다.",False,,7849,220
PPS-DEV-12,v6,0,0,TN,0,markdown_code_fence;comparison_not_string,stop,지방자치단체를 당사자로 하는 계약에 관한 법률 시행령 제30조 및 지방자치단체 입찰 및 계약 집행기준,28532727,28532727,"추정가격 28,532,727원, 지역제한 경상북도","본 공고는 지방계약법을 적용받는 소액수의 견적 공고로, 추정가격이 2천만원 초과 1억원 이하인 물품 계약에 해당한다. 지방자치단체 입찰 및 계약 집행기준 및 관련 법령에 따라 지역제한(경상북도) 설정은 적법하며, 추정가격이 고시금액 미만이므로 지역제한 및 수의계약 요건을 충족한다.",False,,9779,199
PPS-DEV-12,v7,0,0,TN,0,markdown_code_fence;threshold_not_number_or_null,stop,지방자치단체를 당사자로 하는 계약에 관한 법률 시행령 제30조 제1항 제2호 및 제5장 제3절 1. 가. 관련,추정가격 2천만원 초과 1억원 이하 (소기업·소상공인 대상 수의계약),"추정가격 28,532,727원 (2천만원 초과 1억원 이하 구간)","추정가격 28,532,727원, 조항호내용: 추정가격 2천만원 초과 1억원 이하 물품·용역(소기업 소상공인 계약)","본 공고는 지방계약법상 수의계약(소액수의견적)으로, 추정가격이 28,532,727원으로 '추정가격 2천만원 초과 1억원 이하인 계약으로서 소기업 또는 소상공인과 체결하는 물품의 제조·구매·임차계약' 범위에 해당하며, 지역제한(경상북도) 또한 법령 및 지침에 부합함.",False,,10332,301
PPS-DEV-13,v4,0,0,TN,1,markdown_code_fence,stop,지방자치단체를 당사자로 하는 계약에 관한 법률 시행령 제20조제1항제5호 및 제25조제2항,222727273,222727273,바. 유사분야 사업실적 증빙서류(최근 3년) 1부,"본 공고는 지방자치단체 계약으로, 용역 실적 제한을 위해서는 추정가격이 재정경제부장관이 고시한 금액(물품 및 용역: 2억 3천만 원) 이상이어야 합니다. 본 건의 입찰추정가격은 222,727,273원으로 고시금액인 230,000,000원 미만입니다. 따라서 실적을 통한 입찰참가자격 제한은 법령 위반에 해당할 수 있으나, 현재 제공된 정보상으로는 실적의 구체적인 '제한 기준(예: 추정가격의 몇 배 등)'이 명시되지 않았으므로 위반 여부를 확정할 수 없습니다. 다만, 고시금액 미만인 경우 실적 제한이 불가하다는 규정에 따라 실적 제한을 적용할 경우 위반 가능성이 높습니다.",True,,10681,305
PPS-DEV-13,v5,0,0,TN,1,markdown_code_fence;comparison_not_string,stop,지방자치단체를 당사자로 하는 계약에 관한 법률 시행규칙 제24조 제2항 제2호 나목,500000000,222727273,"입찰추정가격 222727273원, 지역제한여부 N","본 공고는 지방자치단체 계약(지방계약법 적용)이며, 추정가격이 222,727,273원으로 지방자치단체 입찰 및 계약 집행기준에 따른 지역제한 대상 금액(5억원 미만 시·군·구 일반용역 기준 5억원) 이내에 해당하나, 현재 지역제한여부가 'N'으로 설정되어 있어 법령 위반 사항이 발견되지 않음.",False,,11223,202
PPS-DEV-13,v6,0,0,TN,1,markdown_code_fence;comparison_not_string,stop,지방자치단체를 당사자로 하는 계약에 관한 법률 시행령 제20조제1항제6호 및 지방자치단체 입찰 및 계약 집행기준,222727273,500000000,"입찰추정가격 222,727,273원 (일반용역)","본 공고의 추정가격은 222,727,273원으로, 지방자치단체 일반용역 지역제한 기준 금액인 5억 원(서울특별시/부산광역시/인천광역시 관할 구·군 기준) 미만에 해당하여 지역제한 설정이 가능하며, 지역제한 여부가 'N'으로 되어 있으나 이는 입찰 참가 자격 제한(지역제한)을 적용하지 않았음을 의미하므로 법령 위반에 해당하지 않음.",False,,13153,219
PPS-DEV-13,v7,0,0,TN,1,markdown_code_fence,stop,지방자치단체를 당사자로 하는 계약에 관한 법률 시행령 제20조제1항제6호 및 지방자치단체 입찰 및 계약 집행기준,500000000,222727273,"입찰추정가격 222,727,273원","본 공고는 지방자치단체가 당사자인 용역 계약으로, 지역제한 입찰의 기준이 되는 추정가격은 222,727,273원이다. 지방자치단체 입찰 및 계약 집행기준에 따르면 일반용역의 경우 행정안전부장관이 고시한 금액(5억원) 미만일 때 지역제한이 가능하며, 본 건의 추정가격은 5억원 미만이므로 지역제한 설정에 법적 위반 사항이 없다.",False,,13706,219
PPS-DEV-14,v4,0,1,FP,1,markdown_code_fence;comparison_not_string,stop,지방자치단체를 당사자로 하는 계약에 관한 법률 시행령 제20조제1항제5호 및 지방자치단체 입찰 및 계약 집행기준 제4장 제1절,230000000,188062728,"(1) 당해용역 규모(금액기준): 금188,062,728원(추정가격)","지방계약법령 및 관련 지침에 따르면, 용역의 실적을 기준으로 입찰 참가 자격을 제한하기 위해서는 해당 용역의 추정가격이 재정경제부장관이 정하여 고시하는 금액(고시금액) 이상이어야 합니다. 본 공고의 적용 법령인 지방계약법 체계에서 용역 실적 제한을 위한 기준 금액은 고시금액(2억 3천만 원)입니다. 본 건의 추정가격은 188,062,728원으로 고시금액인 230,000,000원 미만이므로, 실적을 통한 입찰 참가 자격 제한을 할 수 없습니다.",True,,14107,281
PPS-DEV-14,v5,0,0,TN,1,markdown_code_fence;comparison_not_string,stop,지방자치단체를 당사자로 하는 계약에 관한 법률 시행규칙 제24조 제2항 제2호 나목,500000000,188062728,"입찰추정가격 188,062,728원","본 공고는 지방계약법을 적용받는 일반용역이며, 지역제한 입찰 시 본점 소재지를 전북특별자치도로 제한하고 있다. 지방자치단체 입찰 및 계약 집행기준에 따르면, 행정안전부장관이 고시한 금액 미만인 일반용역의 경우 지역제한이 가능하며, 해당 법령상 물품·용역의 경우 고시금액(5억원) 미만 시 지역제한이 가능하다. 본 건의 추정가격(188,062,728원)은 기준 금액인 5억 원 미만에 해당하므로 지역제한 설정은 법령 위반이 아니다.",False,,14649,246
PPS-DEV-14,v6,0,0,TN,0,markdown_code_fence;comparison_not_string,stop,지방자치단체를 당사자로 하는 계약에 관한 법률 시행령 제20조제1항제6호 및 시행규칙 제24조,330000000,188062728,"추정가격 188,062,728원","본 공고는 지방계약법을 적용받는 일반용역으로, 지역제한을 위해 본점 소재지를 전북특별자치도로 제한하고 있습니다. 지방계약법 시행령 제20조제1항제6호 및 시행규칙 제24조에 따르면, 물품·용역의 경우 행정안전부령으로 정하는 금액(3.3억원) 미만인 계약에 대해 지역 제한이 가능합니다. 본 건의 추정가격(188,062,728원)은 기준 금액인 330,000,000원 미만이므로 법령을 위반하지 않은 적정한 지역제한입니다.",True,,16579,251
PPS-DEV-14,v7,0,0,TN,0,markdown_code_fence;comparison_not_string,stop,지방자치단체를 당사자로 하는 계약에 관한 법률 시행령 제20조제1항제6호 및 시행규칙 제24조,330000000,188062728,"지방자치단체를 당사자로 하는 계약에 관한 법률 시행령 제20조제1항제6호 및 시행규칙 제24조에 따르면, 일반용역의 경우 행정안전부령으로 정하는 금액(3억 3천만원) 미만인 계약에 대해 지역제한이 가능하며, 본 공고의 입찰추정가격은 188,062,728원으로 기준 금액 미만입니다.","본 공고는 지방계약법을 적용받는 일반용역으로, 지역제한 기준이 되는 금액은 행정안전부령에 따라 3억 3천만원입니다. 해당 공고의 입찰추정가격(188,062,728원)은 기준 금액인 3억 3천만원 미만이므로, 전북특별자치도로 지역을 제한한 것은 법령 위반이 아닙니다.",False,,17132,284
PPS-DEV-15,v4,0,1,FP,1,markdown_code_fence;comparison_not_string,stop,[지방자치단체를 당사자로 하는 계약에 관한 법률 시행령] 제20조제1항제5호 및 [지방자치단체 입찰 및 계약 집행기준] 제4장 제1절,230000000,33409091,"입찰추정가격 33,409,091원 (물품/용역), 최근 3년간 학교 간식 납품 실적 요구","지방자치단체 계약에서 용역의 실적을 기준으로 입찰 참가 자격을 제한하려면, 해당 용역의 추정가격이 재정경제부장관이 정하여 고시한 금액(고시금액: 2억 3천만 원) 이상이어야 합니다. 본 공고의 입찰추정가격은 33,409,091원으로 고시금액인 2억 3천만 원에 미달하므로, 실적을 통한 입찰 참가 자격 제한을 할 수 없습니다.",False,,15544,251
PPS-DEV-15,v5,0,0,TN,1,markdown_code_fence;comparison_not_string,stop,지방자치단체 입찰 및 계약 집행기준 제4장 제2절,500000000,33409091,"입찰추정가격 33,409,091원 (또는 배정예산 36,750,000원)","지방자치단체 입찰 및 계약 집행기준에 따르면 물품/용역의 경우 추정가격 5억원 미만 시 시·도(세종시 제외) 일반용역·물품에 대해 지역제한이 가능합니다. 본 공고의 추정가격은 약 3,341만원으로 기준금액인 5억원 미만에 해당하므로 충청북도 지역제한 설정은 법령 위반이 아닙니다.",False,,16086,201
PPS-DEV-15,v6,0,0,TN,1,markdown_code_fence;threshold_not_number_or_null,stop,지방자치단체를 당사자로 하는 계약에 관한 법률 시행령 제20조제1항제6호 및 시행규칙 제24조제2호,"500,000,000","33,409,091","다. 본 입찰은 단가입찰(예정가격이하 최저가 적용), 지역제한, 제한경쟁입찰입니다. (입찰추정가격: 33,409,091원)","본 공고는 지역제한을 적용하고 있으며, 지방자치단체 계약법령상 물품/용역의 지역제한 기준 금액은 추정가격 5억원(행정안전부 고시 금액) 미만인 경우 해당 시·도로 제한이 가능합니다. 본 건의 추정가격(33,409,091원)은 기준 금액인 5억원 미만에 해당하므로 충청북도 지역제한 설정은 법령을 위반하지 않았습니다.",False,,18016,278
PPS-DEV-15,v7,0,0,TN,1,markdown_code_fence;comparison_not_string,stop,지방자치단체를 당사자로 하는 계약에 관한 법률 시행령 제20조제1항제6호 및 지방자치단체 입찰 및 계약 집행기준,334000000,33409091,"입찰추정가격 33,409,091원 (물품)","본 공고는 충청북도 지역제한 입찰이며, 추정가격이 33,409,091원으로 지방자치단체 입찰 및 계약 집행기준상 지역제한 범위(물품/용역의 경우 행정안전부장관이 고시한 금액 미만) 내에 해당하므로 지역제한 설정은 적법함.",False,,18569,189
PPS-DEV-16,v4,0,1,FP,1,markdown_code_fence;comparison_not_string,stop,지방자치단체를 당사자로 하는 계약에 관한 법률 시행령 제20조제1항제5호 및 지방자치단체 입찰 및 계약 집행기준 제4장 제2절,230000000,137454545,"해당 용역규모 금액(부가가치세 제외): 금137,454,545원","지방자치단체 입찰 및 계약 집행기준에 따르면, 용역의 경우 추정가격이 고시금액(2억 3천만 원) 이상인 경우에만 실적 제한이 가능합니다. 본 건의 추정가격은 137,454,545원으로 고시금액인 230,000,000원 미만임에도 불구하고, '해당 용역규모 금액(부가가치세 제외): 금137,454,545원'과 같이 실적을 제한하고 있어 법령 위반에 해당합니다.",True,,14875,254
PPS-DEV-16,v5,0,0,TN,1,markdown_code_fence;comparison_not_string,stop,지방자치단체를 당사자로 하는 계약에 관한 법률 시행령 제20조제1항제6호 및 시행규칙 제24조,330000000,137454545,"입찰추정가격 137,454,545원","지방자치단체 계약에서 용역의 경우 지역제한을 위한 기준 금액은 행정안전부령으로 정하는 금액(3.3억원) 미만이어야 한다. 본 건의 추정가격은 137,454,545원으로 기준 금액인 330,000,000원 미만에 해당하므로 지역제한(충청남도) 설정은 법령상 적절하다.",False,,15417,200
PPS-DEV-16,v6,0,0,TN,1,markdown_code_fence;comparison_not_string,stop,지방자치단체를 당사자로 하는 계약에 관한 법률 시행령 제20조제1항제6호 및 지방자치단체 입찰 및 계약 집행기준,151200000,151200000,"추정가격 137,454,545원 (기초금액 151,200,000원 기준)","본 공고는 지역제한(충청남도)을 적용하고 있으며, 지방자치단체 입찰 및 계약 집행기준에 따르면 일반용역의 경우 행정안전부장관이 고시한 금액 미만 시 시·도로 제한이 가능합니다. 해당 용역의 추정가격(137,454,545원)은 관련 법령 및 고시 금액 기준 내에 있으므로 지역제한 설정은 적법합니다.",False,,17347,223
PPS-DEV-16,v7,0,0,TN,1,markdown_code_fence,stop,지방자치단체를 당사자로 하는 계약에 관한 법률 시행령 제20조제1항제6호 및 시행규칙 제25조제3항,,"추정가격 137,454,545원 vs 행정안전부령 기준(고시금액 미만)",입찰참가자격에 '법인등기부상 본점소재지가 입찰공고일 전일 현재 충청남도 내에 있어야 하며'라고 명시되어 있음,"본 공고의 추정가격은 137,454,545원으로, 지방자치단체 입찰에서 지역제한을 할 수 있는 범위(용역의 경우 고시금액 미만) 내에 해당하며, 충청남도로 지역을 제한한 것은 법령상 적절함.",False,,17900,211
PPS-DEV-17,v4,0,,INVALID,1,not_strict_json,stop,,,,,,False,,14154,546
PPS-DEV-17,v5,0,1,FP,1,markdown_code_fence;comparison_not_string,stop,지방자치단체를 당사자로 하는 계약에 관한 법률 시행령 제20조제1항제6호 및 지방자치단체 입찰 및 계약 집행기준 제4장 제3절 1.나,330000000,309090909,라. 입찰업체는 입찰공고일 전일까지 검사가 완료된 최근 10년 이내 전화상담 위탁업무를 단독으로 3천만원 이상 수행한 실적(준공실적 기준)이 있는 업체이어야 합니다.,"본 공고는 지방자치단체 계약(지방계약법 적용)이며, 입찰 참가자격으로 '최근 10년 이내 3천만원 이상의 실적'을 요구하고 있습니다. 지방자치단체 입찰 및 계약 집행기준에 따르면, 지역제한 입찰 시 '지역제한'과 '중소기업자/소상공인' 등은 중복 제한이 가능하나, 실적(동일실적)과 다른 제한 사항을 중복하여 제한하는 것은 금지됩니다. 또한, 본 건의 추정가격(309,090,909원)은 지방계약법령상 지역제한 적용 가능 범위 내에 있으나, 실적 제한을 입찰 참가자격으로 명시하여 중복 제한의 원칙을 위반할 소지가 있습니다.",True,,14696,337
PPS-DEV-17,v6,0,0,TN,1,markdown_code_fence;comparison_not_string,stop,지방자치단체를 당사자로 하는 계약에 관한 법률 시행령 제20조제1항제6호 및 지방자치단체 입찰 및 계약 집행기준,330000000,309090909,입찰업체는 입찰공고일 전일까지 검사가 완료된 최근 10년 이내 전화상담 위탁업무를 단독으로 3천만원 이상 수행한 실적(준공실적 기준)이 있는 업체이어야 합니다.,"본 공고의 입찰참가자격 중 '최근 10년 이내 3천만원 이상의 실적' 제한은 지방자치단체 입찰 및 계약 집행기준에 따른 지역제한 또는 자격 제한의 범주 내에서 검토되었으나, 제공된 법령상 추정가격(309,090,909원)이 지역제한(시·도 단위)을 적용할 수 있는 기준 금액(3.3억원) 이내에 해당하므로, 실적 제한 조건이 입찰 참가 자격으로서 위반이라고 판단할 근거가 없습니다.",True,,16626,276
PPS-DEV-17,v7,0,0,TN,1,markdown_code_fence,stop,지방자치단체를 당사자로 하는 계약에 관한 법률 시행령 제20조제1항제6호 및 관련 규칙,,"309,090,909",라. 입찰업체는 입찰공고일 전일까지 검사가 완료된 최근 10년 이내 전화상담 위탁업무를 단독으로 3천만원 이상 수행한 실적(준공실적 기준)이 있는 업체이어야 합니다.,"해당 공고는 입찰참가자격으로 '최근 10년 이내 3천만원 이상의 실적'을 요구하고 있습니다. 지방계약법령상 입찰참가자격은 입찰 참가자의 자격(면허, 실적 등)을 제한할 수 있으나, 본 건의 경우 실적 기준이 '입찰참가자격' 항목에 포함되어 기술되어 있습니다. 다만, v7 기준(실적 제한의 적절성)에서 추정가격(309,090,909원) 대비 요구하는 실적 금액(30,000,000원)이 과도하게 낮아 법령 위반 여부를 검토하였으나, 실적 금액 제한 자체는 입찰참가자격의 범주 내에서 허용되는 수준이며, 특정 금액 이상의 실적을 요구하는 것이 입찰 참가 자격을 부당하게 제한하는 것으로 보기 어렵습니다.",True,,17179,339
PPS-DEV-18,v4,0,0,TN,0,markdown_code_fence;comparison_not_string,stop,지방자치단체를 당사자로 하는 계약에 관한 법률 시행령 제20조제1항제3호,230000000,204246000,"입찰추정가격 204,246,000원","해당 공고는 물품 구매 계약으로, 지방계약법 시행령 제20조제1항제3호에 따라 특수한 설비 또는 기술이 요구되는 물품제조계약의 경우 추정가격이 재정경제부장관이 정하여 고시한 금액(2억 3천만 원) 이상이어야 실적 제한이 가능함. 본 건의 입찰추정가격은 204,246,000원으로 고시금액인 2억 3천만 원 미만이므로, 실적에 의한 자격 제한을 적용할 수 없는 대상임. 다만, 본 공고는 실적 제한이 아닌 지역 및 업종 제한을 적용하고 있으므로 법령 위반에 해당하지 않음.",False,,9643,261
PPS-DEV-18,v5,0,0,TN,1,markdown_code_fence,stop,지방자치단체를 당사자로 하는 계약에 관한 법률 시행령 제20조제1항제6호 및 시행규칙 제24조제2호,500000000,204246000,"입찰추정가격 204,246,000원 (추정가격이 5억 원 미만임)","본 공고는 지방정부 소관의 물품 구매 입찰로, 지역제한(강원특별자치도)을 적용하고 있습니다. 지방계약법령상 물품의 제조·구매 등은 추정가격이 5억 원 미만인 경우 지역제한이 가능하며, 본 건의 추정가격은 204,246,000원으로 기준 금액(5억 원) 미만에 해당하므로 지역제한 설정은 법령 위반이 아닙니다.",False,,10185,228
PPS-DEV-18,v6,0,0,TN,1,markdown_code_fence;comparison_not_string,stop,지방자치단체를 당사자로 하는 계약에 관한 법률 시행령 제20조제1항제6호 및 시행규칙 제24조제2호나목,500000000,204246000,"입찰추정가격 204,246,000원","지방자치단체 물품 구매 입찰에서 지역제한은 해당 시·도 관할구역 내 소재한 자로 제한할 수 있으며, 본 공고의 추정가격(204,246,000원)은 행정안전부령으로 정하는 고시금액 기준(5억원) 미만이므로 법령 위반 사항이 없음.",False,,12115,190
PPS-DEV-18,v7,0,0,TN,1,markdown_code_fence;comparison_not_string,stop,지방자치단체를 당사자로 하는 계약에 관한 법률 시행령 제20조제1항제6호 및 시행규칙 제24조,500000000,204246000,"입찰추정가격 204,246,000원, 지역제한 강원특별자치도","지방자치단체 물품/용역의 지역제한 기준 금액은 행정안전부장관이 고시한 금액(5억원) 미만인 경우 가능하며, 본 건의 추정가격(204,246,000원)은 해당 기준 내에 있으므로 지역제한(강원특별자치도) 설정은 적법함.",False,,12668,193
PPS-DEV-19,v4,0,0,TN,0,markdown_code_fence;comparison_not_string,stop,(계약예규) 정부 입찰·계약 집행기준 제2장 제5조제1항,168410000,168410000,추정가격 1억원이상 고시금액 미만 물품·용역(중소기업자),"해당 공고는 추정가격이 168,410,000원으로, 고시금액(230,000,000원) 미만인 물품 제조/용역 계약에 해당합니다. (계약예규) 정부 입찰·계약 집행기준 제2장 제5조제1항 단서에 의거, 추정가격이 고시금액 미만인 제조 또는 용역계약의 경우에는 실적으로 경쟁참가자의 자격을 제한할 수 없으나, 본 공고의 입찰참가자격은 실적이 아닌 '물품 등록 여부(제조 또는 공급물품)', '본점 소재지(지역)', '소기업·소상공인 확인서 소지 여부'로 구성되어 있으므로 법령 위반에 해당하지 않습니다.",False,,11415,282
PPS-DEV-19,v5,0,0,TN,1,markdown_code_fence;threshold_not_number_or_null,stop,국가계약법 시행령 제21조제1항제6호 및 시행규칙 제24조제2항제2호,"230,000,000원","168,410,000원","입찰추정가격 168,410,000원 (추정가격은 고시금액 2억 3천만 원 미만)","본 공고는 국가계약법을 적용받는 물품 구매 입찰로, 추정가격이 168,410,000원이다. 관련 법령(국가계약법 시행규칙 제24조제2항제2호)에 따라 물품의 경우 고시금액(2억 3천만 원) 미만인 경우 지역제한이 가능하다. 본 공고에서 충청북도 지역제한을 설정한 것은 추정가격이 고시금액 미만이므로 법령을 준수하고 있다.",False,,11957,276
PPS-DEV-19,v6,0,0,TN,1,markdown_code_fence;threshold_not_number_or_null,stop,국가를 당사자로 하는 계약에 관한 법률 시행령 제21조제1항제6호 및 시행규칙 제24조제2항,"230,000,000원","168,410,000원","입찰추정가격 168,410,000원","국가계약법 적용 시 물품의 제조·구매 및 용역의 경우 고시금액(2억 3천만 원) 미만인 계약에 대해 지역제한이 가능함. 본 공고의 추정가격은 168,410,000원으로 고시금액인 230,000,000원 미만에 해당하므로 충청북도 지역제한 설정은 법령 위반이 아님.",False,,13887,212
PPS-DEV-19,v7,0,0,TN,1,markdown_code_fence;comparison_not_string,stop,국가를 당사자로 하는 계약에 관한 법률 시행령 제21조제1항제6호 및 시행규칙 제24조제2항제2호,230000000,168410000,"입찰추정가격 168,410,000원, 물품(내자)","국가계약법령상 물품의 경우 고시금액(2억 3천만 원) 미만인 경우 지역제한이 가능하며, 본 건의 추정가격(168,410,000원)은 고시금액 미만에 해당하므로 충청북도 지역제한 설정은 적법함.",False,,14440,189
PPS-DEV-20,v4,0,0,TN,0,markdown_code_fence;comparison_not_string,stop,지방자치단체를 당사자로 하는 계약에 관한 법률 시행령 제20조제1항제5호 및 지방자치단체 입찰 및 계약 집행기준 제4장,230000000,118736000,"지방자치단체를 당사자로 하는 계약에 관한 법률 시행령 제20조제1항제5호에 따르면, 특수한 기술이 요구되는 용역계약의 경우 해당 용역계약의 추정가격이 재정경제부장관이 고시한 금액 이상이어야 제한이 가능함. 고시금액(물품 및 용역)은 2억 3천만 원임. 본 공고의 추정가격은 118,736,000원으로 고시금액인 230,000,000원 미만임. 또한 지방자치단체 입찰 및 계약 집행기준 제4장 제2절에 따르면, 추정가격이 고시금액 미만인 제조 또는 용역계약의 경우에는 실적으로 경쟁참가자의 자격을 제한하여서는 아니 됨. 다만, 본 공고는 실적 제한이 아닌 '업종 제한(상·하수도설비공사업)' 및 '지역 제한(서울특별시)'을 적용하고 있으며, 이는 실적 제한 위반과는 무관함.","본 공고는 추정가격이 고시금액(2.3억) 미만인 용역이나, 실적을 통한 자격 제한을 수행하지 않고 업종 및 지역 제한을 수행하고 있으므로 법령 위반에 해당하지 않음.",False,,9505,384
PPS-DEV-20,v5,0,0,TN,1,markdown_code_fence;comparison_not_string,stop,지방자치단체를 당사자로 하는 계약에 관한 법률 시행규칙 제24조 제2항 제2호 나목,330000000,118736000,"추정가격 118,736,000원 (용역)","본 공고는 지방계약법을 적용받는 일반용역 입찰로, 지역제한을 위한 본점 소재지 제한 기준은 행정안전부령(시행규칙 제24조)에 따라 고시금액(3.3억원) 미만인 경우에 해당한다. 공고의 추정가격(118,736,000원)은 기준금액인 3.3억원 미만이므로 서울특별시로 지역제한을 설정한 것은 법령상 위반이 아니다.",False,,10047,217
PPS-DEV-20,v6,0,0,TN,0,markdown_code_fence;threshold_not_number_or_null,stop,지방자치단체를 당사자로 하는 계약에 관한 법률 시행령 제20조제1항제6호 및 지방자치단체 입찰 및 계약 집행기준,"330,000,000","118,736,000","추정가격 118,736,000원, 지역제한(서울특별시)","본 공고의 추정가격은 118,736,000원으로, 지방자치단체 입찰 및 계약 집행기준상 일반용역의 지역제한 기준 금액(행정안전부장관이 고시한 고시금액 미만 시·도 제한) 범위 내에 해당하며, 서울특별시로 지역을 제한한 것은 법령 위반이 아니다.",False,,11977,200
PPS-DEV-20,v7,0,0,TN,0,markdown_code_fence;comparison_not_string,stop,지방자치단체를 당사자로 하는 계약에 관한 법률 시행규칙 제24조 제2호,330000000,118736000,"추정가격 118,736,000원","본 공고는 일반용역(섬유디스크필터 세척 용역)으로, 지방자치단체 계약에서 지역제한을 위한 기준 금액은 행정안전부령으로 정하는 금액을 따릅니다. 관련 법령(지방자치단체 입찰 및 계약 집행기준)에 따르면 일반용역의 경우 행정안전부장관이 고시한 금액(3.3억원) 미만인 경우 지역제한이 가능합니다. 본 건의 추정가격은 118,736,000원으로 기준 금액인 330,000,000원 미만에 해당하므로 서울특별시로의 지역제한은 적법합니다.",False,,12530,244
PPS-DEV-21,v4,0,0,TN,0,markdown_code_fence;comparison_not_string,stop,지방자치단체를 당사자로 하는 계약에 관한 법률 시행령 제20조제1항제3호 및 제5호,230000000,31740110,"추정가격 31,740,110원","해당 공고는 물품(내자) 구매 건으로, 지방계약법령상 특수한 설비 또는 기술이 요구되는 물품제조계약의 경우 추정가격이 재정경제부장관이 정하여 고시한 금액(물품 및 용역 2억 3천만 원) 이상이어야 실적 제한이 가능함. 본 건의 추정가격은 31,740,110원으로 고시금액 미만이며, 현재 공고문상 별도의 실적 제한을 통한 입찰 참가 자격 제한 사항이 발견되지 않으므로 법령 위반에 해당하지 않음.",False,,8718,236
PPS-DEV-21,v5,0,0,TN,1,markdown_code_fence;output_keys_differ;comparison_not_string,stop,지방자치단체를 당사자로 하는 계약에 관한 법률 시행규칙 제24조 제2호 나목,500000000,31740110,나. 광주광역시 지역제한(지사투찰 불허)입니다. ... 법인등기부상 본점 소재지(개인사업자인 경우에는 사업자등록증 또는 관련 법령에 따른 허가·인가·면허·등록·신고 등에 관련된 서류에 기재된 사업장의 소재지를 말한다. 이하 같다)를 계속 광주광역시에 두어야 합니다.,"본 공고는 지방계약법을 적용받는 물품 구매 건으로, 지역제한 기준은 추정가격이 행정안전부장관이 고시한 금액(5억원) 미만인 경우 해당 시·도 관할구역 내로 제한할 수 있습니다. 현재 추정가격은 31,740,110원으로 기준 금액인 5억 원 미만에 해당하며, 광주광역시로 지역을 제한한 것은 법령상 적절한 제한입니다.",False,,9260,277
PPS-DEV-21,v6,0,0,TN,0,markdown_code_fence,stop,지방자치단체를 당사자로 하는 계약에 관한 법률 시행령 제30조 및 지방자치단체 입찰 및 계약 집행기준,,"추정가격 31,740,110원 (광주광역시 지역제한)",나. 광주광역시 지역제한(지사투찰 불허)입니다. ... 법인 등기사항 증명서상 본점 소재지(개인사업자인 경우에는 사업자등록증 또는 관련 법령에 따른 허가·인가·면허·등록·신고 등에 관련된 서류에 기재된 사업장의 소재지)를 계속 광주광역시에 두어야 합니다.,"본 공고는 추정가격 31,740,110원의 물품 구매 수의계약으로, 지방자치단체 입찰 및 계약 집행기준에 따라 지역제한이 가능하며, 공고문 상의 '광주광역시 지역제한' 설정은 법령 위반 사항이 발견되지 않습니다.",False,,11190,243
PPS-DEV-21,v7,0,0,TN,0,markdown_code_fence;comparison_not_string,stop,"지방자치단체를 당사자로 하는 계약에 관한 법률 시행령 제20조 및 제30조, 지방자치단체 입찰 및 계약 집행기준",31740110,31740110,"추정가격 31,740,110원 (물품/용역 수의계약)","본 공고는 지방계약법을 적용받는 수의계약 건으로, 추정가격이 31,740,110원이다. 지방자치단체 입찰 및 계약 집행기준에 따르면 물품/용역의 경우 추정가격 1억원 이하인 경우 지정정보처리장치를 이용한 2인 이상 견적 제출 방식이 가능하다. 또한, 지역제한(광주광역시)은 지방자치단체 입찰 및 계약 집행기준 제4장 제2절 및 제5장 제3절에 따라 적절하게 설정되어 있으며, 법령상 제한 금액 미만인 범위 내에 있으므로 위반 사항이 없다.",False,,11743,255
PPS-DEV-22,v4,0,0,TN,0,markdown_code_fence,stop,지방자치단체를 당사자로 하는 계약에 관한 법률 시행령 제20조제1항제3호,230000000,72727273,"입찰추정가격 72,727,273원","본 공고는 물품구매(내자) 계약으로, 지방계약법 시행령 제20조제1항제3호에 따라 물품제조 실적 등으로 자격을 제한하려면 추정가격이 재정경제부장관이 고시한 금액(물품 및 용역의 경우 2억 3천만 원) 이상이어야 합니다. 현재 본 공고의 입찰추정가격은 72,727,273원으로 고시금액인 230,000,000원 미만이므로, 실적을 통한 자격 제한을 적용할 수 없는 대상입니다. 다만, 본 공고는 실적 제한이 아닌 지역(인천광역시) 및 물품 등록 여부로 자격을 제한하고 있으므로 법령 위반에 해당하지 않습니다.",False,,8344,271
PPS-DEV-22,v5,0,0,TN,1,markdown_code_fence;comparison_not_string,stop,지방자치단체를 당사자로 하는 계약에 관한 법률 시행규칙 제24조 제2항 제2호 나목,500000000,72727273,"입찰추정가격 72,727,273원, 지역제한(인천광역시) 적용","지방자치단체 물품 구매 계약에서 지역제한을 적용하기 위한 추정가격 기준은 행정안전부장관이 고시한 금액(서울특별시, 부산광역시 또는 인천광역시의 각 관할구역 안의 군·구는 5억원)을 기준으로 한다. 본 공고의 추정가격은 72,727,273원으로, 지역제한 적용이 가능한 금액 범위 내에 있으므로 법령 위반이 아니다.",False,,8886,206
PPS-DEV-22,v6,0,0,TN,0,markdown_code_fence;threshold_not_number_or_null,stop,지방자치단체를 당사자로 하는 계약에 관한 법률 시행령 제20조제1항제6호 및 지방자치단체 입찰 및 계약 집행기준,"500,000,000","72,727,273","입찰추정가격 72,727,273원, 지역제한 인천광역시","본 공고의 추정가격은 72,727,273원으로, 지방자치단체 입찰 및 계약 집행기준에 따른 물품/용역 지역제한 기준인 5억원(또는 행정안전부 고시 금액) 미만에 해당하며, 인천광역시로 지역을 제한한 것은 법령상 적절한 제한 범위 내에 있음.",False,,10816,196
PPS-DEV-22,v7,0,0,TN,0,markdown_code_fence;comparison_not_string,stop,지방자치단체를 당사자로 하는 계약에 관한 법률 시행규칙 제24조 및 제25조,500000000,72727273,나. 입찰공고일 전일[...]부터 입찰일까지 그 주된 영업소의 소재지가 인천광역시 내에 있어야 하며[...],"본 공고의 추정가격은 72,727,273원으로, 지방계약법 시행규칙 제24조 제2호 가목에 따른 물품 제조·구매 등의 지역제한 기준 금액인 5억 원(인천광역시 관할구역 기준) 미만에 해당하므로, 인천광역시로 지역제한을 설정한 것은 법령상 적절함.",False,,11369,192
PPS-DEV-23,v4,0,0,TN,0,markdown_code_fence;comparison_not_string,stop,지방자치단체를 당사자로 하는 계약에 관한 법률 시행령 제20조제1항제3호,230000000,136681818,"본 입찰은 중기간경쟁제품인 드론을 요구하지만, 수요기관의 특별한 사정으로 인하여 사업에서 요구되는 규격이 특정한 기술을 필요로 하므로 ｢중소기업제품 구매촉진 및 판로지원에 관한 법률 시행령｣ 제7조제1항제4호 규정을 적용하여 직접생산확인품목에서 제외하고 일반물품으로 입찰공고합니다.","해당 공고는 특정한 기술이 요구되는 물품제조계약으로서, 지방계약법 시행령 제20조제1항제3호에 따라 입찰참가자격을 제한할 수 있습니다. 이때 제한 기준이 되는 고시금액(재정경제부장관이 정하여 고시하는 금액)은 물품 및 용역 기준 2억 3천만 원입니다. 본 건의 입찰추정가격은 136,681,818원으로 고시금액인 230,000,000원 미만이나, 수요기관이 특정한 기술이 필요하다고 판단하여 직접생산확인품목에서 제외하고 일반물품으로 공고한 것은 법령상 허용되는 절차이며, 추정가격이 고시금액 미만이라 하더라도 특수 기술 요구에 따른 제한경쟁의 성격이 있으므로 위반으로 보기 어렵습니다.",True,,10547,377
PPS-DEV-23,v5,0,0,TN,1,markdown_code_fence;comparison_not_string,stop,지방자치단체를 당사자로 하는 계약에 관한 법률 시행규칙 제24조 제2호 나목,500000000,136681818,"입찰추정가격 136,681,818원, 지역제한(인천광역시) 적용","본 공고는 추정가격이 136,681,818원으로, 지방자치단체 계약 시행규칙 제24조 제2호 나목에 따른 지역제한 기준 금액인 5억 원(또는 인천광역시 관할구역 내 5억 원) 미만에 해당하므로, 인천광역시에 본점 소재지를 둔 업체로 지역 제한을 설정한 것은 법령상 적절한 조치로 판단되어 위반 사항이 없습니다.",False,,11089,210
PPS-DEV-23,v6,0,0,TN,0,markdown_code_fence;comparison_not_string,stop,지방자치단체를 당사자로 하는 계약에 관한 법률 시행령 제20조제1항제6호 및 시행규칙 제24조제2호,500000000,136681818,"입찰추정가격 136,681,818원, 지역제한(인천광역시) 적용","본 공고는 지방자치단체 계약으로, 지역제한 입찰 시 물품의 제조·구매의 경우 행정안전부령으로 정하는 금액(고시금액) 미만인 경우에 한하여 지역 제한이 가능함. 관련 법령(지방계약법 시행규칙 제24조제2호나목)에 따르면 물품의 제조·구매 등의 경우 고시금액(5억원) 미만인 계약에 대해 지역 제한이 가능함. 본 건의 추정가격은 136,681,818원으로 고시금액인 5억원 미만에 해당하므로 인천광역시로 지역을 제한한 것은 법령 위반이 아님.",False,,13019,269
PPS-DEV-23,v7,0,0,TN,1,markdown_code_fence;threshold_not_number_or_null,stop,지방자치단체를 당사자로 하는 계약에 관한 법률 시행령 제20조제1항제6호 및 지방자치단체 입찰 및 계약 집행기준,"500,000,000","136,681,818","입찰추정가격 136,681,818원, 지역제한(인천광역시) 적용","본 공고의 입찰추정가격은 136,681,818원으로, 지방자치단체 물품/용역 지역제한 기준 금액인 5억원(행정안전부 고시 금액 기준) 미만에 해당하여 인천광역시로의 지역제한은 법령상 적정함.",False,,13572,190
PPS-DEV-24,v4,0,0,TN,0,markdown_code_fence,stop,(계약예규) 정부 입찰·계약 집행기준 제2장 제5조제1항,225000000,454545455,"추정가격 454,545,455원 (입찰추정가격 기준)","본 공고는 일반용역(정보보안·개인정보보호)이며, 적용 법령인 국가계약법에 따른 고시금액(물품 및 용역 2억 3천만 원) 이상인 계약입니다. 정부 입찰·계약 집행기준에 따르면 용역의 경우 추정가격의 1배 이내에서 실적을 제한할 수 있으나, 현재 제공된 데이터상으로는 입찰참가자격을 제한하는 구체적인 '실적(경험)'에 대한 제한 조건이 명시되어 있지 않으므로 법령 위반 사항이 발견되지 않았습니다.",False,,6918,233
PPS-DEV-24,v5,0,0,TN,0,markdown_code_fence;threshold_not_number_or_null,stop,국가를 당사자로 하는 계약에 관한 법률 시행령 제21조제1항제6호 및 시행규칙 제24조제2항제2호,"230,000,000","454,545,455","입찰추정가격 454,545,455원","본 공고는 국가계약법을 적용받는 일반용역으로, 추정가격이 재정경제부장관이 고시한 금액(물품 및 용역 2억 3천만 원)을 초과하므로 지역제한(본점 소재지 제한)을 적용할 수 없는 대상입니다. 다만, 현재 공고상에는 지역제한 여부가 'N'으로 되어 있고 면허업종 제한만 존재하므로 법령 위반 사항이 없습니다.",False,,7460,214
PPS-DEV-24,v6,0,0,TN,0,markdown_code_fence;comparison_not_string,stop,국가를 당사자로 하는 계약에 관한 법률 시행령 제21조제1항제6호 및 시행규칙 제24조제2항,230000000,454545455,"입찰추정가격 454,545,455원","본 공고는 국가계약법을 적용받는 일반용역으로, 추정가격이 454,545,455원이다. 국가계약법 시행규칙 제24조제2항에 따르면 물품·용역의 경우 고시금액(2억 3천만 원)을 기준으로 제한사항을 정하도록 되어 있다. 현재 공고상에는 지역제한(지역제한여부: N)에 대한 별도의 제한이 없으므로 법령 위반 사항이 발견되지 않는다.",False,,9390,220
PPS-DEV-24,v7,0,0,TN,0,markdown_code_fence;comparison_not_string,stop,국가를 당사자로 하는 계약에 관한 법률 시행령 제21조제1항제6호 및 시행규칙 제24조제2항,230000000,454545455,"입찰추정가격 454,545,455원 (국가계약법 적용, 일반용역)","본 공고는 국가계약법을 적용받는 일반용역 사업으로, 추정가격이 454,545,455원이다. 국가계약법상 물품 및 용역의 국제입찰 대상 기준인 고시금액(2억 3천만 원)을 초과하므로, 지역제한(지역제한여부 N) 설정에 대한 법적 위반 사항이 발견되지 않는다.",False,,9943,211
PPS-DEV-25,v4,0,0,TN,0,markdown_code_fence;threshold_not_number_or_null,stop,지방자치단체를 당사자로 하는 계약에 관한 법률 시행령 제20조제1항제5호 및 시행규칙 제25조제2항,"230,000,000원","300,000,000원","입찰공고일 기준 최근 10년 이내 국가 · 지방자치단체 · 정부투자 기관, 지방공기업 · 지방자치단체출연법인 등 공공기관 및 민간부분에서 발주한 4차 산업 분야(코딩, AI 등)의 체험 · 행사 · 교육 사업 등 본 사업과 유사한 사업의 단일 계약 건으로 3억원(부가세 포함) 이상의 사업을 수행(완료)한 업체","용역 실적 제한을 설정할 때, 지방계약법령상 용역의 경우 추정가격이 재정경제부장관이 정하여 고시한 금액(물품 및 용역 2억 3천만 원) 이상인 경우에만 실적 제한이 가능함. 본 건의 추정가격은 1,136,363,636원으로 고시금액 이상이나, 실적 제한 기준인 '단일 계약 건 3억 원 이상'은 해당 계약 목적물의 추정가격(1,136,363,636원)의 1배 이내 범위에 해당하므로 법령 위반이 아님.",False,,12110,341
PPS-DEV-25,v5,0,0,TN,1,markdown_code_fence;threshold_not_number_or_null,stop,지방자치단체를 당사자로 하는 계약에 관한 법률 시행령 제20조제1항제6호 및 지방자치단체 입찰 및 계약 집행기준 제4장,"500,000,000","1,136,363,636","입찰추정가격 1,136,363,636원","본 공고는 지방자치단체가 당사자인 일반용역(제한경쟁)으로, 입찰참가자격 제한 사항 중 '최근 10년 이내 유사 사업 단일 계약 건으로 3억원(부가세 포함) 이상의 사업을 수행(완료)한 업체'라는 실적 제한을 두고 있다. 지방자치단체 입찰 및 계약 집행기준에 따르면, 지역제한 및 본점 소재지 제한은 추정가격이 행정안전부령으로 정하는 금액(용역의 경우 5억원 또는 고시금액) 미만인 경우에 적용 가능하나, 본 건은 추정가격이 약 11.36억원으로 해당 기준을 초과하므로 실적 및 자격 제한의 적절성을 검토해야 한다. 다만, 현재 추출된 근거상으로는 실적 제한(3억원 이상)이 법령상 금지된 중복 제한(실적+기술 등)에 해당하지 않으며, 추정가격이 고시금액을 초과하더라도 실적 제한 자체는 입찰 참가 자격의 요건으로 구성될 수 있으므로 위반으로 판단되지 않는다.",False,,12652,367
PPS-DEV-25,v6,0,0,TN,1,markdown_code_fence;threshold_not_number_or_null,stop,지방자치단체를 당사자로 하는 계약에 관한 법률 시행령 제20조제1항제6호 및 시행규칙 제24조,"330,000,000","1,136,363,636","입찰추정가격 1,136,363,636원","본 공고는 지역제한 여부가 'N'으로 설정되어 있으나, 추출된 내용상 지역제한에 대한 명시적 제한 규정이 확인되지 않으며, 추정가격이 1,136,363,636원으로 지방자치단체 입찰 시 지역제한이 가능한 금액 기준(용역의 경우 3.3억원 또는 5억원 등)을 초과하므로 지역제한을 적용할 수 없는 대상임. 다만, 현재 메타데이터상 지역제한 여부가 'N'이므로 법령 위반으로 판단되지 않음.",False,,14582,239
PPS-DEV-25,v7,0,0,TN,1,markdown_code_fence,stop,지방자치단체를 당사자로 하는 계약에 관한 법률 시행령 제20조제1항제6호 및 시행규칙 제24조,,"1,136,363,636원 vs 5억원","입찰추정가격 1,136,363,636원, 지역제한여부 N","본 공고는 지역제한을 적용하지 않는 '지역제한여부 N' 상태이며, 입찰추정가격(1,136,363,636원)이 지방계약법령상 지역제한 대상 금액 기준(일반용역 5억원 등)을 초과하므로 지역제한을 설정하지 않은 것은 법령 위반이 아님.",False,,15135,199
PPS-DEV-26,v4,0,0,TN,1,markdown_code_fence;comparison_not_string,stop,(구) 정부 입찰·계약 집행기준 제2장 제5조제1항,230000000,18181818,"추정가격 18,181,818원","제공된 입찰공고의 추정가격은 18,181,818원으로, (구) 정부 입찰·계약 집행기준 및 관련 법령에 따른 용역 실적 제한 가능 기준 금액인 고시금액(2억 3천만 원) 미만입니다. 해당 지침에 따르면 추정가격이 고시금액 미만인 제조 또는 용역계약의 경우에는 실적으로 경쟁참가자의 자격을 제한하여서는 안 되나, 본 공고는 실적 제한을 명시적으로 요구하고 있지 않으므로 위반 사항이 없습니다.",False,,11811,216
PPS-DEV-26,v5,0,0,TN,0,markdown_code_fence;comparison_not_string,stop,국가를 당사자로 하는 계약에 관한 법률 시행령 제21조제1항제6호 및 시행규칙 제24조제2항제2호,230000000,18181818,"입찰추정가격 18181818원, 물품 및 용역 고시금액 2억 3천만 원","본 공고의 입찰추정가격은 18,181,818원으로, 국가계약법령상 물품 및 용역의 고시금액인 2억 3천만 원 미만에 해당하므로 지역제한 및 기타 제한 사항에 대한 법적 위반 사항이 발견되지 않음.",False,,12353,192
PPS-DEV-26,v6,0,0,TN,0,markdown_code_fence;comparison_not_string,stop,국가를 당사자로 하는 계약에 관한 법률 시행령 제21조제1항제6호 및 시행규칙 제24조제2항,200000000,18181818,"입찰추정가격 18,181,818원","본 공고는 국가기관이 발주하는 일반용역으로, 적용 법령인 국가계약법 시행령 제21조제1항제6호 및 시행규칙 제24조제2항에 따른 지역제한 및 고시금액 기준을 검토함. 해당 법령상 물품·용역의 경우 고시금액(2억 3천만 원) 미만인 계약에 해당하며, 본 건의 추정가격(18,181,818원)은 고시금액 미만으로 지역제한 및 입찰 자격 제한에 위반사항이 없음.",False,,14283,237
PPS-DEV-26,v7,0,0,TN,0,markdown_code_fence,stop,국가를 당사자로 하는 계약에 관한 법률 시행령 제21조제1항,,,"입찰참가자격 등록, 나라장터 시스템 : 정부조달 콜센터(1588-0800)","해당 공고는 국가기관이 주관하는 일반용역 입찰로, 입찰참가자격 제한(지역제한 등)에 관한 명시적인 제한 사항이 공고 메타데이터(지역제한여부: N) 및 추출된 근거 내용에 나타나지 않으므로 법령 위반 사항이 없습니다.",True,,14836,155
PPS-DEV-27,v4,0,0,TN,1,markdown_code_fence;comparison_not_string,stop,지방자치단체를 당사자로 하는 계약에 관한 법률 시행령 제20조제1항제5호 및 지방자치단체 입찰 및 계약 집행기준 제4장,230000000,54545455,"입찰추정가격 54,545,455원","본 공고는 지방계약법을 적용받는 용역 입찰로, 특수한 기술이 요구되는 용역의 실적 제한을 하려면 해당 용역의 추정가격이 재정경제부장관이 고시하는 금액(물품 및 용역의 경우 2억 3천만 원) 이상이어야 합니다. 본 건의 추정가격은 54,545,455원으로 고시금액인 230,000,000원에 미달하므로, 실적을 통한 입찰참가자격 제한을 설정할 수 있는 기준에 해당하지 않으나, 현재 공고문상에는 실적 제한(금액 또는 규모)에 대한 구체적인 제한 사항이 명시되어 있지 않으므로 법령 위반에 해당하지 않습니다.",False,,13145,284
PPS-DEV-27,v5,0,0,TN,1,markdown_code_fence;comparison_not_string,stop,지방자치단체를 당사자로 하는 계약에 관한 법률 시행규칙 제24조 제2항 제2호 나목,500000000,54545455,"입찰추정가격 54,545,455원 (배정예산 60,000,000원)","본 공고는 지방자치단체가 체계하는 용역 계약으로, 지역제한을 적용하기 위한 기준 금액은 행정안전부령(지방자치단체 입찰 및 계약 집행기준 등)에 따라 인천광역시(광역시)의 경우 5억 원입니다. 현재 추정가격은 54,545,455원으로 기준 금액인 5억 원 미만에 해당하므로, 인천광역시에 본점을 둔 업체로 제한하는 것은 법령상 허용되는 범위 내의 적법한 지역제한입니다.",False,,13687,234
PPS-DEV-27,v6,0,0,TN,1,markdown_code_fence;threshold_not_number_or_null,stop,지방자치단체를 당사자로 하는 계약에 관한 법률 시행규칙 제24조 제2호,"330,000,000","54,545,455","입찰추정가격 54,545,455원","본 공고의 입찰추정가격은 54,545,455원으로, 지방자치단체 일반용역 지역제한 기준 금액인 3억 3천만 원 미만에 해당하므로 인천광역시로 지역 제한을 설정한 것은 법령 위반이 아닙니다.",False,,15617,159
PPS-DEV-27,v7,0,0,TN,1,markdown_code_fence,stop,지방자치단체를 당사자로 하는 계약에 관한 법률 시행령 제20조제1항제6호 및 시행규칙 제24조제2항,500000000,54545455,"입찰추정가격 54,545,455원 (배정예산 60,000,000원)","지방자치단체 계약에서 지역제한(본점 소재지 제한)을 적용할 수 있는 기준 금액은 용역의 경우 행정안전부령으로 정하는 금액 미만이어야 한다. 관련 법령 및 지침에 따르면 일반 용역의 경우 5억 원(또는 고시금액) 미만 시 지역제한이 가능하며, 본 건의 추정가격은 54,545,455원으로 해당 기준 금액 미만에 해당하므로 인천광역시로 지역을 제한한 것은 법령 위반이 아니다.",False,,16170,242
PPS-DEV-28,v4,0,1,FP,1,markdown_code_fence;comparison_not_string,stop,지방자치단체를 당사자로 하는 계약에 관한 법률 시행령 제20조제1항제5호 및 지방자치단체 입찰 및 계약 집행기준 제4장,290909091,110000000,"최근 3년 간 단일 건으로 11,000만원 이상의 완료 실적만 인정","본 공고는 추정가격이 약 2.9억 원으로, 지방계약법령상 특수한 기술이 요구되는 용역의 실적 제한을 하려면 추정가격이 고시금액(물품 및 용역 2억 3천만 원) 이상이어야 하나, 고시금액 미만인 상태에서 단일 건 1.1억 원 이상의 실적을 요구하여 입찰 참가 자격을 제한하고 있음. 또한, 용역 실적 제한 시 규모(양)가 아닌 금액으로 제한할 경우 계약목적물 추정가격의 1배 이내여야 하나, 실적의 범위를 특정 명칭의 실적으로 제한하여 경쟁을 제한할 소지가 있음.",True,,12890,270
PPS-DEV-28,v5,0,0,TN,1,markdown_code_fence;comparison_not_string,stop,지방자치단체를 당사자로 하는 계약에 관한 법률 시행규칙 제24조 제2항 제2호,500000000,290909091,"입찰추정가격 290,909,091원","해당 공고는 지방계약법을 적용받는 일반용역 사업으로, 지역제한 입찰을 위한 기준 금액(고시금액)은 5억 원(또는 행정안전부장고시금액)입니다. 현재 추정가격은 290,909,091원으로, 지역제한 기준 금액인 5억 원 미만에 해당하므로 지역제한 입찰이 가능하며, 입찰 참가 자격에 지역 제한을 두지 않은 것은 법령 위반이 아닙니다.",False,,13432,214
PPS-DEV-28,v6,0,0,TN,1,markdown_code_fence;comparison_not_string,stop,지방자치단체를 당사자로 하는 계약에 관한 법률 시행령 제20조제1항제6호 및 지방자치단체 입찰 및 계약 집행기준,330000000,290909091,"입찰추정가격 290,909,091원","본 공고의 입찰추정가격은 290,909,091원으로, 지방자치단체 일반용역의 지역제한 기준 금액인 3억 3천만 원 미만에 해당함. 따라서 지역제한을 적용하더라도 법령 위반 사항이 없음.",False,,15362,171
PPS-DEV-28,v7,0,0,TN,1,markdown_code_fence,stop,지방자치단체를 당사자로 하는 계약에 관한 법률 시행령 제20조제1항제6호 및 시행규칙 제24조,,"290,909,091원 < 330,000,000원","입찰추정가격 290,909,091원, 지방자치단체 관련 용역","해당 공고는 지방자치단체 출자출연기관이 발주하는 일반용역으로, 지방자치단체 입찰 및 계약 집행기준에 따르면 일반용역의 지역제한 기준 금액은 행정안전부장관이 고시한 금액(3.3억원) 미만인 경우에 해당한다. 본 건의 추정가격은 290,909,091원으로 고시금액인 330,000,000원 미만이므로 지역제한 설정이 가능하며, 추출된 근거상 지역제한(지역제한여부 N)에 대한 위반 사항이 발견되지 않는다.",False,,15915,263
PPS-DEV-29,v4,0,0,TN,0,markdown_code_fence,stop,지방자치단체를 당사자로 하는 계약에 관한 법률 시행령 제20조제1항제5호 및 지방자치단체 입찰 및 계약 집행기준 제4장,230000000,36118183,"추정가격 36,118,183원 (입찰추정가격 기준)","본 공고는 용역 계약으로, 지방자치단체 입찰 및 계약 집행기준에 따라 추정가격이 고시금액(2억 3천만 원) 미만인 경우 실적으로 경쟁참가자의 자격을 제한할 수 없으나, 본 건은 지역 제한(강원특별자치도) 및 업종 제한(건설폐기물 관련 업종)을 적용하고 있으며, 별도의 실적 제한(과거 수행 실적의 규모나 금액)을 입찰 참가 자격으로 요구하고 있지 않으므로 법령 위반에 해당하지 않음.",False,,9577,238
PPS-DEV-29,v5,0,0,TN,1,markdown_code_fence;comparison_not_string,stop,지방자치단체 입찰 및 계약 집행기준,330000000,37930000,"나. 용역금액: 금37,930,000원(추정가격 34,481,818원, 부가가치세 3,448,182원)","지방자치단체 입찰 및 계약 집행기준에 따르면 일반용역의 경우 행정안전부장관이 고시한 금액(3.3억 원) 미만일 때 지역제한이 가능하며, 본 건의 추정가격(34,481,818원)은 해당 기준 금액 미만이므로 지역제한 설정은 적법함.",True,,10119,195
PPS-DEV-29,v6,0,0,TN,1,markdown_code_fence;threshold_not_number_or_null,stop,지방자치단체를 당사자로 하는 계약에 관한 법률 시행령 제20조제1항제6호 및 지방자치단체 입찰 및 계약집행기준,행정안전부령으로 정하는 금액(용역의 경우 3.3억원/5억원 등),"36,118,183원",[수요기관(기초자치단체)|지역=r1]에 있는 업체 (법인등기부상 본점 소재지 제한),"본 공고는 추정가격 36,118,183원의 일반용역(소액수의)으로, 지방자치단체 입찰 및 계약집행기준에 따라 지역제한(강원특별자치도)을 설정하고 있습니다. 관련 법령상 용역의 경우 행정안전부령으로 정하는 금액(고시금액 등) 미만인 경우 지역제한이 가능하며, 본 건의 추정가격은 해당 기준 범위 내에 있으므로 법령 위반이 아닙니다.",False,,12049,250
PPS-DEV-29,v7,0,0,TN,1,markdown_code_fence,stop,지방자치단체를 당사자로 하는 계약에 관한 법률 시행령 제30조 및 제5장 수의계약 운영요령,,"추정가격 36,118,183원",[수요기관(기초자치단체)|지역=r1] 공고 [공고번호] 소액수의 용역계약 견적제출 안내공고,"본 공고는 지방자치단체 수의계약(소액수의) 건으로, 추정가격이 36,118,183원(부가가치세 포함 시 39,730,000원)인 일반용역입니다. 지방자치단체 수의계약 운영요령 및 관련 법령에 따르면, 추정가격 1억원 이하의 용역은 지정정보처리장치를 통한 2인 이상 견적 제출 방식의 대상이며, 지역제한(강원특별자치도) 설정은 적법한 절차입니다. 특별한 법령 위반 사항이 발견되지 않았습니다.",False,,12602,255
PPS-DEV-30,v4,0,0,TN,1,markdown_code_fence,stop,(구)정부 입찰·계약 집행기준 제2장 제5조제1항,230000000,500000000,"입찰추정가격 500,000,000원","해당 공고는 국가기관이 발주하는 일반용역(협상에 의한 계약)으로, 추정가격이 5억 원입니다. 관련 법령 및 고시금액에 따르면 용역의 경우 고시금액(2억 3천만 원) 이상인 경우 실적 제한이 가능하며, 실적 제한의 범위는 계약목적물의 1배 이내에서 정할 수 있습니다. 본 공고의 메타데이터 및 추출된 증빙 내용상 특정 실적을 요구하는 구체적인 제한 문구가 명시되어 있지 않으므로 법령 위반으로 판단할 근거가 없습니다.",False,,11692,226
PPS-DEV-30,v5,0,0,TN,1,markdown_code_fence,stop,국가를 당사자로 하는 계약에 관한 법률 시행령 제21조제1항제6호 및 시행규칙 제24조제2항,,"500,000,000","입찰추정가격 500,000,000원","해당 공고는 국가계약법을 적용받는 일반용역 입찰로, 지역제한 입찰의 기준이 되는 추정가격(5억 원)이 재정경제부령으로 정하는 고시금액(물품 및 용역의 경우 2억 3천만 원) 이상이므로, 지역제한을 적용할 수 있는 대상에 해당함. 또한, 추출된 근거 내용 중 평가표, 서식, 주소, 납품장소, 계약 후 조건 등은 입찰참가자격(지역제한 등)과 무관한 항목이므로 위반 사항이 없음.",False,,12234,232
PPS-DEV-30,v6,0,0,TN,0,markdown_code_fence,stop,국가를 당사자로 하는 계약에 관한 법률 시행령 제21조제1항제6호 및 시행규칙 제24조제2항,,"500,000,000","입찰추정가격 500,000,000원","본 공고의 입찰추정가격은 500,000,000원으로, 국가계약법상 물품·용역의 경우 지역제한을 위한 기준 금액(고시금액 2억 3천만 원)을 초과하므로 지역제한 입찰 대상이 아니나, 현재 메타데이터상 지역제한 여부가 'N'으로 되어 있어 법령 위반 사항이 발견되지 않음.",False,,14164,195
PPS-DEV-30,v7,0,0,TN,0,markdown_code_fence;comparison_not_string,stop,국가를 당사자로 하는 계약에 관한 법률 시행령 제21조제1항제6호 및 시행규칙 제24조제2항제2호,230000000,500000000,"입찰추정가격 500,000,000원","본 공고는 국가기관이 소관인 일반용역 계약으로, 국가계약법을 적용받는다. 국가계약법 시행규칙 제24조제2항제2호에 따르면 물품의 제조·구매 및 용역의 경우 고시금액(물품 및 용역 기준 2억 3천만 원) 미만인 경우에 지역제한이 가능하나, 본 건의 추정가격은 5억 원으로 고시금액인 2억 3천만 원을 초과한다. 따라서 지역제한을 적용할 수 있는 기준 금액을 초과하므로 법령 위반 사항이 없다.",False,,14717,246
PPS-DEV-31,v4,0,0,TN,1,markdown_code_fence;comparison_not_string,stop,지방자치단체를 당사자로 하는 계약에 관한 법률 시행령 제20조제1항제5호 및 지방자치단체 입찰 및 계약 집행기준,230000000,287339090,"추정가격 287,339,090원, 고시금액 230,000,000원","지방자치단체 용역 계약에서 실적 제한을 하기 위해서는 추정가격이 재정경제부장관이 정하여 고시한 금액(2억 3천만 원) 이상이어야 하나, 본 건의 추정가격(287,339,090원)은 고시금액 이상이므로 실적 제한이 가능함. 다만, 제공된 evidence상 '기준금액 : 287,339,090원'을 기준으로 실적을 요구하고 있으나, 이는 추정가격 범위 내의 적법한 제한으로 판단됨.",False,,11100,251
PPS-DEV-31,v5,0,0,TN,1,markdown_code_fence;comparison_not_string,stop,지방자치단체를 당사자로 하는 계약에 관한 법률 시행규칙 제24조 제2항 제2호 나목,500000000,287339090,"입찰추정가격 287,339,090원","지방자치단체 계약에서 일반용역의 지역제한을 위한 행정안전부령 기준 금액은 5억 원(지방자치단체 입찰 및 계약 집행기준 및 시행규칙에 의거)이나, 본 공고의 입찰추정가격은 287,339,090원으로 해당 기준 금액 미만에 해당하므로 지역제한(충청북도) 설정은 법령 위반이 아니다.",False,,11642,195
PPS-DEV-31,v6,0,0,TN,0,markdown_code_fence;comparison_not_string,stop,지방자치단체를 당사자로 하는 계약에 관한 법률 시행령 제20조제1항제6호 및 시행규칙 제24조제2항제2호,500000000,287339090,"입찰추정가격 287,339,090원","지방자치단체 입찰에서 일반용역의 경우, 행정안전부령으로 정하는 지역제한 기준 금액은 5억 원(또는 고시금액)이나, 본 건의 추정가격(287,339,090원)은 해당 기준 금액 미만에 해당하여 충청북도 지역제한 설정이 적법함.",False,,13572,190
PPS-DEV-31,v7,0,0,TN,1,markdown_code_fence;comparison_not_string,stop,지방자치단체를 당사자로 하는 계약에 관한 법률 시행령 제20조제1항제6호 및 시행규칙 제24조제2호,230000000,287339090,"입찰추정가격 287,339,090원","본 공고의 추정가격은 287,339,090원으로, 지방자치단체 입찰 및 계약 집행기준에 따른 일반용역 지역제한 기준 금액인 2억 3천만 원(고시금액)을 초과하여 설정되어 있으나, 법령상 지역제한의 기준이 되는 '행정안전부령으로 정하는 금액'은 용역의 경우 3억 3천만 원(건설기술용역 등) 또는 고시금액(2.3억)을 기준으로 판단함. 해당 건은 일반용역으로서 추정가격이 고시금액(2.3억)을 초과하므로 지역제한 적용 대상에 해당하며, 위반 사항 없음.",False,,14125,270
PPS-DEV-32,v4,0,0,TN,1,markdown_code_fence;comparison_not_string,stop,(계약예규) 정부 입찰·계약 집행기준 제2장 제5조제1항,121180000,100000000,미만 1억원 이상인 매장유산 조사용역의 적격심사 세부기준: <별표 4>]을 적용합니다.,"본 공고의 입찰추정가격은 121,180,000원으로, (계약예규) 정부 입찰·계약 집행기준 제2장 제5조제1항에 따라 제조 또는 용역의 경우 추정가격이 고시금액(230,000,000원) 미만인 경우 실적으로 경쟁참가자의 자격을 제한할 수 없으나, 본 건은 고시금액 미만인 계약으로서 실적 제한을 적용할 수 있는 범위 내에 있으며, 추출된 근거상 '1억원 이상'에 대한 기준이 언급되어 있으나 법령상 고시금액 미만 시 실적 제한 금지 규정에 위반되지 않음.",True,,12252,269
PPS-DEV-32,v5,0,0,TN,1,markdown_code_fence;comparison_not_string,stop,국가를 당사자로 하는 계약에 관한 법률 시행령 제21조제1항제6호 및 시행규칙 제24조제2항,230000000,121180000,"입찰추정가격 121,180,000원","국가계약법령상 물품 및 용역의 경우 재정경제부장관이 고시하는 금액(2억 3천만 원) 미만인 경우 지역제한이 가능함. 본 공고의 입찰추정가격은 121,180,000원으로 고시금액인 2억 3천만 원 미만에 해당하므로, 충청남도 지역으로 제한한 것은 법령 위반이 아님.",False,,12794,205
PPS-DEV-32,v6,0,0,TN,1,markdown_code_fence;comparison_not_string,stop,국가를 당사자로 하는 계약에 관한 법률 시행령 제21조제1항제6호 및 시행규칙 제24조제2항제2호,100000000,121180000,"[국가를 당사자로 하는 계약에 관한 법률 시행규칙 제24조제2항제2호] 2. 물품의 제조ㆍ구매, 용역, 그 밖의 경우에는 고시금액","본 공고의 입찰추정가격은 121,180,000원이며, 적용 법령인 국가계약법 시행령 제21조제1항제6호에 따른 지역제한 기준 금액(고시금액)은 2억 3천만 원(물품 및 용역 기준)입니다. 추정가격이 고시금액 미만이므로 충청남도 지역으로 제한하는 것은 법령 위반이 아닙니다.",False,,14724,239
PPS-DEV-32,v7,0,0,TN,1,markdown_code_fence;comparison_not_string,stop,국가를 당사자로 하는 계약에 관한 법률 시행령 제21조제1항제6호 및 시행규칙 제24조제2항제2호,100000000,121180000,"입찰추정가격 121,180,000원, 재정경제부령(시행규칙 제24조제2항제2호)에 따른 용역 고시금액 230,000,000원 미만","본 공고의 입찰추정가격은 121,18로, 국가계약법 시행령 제21조제1항제6호 및 시행규칙 제24조제2항제2호에 따른 용역 고시금액(2억 3천만 원) 미만에 해당하므로, 충청남도 지역제한 설정은 법령상 적절함.",False,,15277,237
PPS-DEV-033,v4,0,0,TN,1,markdown_code_fence;comparison_not_string,stop,(계약예규) 정부 입찰·계약 집행기준 제2장 제5조제1항,21027000,59090909,"추정가격 59,090,909원 (입찰추정가격 기준)","해당 공고는 물품(내자) 구매 건으로, 추정가격이 59,090,909원이다. (계약예규) 정부 입찰·계약 집행기준 제2장 제5조제1항에 따르면, 제조 또는 용역의 경우 추정가격이 고시금액(물품 및 용역의 경우 2억 3천만 원) 미만인 경우 실적으로 경쟁참가자의 자격을 제한할 수 없다. 본 건의 추정가격은 고시금액 미만이므로 실적 제한을 적용할 수 없는 대상이나, 현재 공고문상에서 별도의 실적 제한을 입찰 참가 자격으로 명시하여 위반한 내용이 발견되지 않았다.",False,,8609,258
PPS-DEV-033,v5,0,0,TN,1,markdown_code_fence;comparison_not_string,stop,국가를 당사자로 하는 계약에 관한 법률 시행령 제21조제1항제6호 및 시행규칙 제24조제2항,230000000,59090909,"입찰추정가격 59,090,909원","본 공고의 입찰추정가격은 59,090,909원으로, 국가계약법령상 물품 및 용역의 국제입찰 대상 여부를 판단하는 기준인 고시금액(2억 3천만 원) 미만입니다. 따라서 지역제한 입찰을 위한 추정가격 기준을 충족하며, 지역제한(본점 소재지 제한)을 적용하더라도 법령 위반 사항이 발견되지 않습니다.",False,,9151,203
PPS-DEV-033,v6,0,0,TN,1,markdown_code_fence;comparison_not_string,stop,국가를 당사자로 하는 계약에 관한 법률 시행령 제21조제1항제6호 및 시행규칙 제24조제2항,230000000,59090909,"추정가격 59,090,909원","본 공고는 국가계약법을 적용받는 물품 구매 건으로, 추정가격이 59,090,909원이다. 관련 법령(국가계약법 시행규칙 제24조제2항 제2호)에 따르면 물품의 제조·구매 등에서의 지역제한 기준 금액은 재정경제부장관이 고시하는 금액(2억 3천만 원)이다. 현재 공고의 추정가격은 고시금액인 2억 3천만 원 미만이므로 지역제한 설정이 가능하며, 제공된 메타데이터상 지역제한 여부는 'N'으로 되어 있으나, 이는 법령 위반 여부를 판단하는 기준(금액 기준) 내에 있으므로 위반이 아니다.",False,,11081,270
PPS-DEV-033,v7,0,0,TN,1,markdown_code_fence;comparison_not_string,stop,국가를 당사자로 하는 계약에 관한 법률 시행령 제21조제1항제6호 및 시행규칙 제24조제2항제2호,230000000,59090909,"입찰추정가격 59,090,909원 (물품)","본 공고는 국가계약법을 적용받는 물품 구매 건으로, 지역제한 입찰의 기준이 되는 고시금액(물품 및 용역 2억 3천만 원) 미만인 추정가격(59,090,909원)에 해당함. 따라서 지역제한을 설정하더라도 법령 위반에 해당하지 않음.",False,,11634,194
PPS-DEV-034,v4,0,1,FP,1,markdown_code_fence,stop,지방자치단체를 당사자로 하는 계약에 관한 법률 시행령 제20조제1항제3호 및 제4장 제1절 7.나.1),230000000,73080000,"입찰추정가격 73,080,000원, 실적제한 내용: 최근 3년간 학교주관 교복구매 납품건 평가 (1교 동복 및 하복 등 납품실적을 1건으로 평가)","지방계약법 시행령 제20조제1항제3호에 따라 물품제조 실적으로 제한을 두기 위해서는 해당 물품제조계약의 추정가격이 재정경제부장관이 고시한 금액(물품 및 용역 기준 2억 3천만 원) 이상이어야 합니다. 본 건의 입찰추정가격은 73,080,000원으로 고시금액인 230,000,000원 미만임에도 불구하고, 실적(최근 3년간 납품건수)을 기준으로 입찰 참가 자격을 제한하고 있으므로 법령 위반에 해당합니다.",False,,16453,298
PPS-DEV-034,v5,0,0,TN,1,markdown_code_fence;comparison_not_string,stop,지방자치단체를 당사자로 하는 계약에 관한 법률 시행규칙 제24조 제2호 나목,500000000,73080000,"입찰추정가격 73,080,000원","본 공고는 지방계약법을 적용받는 물품 구매 입찰로, 지역제한(대구광역시)을 설정하고 있습니다. 지방자치단체 입찰 및 계약 집행기준에 따르면 물품의 제조·구매 시 지역제한을 위한 기준 금액은 행정안전부장관이 고시한 금액(5억 원) 미만이어야 합니다. 본 건의 추정가격은 73,080,000원으로 기준 금액인 5억 원 미만에 해당하므로 지역제한 설정은 법령상 적정합니다.",False,,16995,217
PPS-DEV-034,v6,0,0,TN,1,markdown_code_fence;comparison_not_string,stop,지방자치단체를 당사자로 하는 계약에 관한 법률 시행령 제20조제1항제6호 및 지방자치단체 입찰 및 계약 집행기준,330000000,73080000,"입찰추정가격 73,080,000원, 지역제한(대구광역시)","본 공고의 입찰추정가격은 73,080,000원으로, 지방자치단체 입찰 및 계약 집행기준에 따른 물품/용역 지역제한 기준 금액(고시금액 3.3억원 미만) 이내에 해당하므로 대구광역시로 지역제한을 설정한 것은 법령 위반이 아님.",False,,18925,195
PPS-DEV-034,v7,0,0,TN,1,markdown_code_fence,stop,지방자치단체를 당사자로 하는 계약에 관한 법률 시행령 제20조제1항제6호 및 지방자치단체 입찰 및 계약 집행기준,500000000,73080000,"나. 본 입찰은 단가계약 및 지역제한 경쟁(대구광역시)입찰이며, 청렴계약제 시행대상입니다.","본 공고는 지방계약법을 적용받는 물품(내자) 계약으로, 지역제한 범위는 납품지인 '대구광역시'로 설정되어 있습니다. 관련 법령(지방자치단체 입찰 및 계약 집행기준)에 따르면 물품의 경우 행정안전부장관이 고시한 금액(5억원) 미만 시 시·도 단위로 제한이 가능하며, 본 건의 추정가격(73,080,000원)은 해당 기준 금액 미만이므로 대구광역시로 지역을 제한하는 것은 법령 위반에 해당하지 않습니다.",True,,19478,254
PPS-DEV-035,v4,0,0,TN,0,markdown_code_fence;comparison_not_string,stop,(계약예규) 정부 입찰·계약 집행기준 제2장 제5조제1항,230000000,60000000,"추정가격 60,000,000원","본 공고는 물품(내자) 구매 입찰로, 제조 또는 용역의 실적 제한 시 추정가격이 고시금액(물품 및 용역 기준 2억 3천만 원) 이상인 경우에만 실적 제한이 가능함. 현재 추정가격이 6천만 원으로 고시금액 미만이므로 실적으로 입찰 참가 자격을 제한할 수 없으나, 제공된 메타데이터 및 추출 근거상 별도의 실적 제한(경험/실적)을 요구하는 내용이 발견되지 않으므로 법령 위반에 해당하지 않음.",False,,7196,221
PPS-DEV-035,v5,0,0,TN,0,markdown_code_fence;comparison_not_string,stop,국가를 당사자로 하는 계약에 관한 법률 시행령 제21조제1항제6호 및 시행규칙 제24조제2항,230000000,60000000,"조항호내용: 추정가격 1억원 미만 물품·용역(소기업, 소상공인, 벤처기업, 창업자)","해당 공고는 국가계약법을 적용받는 물품 구매 입찰로, 추정가격이 6,000만 원이다. 관련 법령에 따르면 물품 및 용역의 경우 고시금액(2억 3천만 원) 미만일 때 자격 제한이 가능하며, 본 건의 추정가격은 고시금액보다 낮으므로 법령 위반 사항이 없다.",False,,7738,213
PPS-DEV-035,v6,0,0,TN,0,markdown_code_fence;comparison_not_string,stop,국가를 당사자로 하는 계약에 관한 법률 시행령 제26조제1항제5호가목,100000000,60000000,"조항호내용: 추정가격 1억원 미만 물품·용역(소기업, 소상공인, 벤처기업, 창업자)","본 공고는 추정가격 6,000만원의 물품 구매 입찰로, 국가계약법 시행령 제26조제1항제5호가목에 따른 소기업·소상공인 대상 제한경쟁 입찰 요건(추정가격 2천만원 초과 1억원 이하)을 충족하며, 법령 위반 사항이 발견되지 않음.",False,,9668,199
PPS-DEV-035,v7,0,0,TN,0,markdown_code_fence;comparison_not_string,stop,국가를 당사자로 하는 계약에 관한 법률 시행령 제26조제1항제5호가목3),100000000,60000000,"추정가격 60,000,000원 (금60,000,000원)","본 공고는 추정가격 6천만 원의 물품 구매 계약으로, 국가계약법 시행령 제26조제1항제5호가목3)에 따라 추정가격 2천만 원 초과 1억 원 이하인 계약으로서 소기업 또는 소상공인과 체결하는 계약에 해당한다. 공고문상 별도의 입찰참가자격 제한(소기업/소상공인 제한 등)에 대한 명시적 위반 사항이 발견되지 않으며, 추정가격이 해당 조항의 범위 내에 있으므로 법령 위반으로 판단되지 않는다.",False,,10221,240
PPS-DEV-036,v4,0,0,TN,0,markdown_code_fence;comparison_not_string,stop,지방자치단체를 당사자로 하는 계약에 관한 법률 시행령 제20조제1항제3호,230000000,202025455,"지방자치단체를 당사자로 하는 계약에 관한 법률 시행령 제20조제1항제3호에 따르면, 특수한 설비 또는 기술이 요구되는 물품제조계약의 경우 해당 물품제조계약의 추정가격이 재정경제부장관이 정하여 고시한 금액 이상이어야 함. 고시금액(물품 및 용역)은 2억 3천만 원임. 본 건의 입찰추정가격은 202,025,455원으로 고시금액인 230,000,000원 미만임. 다만, 본 공고는 지역제한(경기도) 및 업종제한(기계설비·가스공사업)을 적용하고 있으나, 실적 제한에 대한 위반 사항은 발견되지 않음.","입찰추정가격이 고시금액(2.3억) 미만이나, 실적 제한을 요구하는 문구가 없으며 지역 및 업종 제한은 법령상 허용 범위 내임.",False,,7485,311
PPS-DEV-036,v5,0,0,TN,1,markdown_code_fence;comparison_not_string,stop,지방자치단체를 당사자로 하는 계약에 관한 법률 시행령 제20조제1항제6호 및 지방자치단체 입찰 및 계약 집행기준,500000000,202025455,"입찰추정가격 202,025,455원, 지역제한 경기도(본점 소재지 기준)","본 공고는 지방계약법을 적용받는 물품 구매 입찰로, 추정가격이 202,025,455원이다. 지방자치단체 입찰 및 계약 집행기준 및 관련 법령에 따르면, 행정안전부장관이 고시한 금액(물품/용역의 경우 고시금액)을 기준으로 지역제한을 설정할 수 있다. 해당 건의 추정가격은 고시금액(5억 원 또는 2.3억 원 등 관련 기준) 범위 내에 있으며, 경기도로 지역을 제한한 것은 법령 위반에 해당하지 않는다.",False,,8027,257
PPS-DEV-036,v6,0,0,TN,0,markdown_code_fence;threshold_not_number_or_null,stop,지방자치단체를 당사자로 하는 계약에 관한 법률 시행령 제20조제1항제6호 및 지방자치단체 입찰 및 계약 집행기준 제4장 제2절,"500,000,000","222,228,000","입찰추정가격 202,025,455원, 지역제한 경기도","본 공고는 지방자치단체가 체하는 물품 구매 입찰로, 추정가격이 202,025,455원이다. 지방자치단체 입찰 및 계약 집행기준에 따르면 물품의 경우 행정안전부장관이 고시한 금액(5억원) 미만 시 시·도 단위의 지역제한이 가능하다. 본 건의 추정가격은 2억 2,222만 8,000원(배정예산 기준) 및 2억 2,025,455원(추정가격 기준)으로, 고시금액인 5억원 미만에 해당하므로 경기도로 지역을 제한한 것은 법령 위반이 아니다.",False,,9957,285
PPS-DEV-036,v7,0,0,TN,0,markdown_code_fence;comparison_not_string,stop,지방자치단체를 당사자로 하는 계약에 관한 법률 시행령 제20조제1항제6호 및 동법 시행규칙 제24조제2항제2호,500000000,202025455,"입찰추정가격 202,025,455원 (물품의 제조·구매 등)","본 공고는 지방자치단체가 당사자인 물품 구매 계약으로, 추정가격이 202,025,455원이다. 지방자치단체 입찰 시 지역제한(본점 소재지 제한)을 적용하기 위한 기준 금액은 행정안전부령으로 정하는 금액이며, 물품의 경우 5억 원(또는 고시금액) 미만인 경우 지역 제한이 가능하다. 본 건의 추정가격은 202,025,455원으로 기준 금액인 5억 원 미만에 해당하므로 경기도로 지역을 제한한 것은 법령 위반이 아니다.",False,,10510,262
PPS-DEV-037,v4,0,0,TN,0,markdown_code_fence;threshold_not_number_or_null,stop,지방자치단체를 당사자로 하는 계약에 관한 법률 시행령 제20조제1항제3호,"230,000,000원","195,344,545원","입찰추정가격 195,344,545원","물품제조 실적을 기준으로 입찰참가자격을 제한하기 위해서는 해당 계약의 추정가격이 재정경제부장관이 정하여 고시하는 금액(고시금액) 이상이어야 합니다. 본 공고의 입찰추정가격은 195,344,545원으로, 고시금액인 2억 3천만 원 미만입니다. 따라서 실적을 통한 입찰참가자격 제한은 가능하나, 현재 공고문상에는 실적 제한에 대한 내용이 나타나지 않으므로 법령 위반 사항이 없습니다.",False,,10196,232
PPS-DEV-037,v5,0,0,TN,1,markdown_code_fence;comparison_not_string,stop,지방자치단체 입찰 및 계약 집행기준 제4장 제2절,500000000,195344545,"입찰추정가격 195,344,545원","지방자치단체 입찰 및 계약 집행기준에 따르면 물품 및 일반용역의 경우 추정가격 5억 원 미만(지방자치단체 적용 기준) 시 지역제한이 가능하며, 본 건의 추정가격은 195,344,545원으로 기준 금액 미만에 해당하여 경기도로 지역제한을 설정한 것은 적정함.",False,,10738,171
PPS-DEV-037,v6,0,0,TN,1,markdown_code_fence,stop,지방자치단체 입찰 및 계약 집행기준 제4장 제2절 및 제4장 제3절,15000000000,195344545,입찰참가자격 3.1. 본사(주된 영업소)의 소재지가 경기도에 소재한 자(업체),"지방자치단체 입찰 및 계약 집행기준에 따라 물품/용역의 경우 시·도 단위의 지역제한이 가능하며, 본 공고의 추정가격(195,344,545원)은 물품/용역의 지역제한 기준 금액인 150억원(공사 기준) 또는 관련 고시 금액 범위 내에 있으므로 경기도로 제한한 것은 법령 위반이 아님.",False,,12668,208
PPS-DEV-037,v7,0,0,TN,1,markdown_code_fence,stop,지방자치단체를 당사자로 하는 계약에 관한 법률 시행령 제20조제1항제6호 및 관련 규정,,"추정가격 195,344,545원 (경기도 제한)",3.1. 지방계약법 시행령 제13조 및 동법 시행규칙 제14조 규정에 따른 요건을 갖추고... 본사(주된 영업소)의 소재지가 경기도에 소재한 자(업체),"본 공고는 지방계약법을 적용받는 물품 구매 입찰로, 지역제한 범위가 '경기도'로 설정되어 있습니다. 지방계약법령 및 관련 지침에 따르면 추정가격이 행정안전부령으로 정하는 금액(물품의 경우 고시금액 등) 미만인 경우 지역제한이 가능하며, 본 건의 추정가격(195,344,545원)은 지역제한을 적용하기에 적절한 범위 내에 있습니다. 또한, 입찰참가자격으로 명시된 '기계설비·가스공사업(6202)' 및 세부품명 등록 요건은 적법한 자격 제한으로 판단됩니다.",False,,13221,300
PPS-DEV-038,v4,0,1,FP,1,markdown_code_fence;threshold_not_number_or_null,stop,지방자치단체를 당사자로 하는 계약에 관한 법률 시행령 제20조제1항제3호,"230,000,000","34,090,909","입찰추정가격 34,090,909원, 물품제조 실적 제한 관련 내용 없음","지방계약법 시행령 제20조제1항제3호에 따라 물품제조 실적으로 입찰 참가 자격을 제한하려면 해당 물품제조계약의 추정가격이 재정경제부장관이 고시하는 금액(2억 3천만 원) 이상이어야 하나, 본 건의 입찰추정가격은 34,090,909원으로 고시금액 미만임. 따라서 실적을 통한 입찰 참가 자격 제한을 할 수 없음.",False,,12222,221
PPS-DEV-038,v5,0,0,TN,1,markdown_code_fence;comparison_not_string,stop,지방자치단체를 당사자로 하는 계약에 관한 법률 시행규칙 제24조 제2호 나목,500000000,34090909,"입찰추정가격 34,090,909원","본 공고는 지역제한(전라남도)을 적용하고 있으나, 지방자치단체 계약 관련 법령상 물품의 제조·구매 시 지역제한을 적용할 수 있는 기준 금액(고시금액)은 5억 원(또는 행정안전부장관이 고시한 금액)이다. 현재 추정가격이 34,090,909원으로 기준 금액인 5억 원 미만에 해당하므로 지역제한 적용은 법령상 위반이 아니다.",False,,12764,206
PPS-DEV-038,v6,0,0,TN,0,markdown_code_fence;comparison_not_string,stop,지방자치단체를 당사자로 하는 계약에 관한 법률 시행규칙 제24조 및 제25조,500000000,34090909,"입찰추정가격 34,090,909원, 지역제한(전라남도) 적용","본 공고는 추정가격이 34,090,909원으로, 지방자치단체 입찰 및 계약 집행기준에 따른 물품/용역 지역제한 기준 금액(행정안전부장관이 고시한 금액 미만) 및 지역제한 입찰 대상 범위 내에 해당하므로, 전라남도 지역으로 제한한 것은 법령 위반이 아님.",False,,14694,191
PPS-DEV-038,v7,0,0,TN,0,markdown_code_fence;comparison_not_string,stop,지방자치단체를 당사자로 하는 계약에 관한 법률 시행령 제20조제1항제6호 및 지방자치단체 입찰 및 계약 집행기준,500000000,34090909,"입찰추정가격 34,090,909원, 지역제한(전라남도) 적용","본 공고는 지방계약법을 적용하는 물품 구매 입찰로, 지역제한 범위는 납품지(전라남도)를 기준으로 설정되어 있습니다. 지방자치단체 입찰 및 계약 집행기준에 따르면 물품의 경우 행정안전부장관이 고시한 금액(5억원) 미만인 경우 시·도로 제한이 가능하며, 본 건의 추정가격(34,090,909원)은 해당 기준 미만이므로 전라남도 지역으로 제한한 것은 법령 위반이 아닙니다.",False,,15247,235
PPS-DEV-039,v4,0,0,TN,0,markdown_code_fence,stop,(구)계약예규 정부 입찰·계약 집행기준 제2장 제5조제1항,230000000,63636364,"추정가격 63,636,364원 (입찰추정가격 기준)","해당 공고는 추정가격이 63,636,364원으로, 정부 입찰·계약 집행기준 및 관련 법령상 용역 실적 제한을 위한 고시금액(물품 및 용역 2억 3천만 원) 미만입니다. 고시금액 미만인 용역계약의 경우 실적으로 경쟁참가자의 자격을 제한할 수 없다는 규정에 따라, 실적 제한을 두지 않은 본 공고는 법령 위반에 해당하지 않습니다.",False,,8739,213
PPS-DEV-039,v5,0,0,TN,1,markdown_code_fence;comparison_not_string,stop,국가를 당사자로 하는 계약에 관한 법률 시행령 제21조제1항제6호 및 시행규칙 제24조제2항,230000000,63636364,"입찰추정가격 63,636,364원","본 공고는 국가계약법을 적용받는 준정부기관의 용역 입찰로, 지역제한(본점 소재지)을 적용하기 위한 기준 금액은 '재정경제부장관이 고시한 금액(고시금액)'이다. 제공된 법령에 따르면 물품 및 용역의 고시금액은 2억 3천만 원이다. 해당 공고의 입찰추정가격(63,636,364원)은 고시금액(230,000,000원) 미만이므로, 법령에 따른 지역제한(본점 소재지 제한) 적용이 가능하다. 따라서 지역제한(경기도 또는 서울특별시) 설정은 위반이 아니다.",False,,9281,266
PPS-DEV-039,v6,0,0,TN,0,markdown_code_fence;threshold_not_number_or_null,stop,국가를 당사자로 하는 계약에 관한 법률 시행령 제21조제1항제6호 및 시행규칙 제24조제2항제2호,"230,000,000","63,636,364","입찰추정가격 63,636,364원 (물품 및 용역 고시금액 2억 3천만 원 미만)","본 입찰은 국가계약법을 적용받는 일반용역으로, 추정가격이 63,636,364원이다. 관련 법령상 물품 및 용역의 경우 고시금액(2억 3천만 원) 미만인 계약에 해당하므로, 지역 제한 및 입찰 참가 자격 제한에 위반 사항이 없다.",False,,11211,240
PPS-DEV-039,v7,1,0,FN,0,markdown_code_fence;threshold_not_number_or_null,stop,국가를 당사자로 하는 계약에 관한 법률 시행령 제21조제1항제6호 및 시행규칙 제24조제2항제2호,"230,000,000원","63,636,364원","입찰추정가격 63,636,344원 (국가계약법 적용)","본 공고는 국가계약법을 적용받는 일반용역으로, 지역제한 입찰 시 제한할 수 있는 기준 금액은 시행규칙 제24조제2항제2호에 따라 고시금액(2억 3천만 원) 미만인 경우에 해당함. 현재 추정가격(63,636,364원)은 고시금액 미만이므로 지역제한이 가능하며, 공고문상 '경기도 또는 서울특별시'로 제한한 것은 법령 위반 사항이 없음.",False,⑤ 입찰공고일 전날부터 입찰일까지(낙찰자는 계약체결일까지) 주된 영업소의 소재지[법원등기부 상 본점소재지(개인사업자인 경우 사업자등록증 또는 관련 법령에 따른 허가·인가·면허·등록·신고 등에 관련서류에 기재된 사업장의 소재지)]가 경기도 또는 서울특별시인 업체,11764,265
PPS-DEV-040,v4,0,0,TN,0,markdown_code_fence;threshold_not_number_or_null,stop,지방자치단체를 당사자로 하는 계약에 관한 법률 시행령 제20조제1항제5호,"230,000,000원","80,727,273원","본 입찰은 일반용역이며, 입찰참가자격으로 '대구광역시 내에 위치한 업체' 및 '관광진흥법에 의한 종합여행업 또는 국내외여행업 등록 업체'를 요구하고 있음.","지방계약법령상 용역 실적 제한을 하려면 추정가격이 고시금액(2억 3천만 원) 이상이어야 하나, 본 건의 추정가격은 80,727,273원으로 고시금액 미만임. 다만, 현재 공고문은 실적 제한이 아닌 '지역 제한(대구광역시)' 및 '업종 제한(여행업)'을 적용하고 있으며, 이는 실적 제한에 해당하지 않으므로 법령 위반이 아님.",False,,10513,248
PPS-DEV-040,v5,0,0,TN,1,markdown_code_fence;comparison_not_string,stop,지방자치단체를 당사자로 하는 계약에 관한 법률 시행규칙 제24조 제2호 나목,330000000,88800000,"입찰추정가격 80,727,273원 및 지역제한(대구광역시) 적용","지방자치단체 계약에서 일반용역의 경우 추정가격이 3.3억 원 미만인 경우 지역제한이 가능하며, 본 건의 추정가격(80,727,273원)은 기준금액(330,000,000원) 미만이므로 대구광역시로 지역을 제한한 것은 법령상 위반이 아닙니다.",False,,11055,192
PPS-DEV-040,v6,0,0,TN,0,markdown_code_fence,stop,지방자치단체를 당사자로 하는 계약에 관한 법률 시행규칙 제24조 제2호 나목,330000000,80727273,"입찰추정가격 80,727,273원 (일반용역)","본 공고는 일반용역(추정가격 80,727,273원)에 대한 지역제한 입찰로, 지방자치단체 계약 관련 법령상 지역제한 범위인 3.3억 원 미만(또는 고시금액 미만)의 기준을 충족하며, 대구광역시로 지역을 제한한 것은 적법함.",False,,12985,182
PPS-DEV-040,v7,0,0,TN,0,markdown_code_fence,stop,지방자치단체를 당사자로 하는 계약에 관한 법률 시행규칙 제24조 및 제25조,330000000,80727273,"입찰추정가격 80,727,273원, 지역제한 대구광역시","지방자치단체 용역의 지역제한 기준 금액은 추정가격 3.3억원(건설기술 용역 등) 또는 행정안전부장관이 고시한 금액 미만인 경우 가능함. 본 건의 추정가격은 약 8천만원으로, 지역제한 기준 금액인 3.3억원(또는 고시금액) 미만에 해당하므로 대구광역시로 지역을 제한한 것은 법령 위반이 아님.",False,,13538,203
PPS-DEV-041,v4,0,0,TN,0,markdown_code_fence;comparison_not_string,stop,지방자치단체를 당사자로 하는 계약에 관한 법률 시행령 제20조제1항제5호,230000000,77272727,"입찰추정가격 77,272,727원","본 공고는 용역 계약으로, 지방자치단체 입찰 시 특수한 기술이 요구되는 용역계약의 경우 추정가격이 재정경제부장관이 정하여 고시한 금액(물품 및 용역 2억 3천만 원) 이상이어야 실적으로 제한할 수 있습니다. 현재 추정가격은 77,272,727원으로 고시금액인 230,000,000원 미만입니다. 따라서 실적을 통한 자격 제한을 할 수 없는 대상이나, 본 공고는 실적 제한이 아닌 면허(업종) 보유 여부를 자격 요건으로 제시하고 있으므로 법령 위반에 해당하지 않습니다.",False,,8917,251
PPS-DEV-041,v5,0,0,TN,1,markdown_code_fence;comparison_not_string,stop,지방자치단체를 당사자로 하는 계약에 관한 법률 시행령 제20조제1항제6호 및 지방자치단체 입찰 및 계약집행기준 제4장,500000000,77272727,지방자치단체 입찰 및 계약집행기준 제4장 제2절 지역제한: 물품 용역 ◦행정안전부장관이 고시한 고시금액미만시·도(세종시제외)일반용역․물품,"본 공고는 지방자치단체 계약(지방계약법 적용)이며, 일반용역으로서 지역제한(부산광역시)을 적용하고 있다. 지방자치단체 입찰 및 계약 집행기준에 따르면, 시·도 단위의 일반용역 지역제한은 행정안전부장관이 고시한 금액(5억원) 미만인 경우에 가능하다. 본 사업의 입찰추정가격은 77,272,727원으로 기준금액인 5억 원 미만에 해당하므로 법령 위반 사항이 없다.",False,,9459,274
PPS-DEV-041,v6,0,0,TN,1,markdown_code_fence,stop,지방자치단체를 당사자로 하는 계약에 관한 법률 시행령 제20조제1항제6호 및 지방자치단체 입찰 및 계약 집행기준,200000000,77272727,"입찰추정가격 77,272,727원, 지역제한: 부산광역시","본 공고는 추정가격이 77,272,727원으로, 지방자치단체 입찰 및 계약 집행기준상 일반용역의 지역제한 범위(고시금액 미만) 내에 해당하며, 부산광역시로 지역을 제한한 것은 법령상 적절한 제한으로 판단됨.",False,,11389,182
PPS-DEV-041,v7,0,0,TN,0,markdown_code_fence;comparison_not_string,stop,지방자치단체를 당사자로 하는 계약에 관한 법률 시행령 제20조제1항제6호 및 지방자치단체 입찰 및 계약 집행기준,330000000,77272727,"입찰추정가격 77,272,727원, 지역제한 범위 부산광역시","본 공고의 입찰추정가격은 77,272,727원으로, 지방자치단체 일반용역 지역제한 기준 금액인 3억 3천만원(지방자치단체 입찰 및 계약 집행기준 상의 일반용역 기준) 미만입니다. 따라서 부산광역시로 지역을 제한하는 것은 법령상 적절하며 위반 사항이 없습니다.",False,,11942,196
PPS-DEV-042,v4,1,1,TP,1,markdown_code_fence;comparison_not_string,stop,지방자치단체를 당사자로 하는 계약에 관한 법률 시행령 제20조제1항제5호 및 지방자치단체 입찰 및 계약 집행기준 제4장 제1절,230000000,100000000,나. 최근 3년 이내 중고등학교 학생 대상 숙박이 들어간 국내 여행 1억원 이상의 실적이 있는 업체이어야 합니다.,"해당 용역의 추정가격은 61,264,545원으로, 국가계약법상 고시금액(물품 및 용역 2억 3천만 원) 미만이다. 지방자치단체 입찰 및 계약 집행기준에 따르면 추정가격이 고시금액 미만인 용역계약의 경우 실적으로 경쟁참가자의 자격을 제한할 수 없으나, 본 공고는 1억 원 이상의 실적을 입찰 참가 자격으로 제한하고 있다.",True,,11420,240
PPS-DEV-042,v5,0,1,FP,1,markdown_code_fence;comparison_not_string,stop,지방자치단체 입찰 및 계약 집행기준 제4장 제2절,330000000,61264545,나. 최근 3년 이내 중고등학교 학생 대상 숙박이 들어간 국내 여행 1억원 이상의 실적이 있는 업체이어야 합니다.,"지방자치단체 입찰 및 계약 집행기준에 따르면 일반용역의 경우 행정안전부장관이 고시한 금액(3.3억원) 미만인 경우 지역제한이 가능하나, 본 공고는 '최근 3년 이내 1억원 이상의 실적'을 입찰참가자격으로 제한하고 있습니다. 이는 실적에 의한 제한이며, 실적 제한과 지역제한을 중복하여 제한하는 것은 '중복 제한 금지 원칙'에 위배될 소지가 있으나, v5 항목의 핵심인 '실적 금액 기준' 관점에서 보면, 해당 실적 제한(1억원)이 고시금액(3.3억원) 기준을 기준으로 설정된 것인지에 대한 검토가 필요합니다. 다만, 제공된 지침상 지역제한과 실적제한의 중복 제한 금지 원칙(중복 항목 제한)에 따라 실적 제한을 적용한 것으로 판단됩니다.",True,,11962,307
PPS-DEV-042,v6,0,0,TN,0,markdown_code_fence,stop,지방자치단체를 당사자로 하는 계약에 관한 법률 시행령 제20조제1항제6호 및 관련 규정,200000000,61264545,"입찰추정가격 61,264,545원 (배정예산 67,391,000원 기준)","본 공고는 추정가격이 약 6,126만원인 일반용역으로, 지방계약법령상 지역제한(충청남도) 및 소기업·소상공인 제한을 적용함에 있어 법령 위반 사항이 없음. 지역제한의 경우 추정가격이 행정안전부령으로 정하는 금액(용역의 경우 3.3억원 미만 등) 범위 내에 있으며, 실적 제한(1억원 이상)은 입찰참가자격의 기술적 요건으로 판단됨.",False,,13892,235
PPS-DEV-042,v7,0,0,TN,0,markdown_code_fence,stop,지방자치단체를 당사자로 하는 계약에 관한 법률 시행령 제20조 제1항 제6호 및 관련 규칙,,"61,264,545원 < 500,000,000원","입찰추정가격 61,264,545원 및 지역제한(충청남도) 적용","본 공고는 지방자치단체를 당사자로 하는 계약에 관한 법률을 적용받는 일반용역 건으로, 추정가격이 61,264,545원이다. 지방자치단체 입찰 및 계약 집행기준에 따르면 일반용역의 경우 행정안전부장관이 고시한 금액(5억원) 미만인 경우 지역제한이 가능하며, 본 건은 해당 기준 내에 있으므로 충청남도 소재 업체로 제한하는 것은 법령 위반이 아니다.",False,,14445,228
PPS-DEV-043,v4,0,0,TN,0,markdown_code_fence,stop,지방자치단체를 당사자로 하는 계약에 관한 법률 시행령 제20조제1항제5호,230000000,61264545,"추정가격 61,264,545원 (고시금액 230,000,000원 미만)","본 공고는 용역 계약으로, 지방자치단체 계약 관련 법령에 따라 용역 실적을 기준으로 입찰 참가 자격을 제한하기 위해서는 해당 용역의 추정가격이 고시금액(2억 3천만 원) 이상이어야 합니다. 현재 추정가격은 61,264,545원으로 고시금액 미만이므로 실적에 의한 제한경쟁 입찰을 적용할 수 없습니다. 다만, 현재 제공된 메타데이터상에는 실적 제한에 대한 구체적인 문구가 명시되어 있지 않으므로 위반으로 판정하지 않습니다.",False,,9229,243
PPS-DEV-043,v5,0,0,TN,1,markdown_code_fence;comparison_not_string,stop,지방자치단체를 당사자로 하는 계약에 관한 법률 시행령 제20조제1항제6호 및 시행규칙 제24조제2항제2호나목,330000000,61264545,"입찰추정가격 61,264,545원, 지역제한(충청남도) 적용","본 공고는 지방자치단체 계약으로, 지역제한 입찰 시 용역의 경우 추정가격이 행정안전부령으로 정하는 금액(3.3억원) 미만인 경우 지역제한이 가능합니다. 본 건의 추정가격은 약 6,126만원으로 기준금액인 3.3억원 미만에 해당하므로 충청남도 소재 업체로 제한한 것은 법령상 위반이 아닙니다.",False,,9771,217
PPS-DEV-043,v6,0,0,TN,0,markdown_code_fence;threshold_not_number_or_null,stop,지방자치단체를 당사자로 하는 계약에 관한 법률 시행규칙 제24조 및 제25조제3항,"330,000,000원","61,264,545원","입찰추정가격 61,264,545원, 지역제한지역 충청남도","본 공고의 입찰추정가격은 61,264,545원으로, 지방자치단체 일반용역의 지역제한 기준 금액인 3억 3천만원(행정안전부령 기준) 미만에 해당합니다. 또한, 지역제한 범위인 '충청남도' 소재 업체로 제한하는 것은 법령상 적절한 제한 범위 내에 있습니다.",False,,11701,225
PPS-DEV-043,v7,0,0,TN,0,markdown_code_fence;comparison_not_string,stop,지방자치단체를 당사자로 하는 계약에 관한 법률 시행령 제20조제1항제6호 및 지방자치단체 입찰 및 계약 집행기준,500000000,61264545,"입찰추정가격 61,264,545원, 지역제한(충청남도) 적용","본 공고는 지방계약법을 적용받는 일반용역 건으로, 추정가격이 61,264,545원이다. 지방자치단체 입찰 및 계약 집행기준에 따르면 일반용역의 경우 행정안전부장관이 고시한 금액(5억원) 미만일 때 지역제한이 가능하다. 본 건의 추정가격은 5억 원 미만이므로 충청남도 지역으로 제한하는 것은 법령 위반이 아니다.",False,,12254,221
PPS-DEV-044,v4,0,0,TN,0,markdown_code_fence;comparison_not_string,stop,(계약예규) 정부 입찰·계약 집행기준 제2장 제5조제1항,203000000,55454545,"추정가격 55,454,545원","본 공고는 추정가격이 55,454,545원으로, 용역 실적 제한을 위한 고시금액(230,000,000원) 미만입니다. (계약예규) 정부 입찰·계약 집행기준 제2장 제5조제1항에 따라 추정가격이 고시금액 미만인 용역계약의 경우 실적으로 경쟁참가자의 자격을 제한할 수 없으나, 현재 제공된 데이터상으로는 실적 제한에 대한 구체적인 위반 사항(실적 요구 여부 및 그 수치)이 나타나 있지 않으므로 위반으로 판정할 수 없습니다.",False,,7926,239
PPS-DEV-044,v5,0,0,TN,0,markdown_code_fence;comparison_not_string,stop,국가를 당사자로 하는 계약에 관한 법률 시행령 제21조제1항제6호 및 시행규칙 제24조제2항,230000000,55454545,"입찰추정가격 55,454,545원","본 공고는 국가계약법을 적용받는 일반용역으로, 지역제한(본점 소재지 제한)을 적용할 수 있는 기준 금액은 물품 및 용역의 경우 재정경제부장관이 고시한 금액(2억 3천만 원) 미만이어야 합니다. 현재 추정가격은 55,454,545원으로 고시금액인 2억 3천만 원 미만에 해당하므로, 지역제한을 설정하는 데 법적 위반 사항이 없습니다.",False,,8468,219
PPS-DEV-044,v6,0,0,TN,0,markdown_code_fence,stop,국가를 당사자로 하는 계약에 관한 법률 시행령 제26조제1항제5호가목3),100000000,55454545,"추정가격 1억원 미만 물품·용역(소기업, 소상공인, 벤처기업, 창업자)","본 공고의 추정가격은 55,454,545원으로, 국가계약법 시행령 제26조제1항제5호가목3)에 따른 수의계약 범위(추정가격 2천만원 초과 1억원 이하)에 해당하며, 소기업 또는 소상공인 대상 제한은 법령 위반 사항이 아님.",False,,10398,193
PPS-DEV-044,v7,0,0,TN,0,markdown_code_fence;comparison_not_string,stop,국가를 당사자로 하는 계약에 관한 법률 시행령 제21조제1항제6호 및 시행규칙 제24조제2항제2호,230000000,55454545,"추정가격 55,454,545원 (입찰추정가격 기준)","본 공고의 추정가격은 55,454,545원으로, 국가계약법령상 지역제한 입찰을 위한 고시금액(물품 및 용역 2억 3천만 원) 미만인 구간에 해당함. 현재 지역제한 여부가 'N'으로 설정되어 있으나, 추정가격이 고시금액 미만이므로 법령상 지역제한이 가능한 범위 내에 있으며, 특정 지역으로의 제한을 두지 않은 것은 법령 위반이 아님.",False,,10951,227
PPS-DEV-045,v4,0,0,TN,0,markdown_code_fence;comparison_not_string,stop,(계약예규) 정부 입찰·계약 집행기준 제2장 제5조제1항,230000000,237781818,"추정가격 237,781,818원 (입찰추정가격 기준)","본 공고는 용역 계약으로, (계약예규) 정부 입찰·계약 집행기준 제2장 제5조제1항에 따라 추정가격이 고시금액(물품 및 용역 2억 3천만 원) 미만인 경우 실적으로 입찰참가자격을 제한할 수 없으나, 본 공고는 실적 제한을 요구하고 있지 않으므로 법령 위반에 해당하지 않음.",False,,8947,198
PPS-DEV-045,v5,1,0,FN,1,markdown_code_fence,stop,국가를 당사자로 하는 계약에 관한 법률 시행령 제21조제1항제6호 및 시행규칙 제24조제2항제2호,230000000,237781818,입찰참가자격 중 지역제한(주된 영업소의 소재지가 경기도인 업체) 및 중소기업/소상공인 확인서 소지 여부 확인,"본 공고의 추정가격은 237,781,818원으로, 국가계약법상 물품 및 용역의 고시금액(230,000,000원)을 초과한다. 따라서 지역제한(본점 소재지 제한)을 적용할 수 있는 기준 금액을 초과하였으므로, 지역제한을 적용한 입찰참가자격 제한은 법령 위반에 해당할 가능성이 높다.",False,,9489,233
PPS-DEV-045,v6,0,0,TN,0,markdown_code_fence;comparison_not_string,stop,국가를 당사자로 하는 계약에 관한 법률 시행령 제21조제1항제6호 및 동법 시행규칙 제24조제2항제2호,237781818,237781818,"입찰추정가격 237,781,818원","본 공고는 국가계약법을 적용받는 일반용역으로, 지역제한을 적용할 경우 법인등기부상 본점 소재지를 기준으로 제한할 수 있다. 국가계약법 시행규칙 제24조제2항제2호에 따르면 물품의 제조·구매 및 용역의 경우 고시금액(2억 3천만 원) 미만인 경우에 해당하며, 본 건의 추정가격(237,781,818원)은 고시금액(237,000,000원)을 초과하므로 지역제한의 기준이 되는 금액 범위 내에 있으나, 공고문상 '경기도'로 지역을 제한한 것은 국가계약법상 지역제한 규정(시·도 단위 제한)을 준수하고 있으므로 위반사항이 없다.",False,,11419,298
PPS-DEV-045,v7,0,0,TN,0,markdown_code_fence;comparison_not_string,stop,국가를 당사자로 하는 계약에 관한 법률 시행령 제21조제1항제6호 및 시행규칙 제24조제2항,237781818,237781818,"입찰추정가격 237,781,818원, 지역제한 조건: 주된 영업소의 소재지가 경기도인 업체","본 공고의 추정가격은 237,781,818원으로, 국가계약법 시행규칙 제24조제2항제2호에 따른 물품·용역의 고시금액(233,000,000원)을 초과한다. 따라서 지역제한을 적용할 수 있는 기준 금액을 초과하였으나, 입찰참가자격으로 '경기도' 소재지 제한을 둔 것은 법령상 제한 가능한 범위 내의 설정으로 판단되어 위반사항이 없다.",False,,11972,241
PPS-DEV-046,v4,0,0,TN,0,markdown_code_fence;threshold_not_number_or_null,stop,지방자치단체를 당사자로 하는 계약에 관한 법률 시행령 제20조제1항제3호,"230,000,000","555,308,000",입찰 참가자격에 세부품명번호 10자리 혼합골재(3010990201) 및 잡석(11169701)을 모두 제조물품으로 등록한 업체 및 직접생산확인증명서 소지 조건을 명시함,"물품제조계약의 경우 특수한 기술/설비가 요구되는 경우라도 해당 계약의 추정가격이 재정경제부장관이 고시한 금액(물품 및 용역 2억 3천만 원) 이상이어야 실적으로 제한할 수 있음. 본 건의 추정가격은 555,308,000원으로 고시금액 이상이므로 실적(직접생산확인증명서 등)을 통한 자격 제한이 가능함.",False,,10425,260
PPS-DEV-046,v5,1,0,FN,1,markdown_code_fence;threshold_not_number_or_null,stop,지방자치단체를 당사자로 하는 계약에 관한 법률 시행규칙 제24조 제2항 나목,"500,000,000","555,308,000","입찰추정가격 555,308,000원","지방자치단체 계약에서 물품의 제조·구매 시, 법 제5조제1항을 적용받지 아니하는 지방자치단체의 경우(기초자치단체) 지역제한 기준 금액은 5억 원입니다. 본 공고의 추정가격은 555,308,000원으로 기준 금액인 5억 원을 초과하므로, 지역제한(경기도) 설정이 법령 위반에 해당하지 않습니다.",False,,10967,199
PPS-DEV-046,v6,0,0,TN,0,markdown_code_fence;comparison_not_string,stop,지방자치단체를 당사자로 하는 계약에 관한 법률 시행령 제20조제1항제6호 및 지방자치단체 입찰 및 계약 집행기준,500000000,555308000,"입찰추정가격 555,308,000원","본 공고의 입찰추정가격은 555,308,000원으로, 지방자치단체 입찰 및 계약 집행기준에 따른 물품/용역 지역제한 기준인 '행정안전부장관이 고시한 금액(5억원)'을 초과한다. 그러나 지역제한은 '본점 소재지'를 기준으로 제한하는 것이며, 제공된 법령 및 지침상 추정가격이 기준 금액을 초과하더라도 지역제한(시·도 단위) 자체를 금지하는 규정은 없으며, 해당 금액은 국제입찰 대상 여부를 판단하는 기준일 뿐 지역제한의 위반 여부를 결정하는 직접적인 위반 근거가 되지 않는다. 따라서 법령 위반으로 판단되지 않는다.",False,,12897,274
PPS-DEV-046,v7,0,0,TN,1,markdown_code_fence,stop,지방자치단체를 당사자로 하는 계약에 관한 법률 시행규칙 제25조제3항 및 제4항,,"500,000,000",입찰참가자격: 법인등기부상 본점 소재지가 경기도 내에 있는 업체,"본 공고의 추정가격은 555,308,000원으로, 지방자치단체 계약에서 지역제한을 적용할 수 있는 기준 금액(물품/용역의 경우 행정안전부장한 고시금액 또는 5억원 등)을 검토하였을 때, 입찰 참가자격을 '경기도' 내 소재 업체로 제한한 것은 법령상 허용되는 범위 내의 지역제한으로 판단됨.",False,,13450,195
PPS-DEV-047,v4,0,0,TN,0,markdown_code_fence;comparison_not_string,stop,국가를 당사자로 하는 계약에 관한 법률 시행령 제21조제1항제5호 및 시행규칙 제25조제2항,230000000,727272727,"입찰추정가격 727,272,727원 (물품 및 용역 고시금액 230,000,000원 이상)","해당 공고는 국가기관이 발주하는 일반용역(협상에 의한 계약)으로, 추정가격이 고시금액(2억 3천만 원) 이상인 경우에 해당한다. 제공된 근거상 용역의 실적 제한은 추정가격의 1배 이내에서 가능하며, 현재 공고문에는 특정 실적을 요구하는 제한 사항이 명시되어 있지 않으므로 법령 위반 사항이 없다.",False,,7530,228
PPS-DEV-047,v5,1,0,FN,0,markdown_code_fence;comparison_not_string,stop,국가를 당사자로 하는 계약에 관한 법률 시행령 제21조제1항제6호 및 시행규칙 제24조제2항제2호,710000000,727272727,"입찰추정가격 727,272,727원","본 공고는 국가기관이 발주하는 일반용역으로, 국가계약법 시행령 제21조제1항제6호 및 시행규칙 제24조제2항제2호에 따라 '물품의 제조·구매, 용역, 그 밖의 경우'의 고시금액(2억 3천만 원)을 기준으로 지역제한 여부를 판단함. 현재 지역제한여부는 'N'(아니오)으로 설정되어 있으며, 추정가격(727,272,727원)이 고시금액(230,000,000원)보다 높으므로 지역제한을 적용하지 않은 것은 법령 위반이 아님.",False,,8072,267
PPS-DEV-047,v6,0,0,TN,0,markdown_code_fence;comparison_not_string,stop,국가를 당사자로 하는 계약에 관한 법률 시행령 제21조제1항제6호 및 시행규칙 제24조제2항,230000000,727272727,"입찰추정가격 727,272,727원","본 공고는 국가기관이 발주하는 일반용역으로, 적용 법령은 국가계약법입니다. 국가계약법 시행규칙 제24조제2항에 따라 물품·용역의 경우 고시금액(2억 3천만 원) 미만인 경우 지역제한이 가능하나, 본 건의 추정가격(약 7.27억 원)은 고시금액을 초과하므로 지역제한을 적용할 수 있는 기준 금액을 초과합니다. 다만, 현재 공고상 '지역제한여부'가 'N'으로 되어 있어 법령 위반 사항이 발견되지 않았습니다.",False,,10002,246
PPS-DEV-047,v7,0,0,TN,0,markdown_code_fence;comparison_not_string,stop,국가를 당사자로 하는 계약에 관한 법률 시행령 제2조제1호,230000000,727272727,"입찰추정가격 727,272,727원","본 공고는 국가계약법을 적용받는 일반용역으로, 추정가격이 727,272,727원이다. 국가계약법상 국제입찰 대상 여부를 판단하는 기준 금액(고시금액)인 2억 3천만 원을 초과하므로, 지역제한이나 수의계약 관련 제한 사항에 위반되지 않는 정상적인 일반경쟁 입찰이다.",False,,10555,184
PPS-DEV-048,v4,0,0,TN,1,markdown_code_fence;threshold_not_number_or_null,stop,지방자치단체를 당사자로 하는 계약에 관한 법률 시행령 제20조제1항제5호 및 지방자치단체 입찰 및 계약 집행기준 제4장 제2절,"230,000,000","545,454,545",다. 공고일 기준 부가가치세법에 따른 이벤트행사대행업으로 당해 사업에 관한 사업자등록증을 갖춘 경북에 소재한 실적이 우수한 업체.,"본 공고는 추정가격이 545,454,545원으로, 지방계약법령상 용역 실적 제한을 위한 고시금액(2억 3천만 원) 이상에 해당합니다. 다만, 제공된 입찰 참가 자격 내용 중 '경북에 소재한 실적이 우수한 업체'라는 표현은 구체적인 실적 금액이나 규모를 명시하지 않고 '실적이 우수한 업체'라는 추상적인 표현을 사용하고 있으나, 이는 법령에서 금지하는 '특정한 명칭의 실적으로 제한'하거나 '유사 실적을 배제'하는 직접적인 위반 사항으로 보기 어렵습니다. 또한, 실적의 범위를 금액이나 규모로 제한할 때 고시금액 이상인 경우 실적 제한이 가능하므로 법령 위반으로 판단되지 않습니다.",True,,9655,325
PPS-DEV-048,v5,1,1,TP,0,markdown_code_fence;comparison_not_string,stop,지방자치단체를 당사자로 하는 계약에 관한 법률 시행규칙 제24조 및 지방자치단체 입찰 및 계약 집행기준 제4장,330000000,545454545,다. 공고일 기준 부가가치세법에 따른 이벤트행사대행업으로 당해 사업에 관한 사업자등록증을 갖춘 경북에 소재한 실적이 우수한 업체.,"본 공고는 지방자치단체 계약으로, 지방자치단체 입찰 및 계약 집행기준에 따라 일반용역의 경우 행정안전부장관이 고시한 금액(3.3억원) 미만일 때 지역제한이 가능함. 그러나 본 건의 추정가격은 545,454,545원으로 고시금액인 330,000,000원을 초과하므로, 지역제한(경북 소재 업체)을 설정하는 것은 법령 위반임.",True,,10197,247
PPS-DEV-048,v6,0,1,FP,0,markdown_code_fence;threshold_not_number_or_null,stop,지방자치단체를 당사자로 하는 계약에 관한 법률 시행령 제20조제1항제6호 및 지방자치단체 입찰 및 계약 집행기준 제4장 제3절 1. 다.,3.3억원,5.45억원,다. 공고일 기준 부가가치세법에 따른 이벤트행사대행업으로 당해 사업에 관한 사업자등록증을 갖춘 경북에 소재한 실적이 우수한 업체.,"본 공고는 일반용역이며 추정가격이 545,454,545원으로, 지방자치단체 입찰 및 계약 집행기준에 따른 지역제한(시·도 단위 제한) 기준 금액인 3.3억원을 초과합니다. 또한, 입찰참가자격에 '경북에 소재한'이라는 지역 제한 조건을 명시하고 있으나, 이는 지방계약법령상 허용되는 지역제한 범위(시·도 단위)를 벗어나 특정 지역(경북)을 지정하여 제한하는 것으로 판단될 소지가 있습니다.",True,,12127,260
PPS-DEV-048,v7,0,1,FP,0,markdown_code_fence;comparison_not_string,stop,지방자치단체를 당사자로 하는 계약에 관한 법률 시행령 제20조제1항제6호 및 시행규칙 제24조,500000000,545454545,"입찰추정가격 545,454,545원","지방자치단체 입찰에서 지역제한(본점 소재지 제한)을 적용할 수 있는 기준 금액은 지방자치단체 입찰 및 계약 집행기준 및 관련 법령에 따라 추정가격 5억 원 미만(또는 고시금액 미만)인 경우에 해당한다. 본 공고의 입찰추정가격은 545,454,545원으로, 지역제한을 적용할 수 있는 기준 금액인 5억 원을 초과하므로 지역제한 입찰 대상이 아니다. 따라서 지역제한 여부가 'N'으로 되어 있으나, 금액 기준상 지역제한을 적용할 수 없는 규모임에도 불구하고 지역제한 관련 규정이 적용된 것으로 판단된다.",False,,12680,262
PPS-DEV-049,v4,0,0,TN,1,markdown_code_fence;threshold_not_number_or_null,stop,지방자치단체를 당사자로 하는 계약에 관한 법률 시행령 제20조제1항제5호 및 지방자치단체 입찰 및 계약 집행기준 제4장 제2절,"230,000,000원 (고시금액)","600,000,000원 (추정가격)","입찰추정가격 600,000,000원, 실적 제한 내용: 최근 3년간의 수학여행 및 현장학습 용역계약 실적","본 공고는 지방자치단체 적용 법령에 따른 용역 계약으로, 실적 제한을 위한 기준 금액(고시금액)은 2억 3천만 원입니다. 현재 입찰 추정가격은 6억 원으로 고시금액 이상에 해당하여 실적 제한이 가능합니다. 또한, 실적 제한 내용이 특정 기관의 실적만을 요구하거나(지방자치단체 입찰 및 계약 집행기준 제1장 7.나.5 위반 여부 검토 시) 특정 명칭으로 제한하는 등의 위반 사항이 발견되지 않았으며, 최근 3년 이내의 실적을 요구하는 것은 통상적인 범위 내에 있습니다.",False,,11776,301
PPS-DEV-049,v5,1,0,FN,1,markdown_code_fence;threshold_not_number_or_null,stop,지방자치단체를 당사자로 하는 계약에 관한 법률 시행규칙 제24조 및 지방자치단체 입찰 및 계약 집행기준 제4장,"330,000,000","600,000,000","입찰추정가격 600,000,000원, 지역제한(경상남도)","본 공고의 추정가격은 6억 원으로, 지방자치단체 적용 법령상 지역제한(시·도 단위)을 적용할 수 있는 기준 금액(용역의 경우 3.3억 원 또는 5억 원 등)을 초과하거나 부합하는 범위 내에서 적절히 설정되어 있으나, 지역제한의 기준이 되는 금액과 관련하여 위반 사항이 발견되지 않음. 다만, 제공된 법령상 용역의 경우 고시금액(3.3억 원) 기준에 따라 지역제한이 가능하므로 해당 공고의 지역제한(경상남도) 설정은 법령 위반이 아님.",False,,12318,261
PPS-DEV-049,v6,0,0,TN,0,markdown_code_fence;comparison_not_string,stop,지방자치단체를 당사자로 하는 계약에 관한 법률 시행령 제20조제1항제6호 및 관련 고시,230000000,600000000,"입찰추정가격 600,000,000원, 지역제한(경상남도)","본 공고의 추정가격은 6억 원으로, 지방자치단체 입찰 및 계약 집행기준에 따른 지역제한 적용 대상 금액(고시금액 2억 3천만 원 미만)을 초과하나, 지역제한(경상남도) 설정 자체는 법령상 위반 사항이 아님. 다만, 제공된 법령상 '고시금액' 기준(물품 및 용역 2억 3천만 원)을 초과하는 금액에 대해 지역제한을 설정한 것이므로, 이는 일반적인 지역제한 입찰의 범주 내에 있음.",False,,14248,239
PPS-DEV-049,v7,0,0,TN,0,markdown_code_fence;comparison_not_string,stop,지방자치단체를 당사자로 하는 계약에 관한 법률 시행령 제20조제1항제6호 및 시행규칙 제24조제2호,330000000,600000000,"입찰추정가격 600,000,000원, 지역제한(경상남도)","지방자치단체 계약에서 용역의 경우 지역제한을 위한 기준 금액은 시행규칙 제24조제2호 나목에 따라 행정안전부장관이 고시한 금액(5억원) 미만이어야 하나, 본 공고의 추정가격은 6억 원으로 고시금액(5억 원)을 초과하여 지역제한(경상남도) 설정이 법령상 적절하지 않으나, 제공된 데이터상 지역제한 여부(Y)와 입찰참가자격(경상남도 소재지) 설정은 통상적인 지역제한 범위 내의 판단을 요함. 다만, 법령 기준상 추정가격이 5억 원을 초과하므로 지역제한을 적용할 수 있는 범위에 대한 검토가 필요함.",False,,14801,288
PPS-DEV-050,v4,0,0,TN,0,markdown_code_fence;threshold_not_number_or_null,stop,지방자치단체를 당사자로 하는 계약에 관한 법률 시행령 제20조제1항제3호,"230,000,000원","112,890,909원","입찰추정가격 112,890,909원","본 공고는 물품 제조(구매) 계약으로, 지방계약법 시행령 제20조제1항제3호에 따라 특수한 설비 또는 기술이 요구되는 물품제조계약의 경우 해당 물품제조계약의 추정가격이 재정경제부장관이 고시하는 금액(물품 및 용역 고시금액 2억 3천만 원) 이상이어야 실적 제한이 가능함. 현재 본 건의 입찰추정가격(112,890,909원)은 고시금액(230,000,000원) 미만이므로, 실적을 기준으로 자격을 제한하는 것은 법령 위반에 해당할 수 있으나, 본 공고는 실적 제한이 아닌 '업종 제한(농업기계 사후관리업)' 및 '지역 제한(전남/경남)'을 적용하고 있으며, 제공된 텍스트상에서 추정가격 미만임에도 불구하고 실적을 요구하는 구체적인 문구는 발견되지 않으므로 위반사항 없음.",False,,12123,341
PPS-DEV-050,v5,0,,INVALID,1,not_strict_json,stop,,,,,,False,,12665,507
PPS-DEV-050,v6,0,0,TN,0,markdown_code_fence;threshold_not_number_or_null,stop,지방자치단체를 당사자로 하는 계약에 관한 법률 시행령 제20조제1항제6호 및 시행규칙 제24조제2항,"500,000,000","112,890,909","입찰추정가격 112,890,909원","본 공고는 지방자치단체 계약으로, 지역제한을 위해 법인등기부상 본점 소재지를 제한하고 있습니다. 관련 법령상 물품의 제조·구매 등은 추정가격이 5억원 미만인 경우 시·도로 제한이 가능하며, 본 건의 추정가격(112,890,909원)은 해당 기준 금액 미만이므로 지역제한 설정은 적법합니다.",False,,14595,205
PPS-DEV-050,v7,1,0,FN,0,markdown_code_fence,stop,지방자치단체를 당사자로 하는 계약에 관한 법률 시행령 제20조제1항제6호 및 지방자치단체 입찰 및 계약 집행기준,500000000,124180000,"입찰추정가격 112,890,909원, 지역제한 내용: 전라남도 또는 경상남도에 주된 영업소를 둔 업체","본 공고의 입찰추정가격은 112,890,909원으로, 지방자치단체 입찰 및 계약 집행기준에 따른 물품/용역의 지역제한 기준 금액(고시금액 미만)에 해당합니다. 또한, 지역제한 범위가 '전라남도 또는 경상남도'로 설정되어 있으나, 이는 법령상 허용되는 '인접 시·도'를 포함한 지역 제한의 범주 내에 있으며, 추정가격이 기준 금액 미만이므로 법령 위반이 아닙니다.",False,❍ 공고일 전 일부터 입찰일까지(낙찰자는 계약체결일까지) 전라남도 또는 경상남도에 주된 영업소를 둔 업체,15148,250
PPS-DEV-051,v4,1,1,TP,1,markdown_code_fence;comparison_not_string,stop,지방자치단체를 당사자로 하는 계약에 관한 법률 시행령 제20조제1항제3호 및 지방자치단체 입찰 및 계약 집행기준 제4장 제1절,230000000,300000000,최근 5년 이내 이동형X선 투시장치(C-ARM) 장비 3억원 이상 대학병원에 납품한 실적이 있는 업체,"지방자치단체 계약 시 물품제조 실적 제한은 추정가격이 재정경제부장관이 고시한 금액(물품 및 용역 2억 3천만 원) 이상인 경우에만 가능함. 본 건의 추정가격은 245,454,545원으로 고시금액 이상이나, 실적 제한 금액을 3억 원으로 설정한 것은 해당 계약목적물 추정가격(245,454,545원)의 1배를 초과하여 위반임.",True,③ 최근 5년 이내 이동형X선 투시장치(C-ARM) 장비 3억원 이상 대학병원에 납품한 실적이 있는 업체,8124,254
PPS-DEV-051,v5,0,1,FP,0,markdown_code_fence;comparison_not_string,stop,지방자치단체를 당사자로 하는 계약에 관한 법률 시행령 제20조제1항제6호 및 시행규칙 제24조제2호나목,500000000,245454545,"추정가격 245,454,545원 (입찰추정가격 기준)","지방자치단체 계약에서 물품의 제조·구매 등은 추정가격이 5억 원 미만인 경우 지역제한을 할 수 없으나, 본 공고의 추정가격은 245,454,545원으로 5억 원 미만에 해당함에도 불구하고 실적(최근 5년 이내 3억원 이상 납품 실적)을 통한 제한경쟁 입찰을 실시하고 있음. 또한, 지방자치단체 입찰 시 지역제한의 기준 금액은 5억 원(시·군·구 기준)이며, 본 건은 추정가격이 이 기준에 미달하므로 지역제한 또는 실적에 의한 자격 제한의 적절성을 검토해야 함. 특히 실적 제한(3억원 이상)은 지방계약법령상 제한경쟁의 범위를 초과할 소지가 있음.",False,,8666,302
PPS-DEV-051,v6,0,1,FP,0,markdown_code_fence;comparison_not_string,stop,지방자치단체를 당사자로 하는 계약에 관한 법률 시행령 제20조제1항제6호 및 관련 규칙,500000000,245454545,"추정가격 245,454,545원 (입찰추정가격 기준)","본 공고는 지방자치단체(지방의료원)가 체결하는 물품(내자) 계약으로, 지방자치단체 입찰 및 계약 집행기준에 따르면 지역제한 입찰의 기준 금액은 행정안전부장관이 고시한 금액(고시금액) 미만이어야 합니다. 제공된 법령 및 지침에 따르면 물품의 경우 고시금액(5억원) 미만일 때 지역제한이 가능하나, 본 공고의 추정가격(245,454,545원)은 지역제한을 적용할 수 있는 범위 내에 있으나, 입찰 참가 자격으로 '최근 5년 이내 3억원 이상의 납품 실적'을 요구하는 것은 실적에 의한 제한을 의미하며, 이는 단순 지역제한을 넘어선 과도한 제한이 될 수 있습니다. 또한, 지방계약법령상 지역제한은 본점 소재지를 기준으로 제한하는 것이 원칙이나, 실적 금액(3억원)을 기준으로 자격을 제한하는 것은 법령에서 정한 지역제한의 범위를 벗어난 실적 제한에 해당합니다.",False,,10596,355
PPS-DEV-051,v7,0,,INVALID,0,not_strict_json,stop,,,,,,False,,11149,494
PPS-DEV-052,v4,0,0,TN,1,markdown_code_fence;threshold_not_number_or_null,stop,지방자치단체를 당사자로 하는 계약에 관한 법률 시행령 제20조제1항제3호,"230,000,000","367,272,727","입찰추정가격 367,272,727원","해당 공고는 물품(내자) 제조/구매 계약으로, 지방계약법 시행령 제20조제1항제3호에 따라 특수한 설비 또는 기술이 요구되는 물품제조계약의 경우 추정가격이 재정경제부장관이 고시한 금액 이상이어야 제한이 가능함. 고시금액(물품 및 용역)은 2억 3천만 원이며, 본 건의 추정가격(367,272,727원)은 이를 초과하므로 실적 제한을 위한 법적 요건을 충족함. 또한, 추출된 근거에서 '유사 장비 납품실적'을 요구하는 내용은 입찰참가자격(qualification)이 아닌 제출 서류(experience) 항목으로 분류되어 있으므로 위반 사항 없음.",False,,10607,284
PPS-DEV-052,v5,0,0,TN,1,markdown_code_fence;comparison_not_string,stop,지방자치단체를 당사자로 하는 계약에 관한 법률 시행규칙 제24조 제2호 나목 및 지방자치단체 입찰 및 계약 집행기준 제4장,500000000,367272727,"입찰추정가격 367,272,727원, 지역제한(전라남도) 적용","지방자치단체 물품의 제조·구매 계약에서 지역제한을 적용하기 위한 기준 금액은 행정안전부장관이 고시한 금액(고시금액) 미만이어야 한다. 해당 공고의 입찰추정가격은 367,272,727원으로, 지방자치단체 물품/용역의 고시금액 기준인 5억 원(또는 법 제5조에 따른 고시금액) 미만에 해당하므로 전라남도 지역으로 제한하는 것은 법령상 위반 사항이 없다.",False,,11149,243
PPS-DEV-052,v6,0,0,TN,0,markdown_code_fence;threshold_not_number_or_null,stop,지방자치단체를 당사자로 하는 계약에 관한 법률 시행규칙 제24조 제2호 나목,500000000,367272727,"입찰추정가격 367,272,727원","지방자치단체 계약에서 물품의 제조·구매 시 지역제한을 위한 기준 금액은 행정안전부장관이 고시한 금액(5억원)을 기준으로 하나, 본 공고의 추정가격(367,272,727원)은 해당 기준 금액 미만이므로 전라남도 지역 제한 설정은 법령상 위반 사항이 없음.",False,,13079,179
PPS-DEV-052,v7,0,0,TN,0,markdown_code_fence;comparison_not_string,stop,지방자치단체를 당사자로 하는 계약에 관한 법률 시행규칙 제24조 및 제25조,500000000,367272727,"입찰추정가격 367,272,727원, 지역제한(전라남도) 적용","본 공고의 입찰추정가격은 367,272,727원으로, 지방자치단체 물품 제조·구매 계약의 지역제한 기준 금액(행정안전부장관 고시 금액 기준 5억원 미만) 범위 내에 있으며, 전라남도 지역제한 설정은 법령 위반 사항이 없음.",False,,13632,182
PPS-DEV-053,v4,1,1,TP,1,markdown_code_fence;comparison_not_string,stop,(계약예규) 정부 입찰·계약 집행기준 제2장 제5조제1항 및 제4항,227000000,100000000,④ 입찰공고일 기준 최근 3년 이내에 단일건으로 1억 원 이상 [수요기관(공공기관)]에서 발주한 유사사업 및 동등이상 관련 사업 등을 실적이 있는 업체(하도급 제외),"본 용역의 추정가격은 22,690,000원(약 2,269만 원)으로, 재정경제부장관이 고시한 물품 및 용역의 고시금액인 2억 3천만 원에 미달한다. (정부 입찰·계약 집행기준 제2장 제5조제1항 및 제4항에 따라 추정가격이 고시금액 미만인 용역계약의 경우 실적으로 경쟁참가자의 자격을 제한할 수 없으나, 본 공고는 단일건 1억 원 이상의 실적을 요구하여 입찰참가자격을 제한하고 있다.)",True,④ 입찰공고일 기준 최근 3년 이내에 단일건으로 1억 원 이상 [수요기관(공공기관)]에서 발주한 유사사업 및 동등이상 관련 사업 등을 실적이 있는 업체(하도급 제외) ※ 실적증명이 가능하고 공고일 현재 용역이 완료된 것,12959,284
PPS-DEV-053,v5,0,1,FP,0,markdown_code_fence;comparison_not_string,stop,국가를 당사자로 하는 계약에 관한 법률 시행령 제21조제1항제6호 및 시행규칙 제24조,230000000,22690000,④ 입찰공고일 기준 최근 3년 이내에 단일건으로 1억 원 이상 [수요기관(공공기관)]에서 발주한 유사사업 및 동등이상 관련 사업 등을 실적이 있는 업체(하도급 제외),"본 공고는 '국가계약법'을 적용받는 일반용역 입찰로, 입찰참가자격으로 '최근 3년 이내 단일건 1억 원 이상의 실적'을 요구하고 있습니다. 국가계약법 시행령 제21조제1항제6호 및 시행규칙 제24조에 따르면, 추정가격이 고시금액(물품 및 용역의 경우 2억 3천만 원) 미만인 경우 실적 제한을 할 수 있으나, 본 건의 입찰추정가격(22,690,000원)은 고시금액(230,000,000원)보다 현저히 낮음에도 불구하고 과도한 실적(1억 원 이상)을 요구하여 중소기업 및 소상공인의 진입을 제한할 소지가 있습니다.",True,,13501,332
PPS-DEV-053,v6,0,0,TN,0,markdown_code_fence;comparison_not_string,stop,국가를 당사자로 하는 계약에 관한 법률 시행령 제21조제1항제6호 및 시행규칙 제24조제2항제2호,22690000,22690000,"입찰추정가격 22,690,000원","본 공고의 입찰추정가격은 22,690,000원으로, 국가계약법 시행규칙 제24조제2항제2호에 따른 물품·용역의 고시금액(2억 3천만 원) 미만입니다. 따라서 지역제한을 설정하더라도 법령 위반에 해당하지 않습니다.",False,,15431,184
PPS-DEV-053,v7,0,1,FP,0,markdown_code_fence;comparison_not_string,stop,국가를 당사자로 하는 계약에 관한 법률 시행령 제21조제1항제6호 및 시행규칙 제24조제2항제2호,230000000,22690000,④ 입찰공고일 기준 최근 3년 이내에 단일건으로 1억 원 이상 [수요기관(공공기관)]에서 발주한 유사사업 및 동등이상 관련 사업 등을 실적이 있는 업체(하도급 제외),"본 공고의 입찰참가자격으로 '최근 3년 이내 단일건 1억 원 이상의 실적'을 요구하고 있습니다. 국가계약법령상 제한경쟁입찰 시 실적에 의한 제한은 가능하나, 추정가격(22,690,000원)이 고시금액(230,000,000원)보다 현저히 낮은 상황에서 1억 원 이상의 실적을 요구하는 것은 과도한 제한에 해당할 소지가 있습니다. 다만, v7 기준(실적 제한의 적절성)에 따라 추정가격 대비 실적 기준이 과도하게 높게 설정되어 있으므로 위반으로 판정합니다.",True,,15984,301
PPS-DEV-054,v4,0,,INVALID,1,markdown_code_fence;not_strict_json,stop,,,,,,False,,12277,827
PPS-DEV-054,v5,0,0,TN,1,markdown_code_fence;comparison_not_string,stop,지방자치단체 입찰 및 계약 집행기준 제4장 제2절,330000000,327272727,"지방자치단체 입찰 및 계약 집행기준 제4장 제2절 지역제한 표에 따르면, 일반용역의 경우 행정안전부장관이 고시한 고시금액 미만 시 시·도 제한이 가능함. 본 공고의 입찰추정가격은 327,272,727원으로, 고시금액(3.3억원) 미만에 해당하여 지역제한(경상남도, 부산광역시) 설정이 적법함.","입찰추정가격(327,272,727원)이 지방자치단체 일반용역 지역제한 기준 금액인 3.3억 원 미만이므로, 지역제한을 설정한 것은 법령 위반이 아님.",False,,12819,233
PPS-DEV-054,v6,0,0,TN,0,markdown_code_fence;comparison_not_string,stop,지방자치단체를 당사자로 하는 계약에 관한 법률 시행규칙 제24조 제2항 제2호,330000000,327272727,"지방자치단체를 당사자로 하는 계약에 관한 법률 시행규칙 제24조 제2항 제2호 나목에 따르면, 용역의 경우 행정안전부장관이 고시한 금액(5억원) 미만인 경우 지역제한이 가능함. 본 공고의 입찰추정가격은 327,272,727원으로 기준금액인 330,000,000원(또는 고시금액 5억원) 미만에 해당함.","본 공고는 지방자치단체가 시행하는 일반용역으로, 입찰추정가격이 327,272,727원이다. 관련 법령에 따라 용역의 경우 행정안전부령으로 정하는 금액(3.3억원 또는 고시금액 5억원) 미만인 경우 지역제한이 가능하며, 본 건은 해당 범위 내에 있으므로 지역제한(경상남도, 부산광역시) 설정은 적법하다.",False,,14749,301
PPS-DEV-054,v7,1,0,FN,0,markdown_code_fence;comparison_not_string,stop,지방자치단체를 당사자로 하는 계약에 관한 법률 시행규칙 제24조 제2항,500000000,327272727,"입찰추정가격 327,272,727원","본 공고는 일반용역으로, 지방자치단체 입찰 시 지역제한의 기준이 되는 금액 제한을 검토함. 지방자치단체 입찰 시 일반용역의 경우 행정안전부장관이 고시한 금액(5억원) 미만인 경우 지역제한이 가능함. 본 건의 추정가격은 약 3.27억원으로 5억원 미만에 해당하므로, 경상남도 및 부산광역시로 지역을 제한한 것은 법령상 적절함.",False,"가. 입찰공고일 현재「지방자치단체를 당사자로 하는 계약에 관한 법률 시행령」제13조 및 같은 법 시행규칙 제14조에 따라 입찰의 참가자격을 갖춘 자로, 입찰공고일 전일부터 계약체결일까지 주된 영업소의 소재지를 경상남도, 부산광역시 내에 둔 사업자로 제한하며, 동법 시행령 제92조(부정당업자의 입찰참가자격 제한) 및 동법 시행규칙 제76조에 해당되지 않은 업체",15302,202
PPS-DEV-055,v4,0,0,TN,0,markdown_code_fence;comparison_not_string,stop,(계약예규) 정부 입찰·계약 집행기준 제2장 제5조제1항,230000000,170909091,"추정가격 170,909,091원 (입찰추정가격 기준)","본 공고는 용역 계약이며, 추정가격이 170,909,091원으로 재정경제부령이 정하는 고시금액(물품 및 용역 2억 3천만 원) 미만입니다. (계약예규) 정부 입찰·계약 집행기준 제2장 제5조제1항 단서에 따라, 추정가격이 고시금액 미만인 제조 또는 용역계약의 경우에는 실적으로 경쟁참가자의 자격을 제한할 수 없으나, 본 공고는 실적 제한을 명시적으로 요구하고 있지 않으므로 법령 위반에 해당하지 않습니다.",False,,7718,243
PPS-DEV-055,v5,0,0,TN,0,markdown_code_fence;comparison_not_string,stop,국가를 당사자로 하는 계약에 관한 법률 시행령 제21조제1항제6호,710000000,170909091,"입찰추정가격 170,909,091원","본 공고는 국가계약법을 적용받는 준정부기관의 용역 입찰로, 추정가격이 170,909,091원이다. 국가계약법령 및 관련 고시에 따르면 물품 및 용역의 경우 고시금액(7억 1천만 원) 미만인 경우 지역제한 등을 할 수 있으나, 본 공고는 '지역제한여부: N'으로 설정되어 있으며, 입찰참가자격으로 소기업·소상공인 확인서 및 특정 업종(학술연구용역)을 제한하고 있다. 이는 법령상 허용되는 범위 내의 자격 제한이며, 지역제한을 적용하지 않았으므로 법령 위반에 해당하지 않는다.",False,,8260,259
PPS-DEV-055,v6,0,1,FP,0,markdown_code_fence;comparison_not_string,stop,국가를 당사자로 하는 계약에 관한 법률 시행령 제26조제1항제5호가목,100000000,170909091,공 고 명 : 공기업 해운부문 외부사업 운영 지원 및 감축사업 활성화 용역(제한경쟁·1억원미만),"공고명 및 조항 내용에는 '1억원 미만' 계약임을 명시하여 소기업·소상공인 대상 제한경쟁 입찰로 설정하였으나, 실제 입찰 추정가격은 170,909,091원으로 1억원을 초과함. 이는 해당 조항(추정가격 2천만원 초과 1억원 이하인 계약)의 기준을 위반한 설정임.",True,,10190,203
PPS-DEV-055,v7,0,1,FP,0,markdown_code_fence;comparison_not_string,stop,국가를 당사자로 하는 계약에 관한 법률 시행령 제26조제1항제5호가목3),100000000,170909091,"공고명: 공기업 해운부문 외부사업 운영 지원 및 감축사업 활성화 용역(제한경쟁·1억원미만), 입찰추정가격: 170,909,091원","공고명에는 '1억원 미만'이라고 명시되어 있으나, 실제 입찰추정가격은 170,909,091원으로 1억원을 초과함. 이는 수의계약 대상인 '추정가격 1억원 이하인 계약' 조건을 위반한 것으로 판단됨.",False,,10743,200
PPS-DEV-056,v4,0,0,TN,0,markdown_code_fence,stop,(구)정부 입찰·계약 집행기준 제2장 제5조제1항,230000000,80000000,"추정가격 80,000,000원 (입찰추정가격 기준)","해당 용역의 추정가격(80,000,000원)이 고시금액(230,000,000원) 미만이므로, 실적에 의한 제한경쟁 입찰을 적용할 수 없으나, 본 공고는 실적 제한이 아닌 소기업·소상공인 확인서 및 직접생산확인증명서 등 자격 요건을 제시하고 있으므로 법령 위반에 해당하지 않음.",False,,7705,201
PPS-DEV-056,v5,0,0,TN,0,markdown_code_fence;comparison_not_string,stop,국가를 당사자로 하는 계약에 관한 법률 시행령 제21조제1항제6호 및 시행규칙 제24조제2항,230000000,80000000,"입찰추정가격 80,000,000원, 적용계약법 국가계약법, 고시금액(물품 및 용역) 2억 3천만 원","본 입찰은 국가계약법을 적용받는 용역 계약으로, 추정가격이 8,000만 원이다. 국가계약법 시행령 제21조제1항제6호 및 시행규칙 제24조제2항에 따른 물품·용역의 고시금액(2억 3천만 원) 미만에 해당하므로, 지역제한 등 참가자격 제한을 설정하는 데 법적 위반 사항이 없다.",False,,8247,234
PPS-DEV-056,v6,0,0,TN,0,markdown_code_fence,stop,국가를 당사자로 하는 계약에 관한 법률 시행령 제26조제1항제5호가목제3호,100000000,80000000,ㅇ 「중소기업기본법」제2조에 따른 소기업 또는 「소상공인 보호 및 지원에 관한 법률」제2조에 따른 소상공인으로서 ‘소기업·소상공인확인서(용도: 공공기관 입찰용)’를 소지한 자,"본 공고의 입찰추정가격은 80,000,000원으로, 국가계약법 시행령 제26조제1항제5호가목제3호에 따른 소기업·소상공인 대상 수의계약 범위(추정가격 2천만원 초과 1억원 이하) 내에 해당하며, 입찰참가자격으로 소기업 또는 소상공인 확인서 소지를 요구하는 것은 법령에 부합함.",True,,10177,251
PPS-DEV-056,v7,0,0,TN,0,markdown_code_fence,stop,국가를 당사자로 하는 계약에 관한 법률 시행령 제26조제1항제5호가목3),100000000,80000000,"추정가격 80,000,000원(8천만 원)은 1억 원 이하의 계약에 해당함","본 공고는 추정가격 8천만 원의 용역 계약으로, 국가계약법 시행령 제26조제1항제5호가목3)에 따른 소기업 또는 소상공인 대상 제한경쟁 입찰 요건(추정가격 1억 원 이하)을 충족하며, 공고문에 명시된 자격 요건과 부합함.",False,,10730,193
PPS-DEV-057,v4,0,0,TN,1,markdown_code_fence;comparison_not_string,stop,국가를 당사자로 하는 계약에 관한 법률 시행령 제21조 제1항 제3호 및 시행규칙 제25조 제2항,230000000,272727273,"입찰참가자는 해당 물품을 직접 생산하는 업체이어야 하며, 단순 유통·판매 또는 OEM·ODM 방식의 납품은 허용하지 않음","본 공고는 물품제조계약으로서 입찰참가자격으로 '직접 생산하는 업체'를 요구하고 있습니다. 국가계약법 시행령 제21조 제1항 제3호에 따라 특수한 설비 또는 기술이 요구되는 물품제조계약의 경우 자격을 제한할 수 있습니다. 또한, 추정가격이 272,727,273원으로 재정경제부장관이 고시한 물품 및 용역의 개방대상금액인 2억 3천만 원 이상이므로, 직접 생산 업체로 입찰 참가 자격을 제한하는 것은 법령상 허용되는 범위 내의 적법한 제한입니다.",True,,7558,272
PPS-DEV-057,v5,1,,INVALID,1,not_strict_json,stop,,,,,,False,,8100,444
PPS-DEV-057,v6,0,0,TN,0,markdown_code_fence;comparison_not_string,stop,국가를 당사자로 하는 계약에 관한 법률 시행령 제21조제1항제6호 및 동법 시행규칙 제24조제2항,230000000,272727273,"국가계약법 적용 대상 물품(코팅머신)의 추정가격은 272,727,273원임. 시행규칙 제24조제2항제2호에 따라 물품의 경우 고시금액(230,000,000원) 미만인 경우 지역제한이 가능하나, 본 건은 추정가격이 고시금액을 초과함. 다만, 본 공고는 '지역제한여부: N'으로 설정되어 있어 법령 위반 사항이 없음.","본 공고의 추정가격(272,727,273원)은 국가계약법상 물품 고시금액(230,000,000원)을 초과하므로 원칙적으로 지역제한을 할 수 없으나, 공고 메타데이터상 지역제한 여부가 'N(아니오)'로 되어 있어 법령 위반에 해당하지 않음.",False,,10030,307
PPS-DEV-057,v7,0,0,TN,0,markdown_code_fence;comparison_not_string,stop,국가를 당사자로 하는 계약에 관한 법률 시행령 제21조제1항제6호 및 동법 시행규칙 제24조제2항,230000000,272727273,"입찰추정가격 272,727,273원","본 공고는 국가계약법을 적용받는 물품(내자) 계약으로, 물품의 경우 고시금액(2억 3천만 원) 미만 여부가 제한경쟁 입찰의 기준이 된다. 추정가격이 272,727,273원으로 고시금액인 2억 3천만 원을 초과하므로, 지역제한(본점 소재지 제한)을 적용할 수 없는 대상이다. 현재 공고상 지역제한 여부는 'N'으로 되어 있어 법령 위반 사항이 없다.",False,,10583,233
PPS-DEV-058,v4,0,0,TN,1,markdown_code_fence;comparison_not_string,stop,(구)정부 입찰·계약 집행기준 제2장 제5조제1항,230000000,172727273,"추정가격 172,727,273원 (입찰추정가격 기준)","해당 공고는 용역 계약으로, (구)정부 입찰·계약 집행기준 제2장 제5조제1항에 따라 추정가격이 고시금액(2억 3천만 원) 미만인 경우 실적으로 경쟁참가자의 자격을 제한할 수 없으나, 본 공고는 실적 제한을 명시하고 있지 않으므로 위반 사항이 없음.",False,,8866,186
PPS-DEV-058,v5,0,0,TN,1,markdown_code_fence;comparison_not_string,stop,국가를 당사자로 하는 계약에 관한 법률 시행령 제21조제1항제6호 및 시행규칙 제24조제2항,230000000,172727273,"입찰추정가격 172,727,273원, 물품 및 용역 고시금액 2억 3천만 원","본 공고는 국가계약법을 적용받는 일반용역으로, 추정가격이 172,727,273원이다. 관련 법령(국가계약법 시행규칙 제24조제2항제2호)에 따라 물품 및 용역의 경우 고시금액(2억 3천만 원) 미만인 경우 지역제한 등이 가능하며, 현재 추정가격이 고시금액인 2억 3천만 원 미만이므로 법령 위반 사항이 없다.",False,,9408,241
PPS-DEV-058,v6,0,0,TN,1,markdown_code_fence;comparison_not_string,stop,국가를 당사자로 하는 계약에 관한 법률 시행령 제21조제1항제6호 및 시행규칙 제24조제2항,230000000,172727273,"입찰추정가격 172,727,273원","본 공고의 입찰추정가격은 172,727,273원으로, 국가계약법령상 물품 및 용역의 고시금액(2억 3천만 원) 미만에 해당합니다. 따라서 지역제한 및 입찰참가자격 제한에 관한 법령 위반 사항이 발견되지 않았습니다.",False,,11338,181
PPS-DEV-058,v7,0,0,TN,1,markdown_code_fence;comparison_not_string,stop,국가를 당사자로 하는 계약에 관한 법률 시행령 제21조제1항제6호 및 시행규칙 제24조제2항,230000000,172727273,"입찰추정가격 172,727,273원","본 공고의 입찰추정가격은 172,727,273원으로, 국가계약법 적용 대상인 물품 및 용역의 고시금액(230,000,000원) 미만입니다. 따라서 지역제한 및 자격 제한 설정에 법적 위반 사항이 없습니다.",False,,11891,179
PPS-DEV-059,v4,1,1,TP,1,markdown_code_fence;comparison_not_string,stop,지방자치단체를 당사자로 하는 계약에 관한 법률 시행령 제20조제1항제5호 및 제4장 제3절 2.가.,200000000,83454545,"공고일 기준 최근 3년 이내 공공기관(국가,지자체,공기업 포함) 통근버스 운행 실적이 2억원 이상 있는 업체만 참가 자격이 있습니다.","지방자치단체 입찰 및 계약 집행기준에 따르면, 용역의 경우 추정가격이 고시금액(물품 및 용역 2억 3천만 원) 이상인 경우에만 실적 제한이 가능합니다. 본 건의 추정가격은 83,454,545원으로 고시금액 미만임에도 불구하고, 2억 원 이상의 실적을 요구하여 입찰 참가 자격을 부당하게 제한하고 있습니다.",True,"◦ 공고일 기준 최근 3년 이내 공공기관(국가,지자체,공기업 포함) 통근버스 운행 실적이 2억원 이상 있는 업체만 참가 자격이 있습니다.",13482,236
PPS-DEV-059,v5,0,0,TN,1,markdown_code_fence,stop,지방자치단체를 당사자로 하는 계약에 관한 법률 시행령 제20조제1항제6호 및 지방자치단체 입찰 및 계약 집행기준 제4장,500000000,83454545,"추정가격 83,454,545원 (입찰추정가격 기준)","본 공고는 지방계약법을 적용받는 용역 입찰로, 지역제한(강원특별자치도)을 설정하였습니다. 지방자치단체 입찰 및 계약 집행기준에 따르면 일반용역의 경우 행정안전부장관이 고시한 금액(5억원) 미만일 때 지역제한이 가능합니다. 본 건의 추정가격(83,454,545원)은 기준금액인 5억 원 미만에 해당하므로 지역제한 설정은 법령 위반이 아닙니다.",False,,14024,234
PPS-DEV-059,v6,0,1,FP,1,markdown_code_fence;threshold_not_number_or_null,stop,지방자치단체를 당사자로 하는 계약에 관한 법률 시행령 제20조제1항제6호 및 지방자치단체 입찰 및 계약 집행기준,5억원,"83,454,545원","추정가격 83,454,545원 (입찰추정가격)","지방자치단체 입찰 및 계약 집행기준에 따르면 일반용역의 경우 행정안전부장관이 고시한 금액(5억원) 미만일 때 지역제한이 가능하나, 본 공고는 추정가격이 83,454,545원으로 5억원 미만임에도 불구하고 '최근 3년 이내 공공기관 통근버스 운행 실적 2억원 이상'이라는 실적 제한을 입찰 참가자격으로 부과하고 있습니다. 이는 수의계약(소액수의견적)의 경우 실적 제한을 두는 것이 제한경쟁입찰의 범위를 벗어나 과도한 자격 제한에 해당할 수 있습니다.",False,,15954,259
PPS-DEV-059,v7,0,0,TN,1,markdown_code_fence;comparison_not_string,stop,지방자치단체를 당사자로 하는 계약에 관한 법률 시행령 제20조제1항제6호 및 지방자치단체 입찰 및 계약 집행기준,100000000,83454545,"추정가격 2천만원 초과 1억원 이하인 계약으로서 소기업·소상공인 대상 용역이며, 지역제한은 강원특별자치도로 설정됨.","본 공고는 추정가격이 83,454,545원으로, 지방자치단체 수의계약(소기업·소상공인 대상) 기준인 1억원 이하에 해당하며, 지역제한 범위인 강원특별자치도 내 소재지 제한 규정은 법령 및 지침에 부합함.",False,,16507,201
PPS-DEV-060,v4,0,0,TN,0,markdown_code_fence;threshold_not_number_or_null,stop,지방자치단체를 당사자로 하는 계약에 관한 법률 시행령 제20조제1항제5호 및 제4장 제2절,"230,000,000","541,636,364","입찰참가 자격 요건 중 '공고일 전일까지 행사(공연, 전시, 축제, 이벤트) 기획 또는 대행업 중 하나 이상을 주 업종으로 사업자등록을 필한 업체'를 요구함. 해당 사업은 용역이며, 추정가격은 541,636,364원으로 고시금액(230,000,000원) 이상임.","본 공고는 용역 계약으로, 추정가격이 고시금액(230,000,000원) 이상인 경우에 해당한다. 지방자치단체 입찰 및 계약 집행기준 및 관련 법령에 따르면 용역의 경우 실적 제한 시 규모나 금액을 기준으로 할 수 있으나, 본 공고는 특정 업종(행사 기획/대행업)의 사업자등록 여부를 자격 요건으로 제시하고 있다. 이는 입찰참가자격을 제한하는 것이나, 제공된 법령상 '특수한 기술이 요구되는 용역'에 대한 실적 제한 규정 위반 여부를 판단할 때, 추정가격이 고시금액 이상이므로 실적 제한의 근거는 성립할 수 있다. 다만, 현재 제시된 정보상으로는 특정 업종 제한이 법령 위반(과도한 제한)에 해당한다는 명확한 위반 근거가 발견되지 않으므로 위반 없음으로 판정한다.",False,,7636,402
PPS-DEV-060,v5,0,0,TN,0,markdown_code_fence;threshold_not_number_or_null,stop,지방자치단체를 당사자로 하는 계약에 관한 법률 시행규칙 제24조 제2항 나목,"500,000,000","541,636,364","입찰추정가격 541,636,364원 (지방자치단체 적용 시 5억원 기준)","본 공고의 추정가격은 541,636,364원으로, 지방자치단체 적용 시 일반용역의 기준금액인 5억원을 초과합니다. 따라서 지역제한(지역제한여부 N)을 적용하지 않은 것은 법령 위반이 아니며, 제공된 정보상 입찰참가자격 제한에 대한 위반 사항이 발견되지 않습니다.",False,,8178,199
PPS-DEV-060,v6,0,0,TN,0,markdown_code_fence;threshold_not_number_or_null,stop,지방자치단체를 당사자로 하는 계약에 관한 법률 시행령 제20조제1항제6호 및 시행규칙 제24조제2호,"500,000,000원","541,636,364원","입찰추정가격 541,63ell, 636,364원","본 공고는 지방자치단체가 주체인 '지방정부' 소관의 '일반용역'이며, 입찰추정가격이 541,636,364원이다. 지방자치단체 계약에서 지역제한을 적용할 수 있는 기준 금액(용역의 경우 행정안전부장관이 고시한 금액)과 관련하여, 제공된 법령 및 지침상 지역제한은 본점 소재지를 기준으로 제한할 수 있으나, 현재 공고상 '지역제한여부'가 'N'으로 되어 있어 법령 위반 사항이 발견되지 않는다.",False,,10108,253
PPS-DEV-060,v7,0,0,TN,0,markdown_code_fence;comparison_not_string,stop,지방자치단체를 당사자로 하는 계약에 관한 법률 시행령 제20조제1항제6호 및 지방자치단체 입찰 및 계약 집행기준,500000000,541636364,"입찰추정가격 541,636,364원","본 공고의 입찰추정가격은 541,636,364원으로, 지방자치단체 입찰 및 계약 집행기준상 지역제한 적용 대상인 '행정안전부장관이 고시한 금액(5억원)'을 초과함. 그러나 해당 공고는 '지역제한여부: N'으로 설정되어 있어 지역제한을 적용하지 않았으므로 법령 위반이 아님.",False,,10661,203
PPS-DEV-061,v4,0,0,TN,1,markdown_code_fence,stop,지방자치단체를 당사자로 하는 계약에 관한 법률 시행령 제20조제1항제5호 및 지방자치단체 입찰 및 계약 집행기준 제4장 제3절,230000000,72727273,"지방자치단체를 당사자로 하는 계약에 관한 법률 시행령 제20조제1항제5호에 따라 용역의 추정가격이 고시금액 이상인 경우에만 실적 제한이 가능함. 고시금액은 230,000,000원임. 본 공고의 입찰추정가격은 72,727,273원으로 고시금액 미만임.","본 공고는 지방자치단체를 당사자로 하는 계약이며, 용역의 추정가격이 72,727,273원으로 재정경제부장관이 정하여 고시하는 금액(230,000,000원) 미만입니다. 지방자치단체 입찰 및 계약 집행기준 및 관련 법령에 따르면 추정가격이 고시금액 미만인 용역계약의 경우 실적으로 경쟁참가자의 자격을 제한할 수 없으나, 본 공고는 실적 제한을 명시하고 있지 않으므로 위반 사항이 발견되지 않았습니다.",False,,9304,329
PPS-DEV-061,v5,0,1,FP,1,markdown_code_fence;threshold_not_number_or_null,stop,지방자치단체를 당사자로 하는 계약에 관한 법률 시행규칙 제24조 제2항 제2호 나목,"500,000,000","72,727,273","입찰추정가격 72,727,273원, 지역제한 경기도 [지역:r1|단위=기초|광역=경기도]","지방자치단체 계약에서 일반용역의 경우, 추정가격이 5억 원 미만인 경우(지방자치단체 입찰 및 계약 집행기준 및 시행규칙 기준) 지역제한이 가능하나, 본 공고는 추정가격이 약 7,272만 원으로 고시금액(5억 원) 미만임에도 불구하고 '경기도'라는 특정 광역 지자체 내의 기초 지자체(지역:r1)로 범위를 제한하고 있음. 이는 법령상 시·도 단위의 제한 원칙을 위반하여 특정 기초 지자체로 제한한 것으로 판단됨.",False,,9846,260
PPS-DEV-061,v6,1,0,FN,1,markdown_code_fence,stop,지방자치단체를 당사자로 하는 계약에 관한 법률 시행령 제20조제1항제6호 및 지방자치단체 입찰 및 계약 집행기준,500000000,72727273,3. 지방자치단체를 당사자로 하는 계약에 관한 법률 시행령제31조 및 동법 시행령 제92조에 의한 부정당업체로 제재를 받지 않은 경기도 [지역:r1|단위=기초|광역=경기도] 지역 업체,"본 공고의 추정가격은 72,727,273원으로, 지방자치단체 입찰 및 계약 집행기준에 따른 일반용역 지역제한 기준(고시금액 미만 시·도 단위 제한)을 충족하며, 경기도 지역 업체로 제한한 것은 법령상 허용되는 범위 내의 적법한 입찰 참가자격 제한입니다.",True,,11776,236
PPS-DEV-061,v7,0,0,TN,1,markdown_code_fence,stop,지방자치단체를 당사자로 하는 계약에 관한 법률 시행령 제20조제1항제6호 및 지방자치단체 입찰 및 계약 집행기준,330000000,72727273,"추정가격 72,727,273원 (입찰추정가격 기준)","본 공고는 지방자치단체 계약(지방계약법 적용)이며, 지역제한을 '경기도'로 설정하고 있습니다. 지방자치단체 입찰 및 계약 집행기준에 따르면, 행정안전부장관이 고시한 금액 미만인 일반용역의 경우 지역제한이 가능합니다. 해당 법령상 일반용역의 지역제한 기준 금액은 3.3억 원(330,000,000원)이며, 본 공고의 추정가격(72,727,273원)은 이 기준 금액 미만에 해당하므로 경기도 지역으로 제한하는 것은 법령 위반이 아닙니다.",False,,12329,259
PPS-DEV-062,v4,1,1,TP,1,markdown_code_fence;comparison_not_string,stop,지방자치단체를 당사자로 하는 계약에 관한 법률 시행령 제20조제1항제5호 및 지방자치단체 입찰 및 계약 집행기준 제4장 제1절,230000000,300000000,"2) 공고일 전일 기준 최근 5년 이내 국가,정부투자기관에서 시행한 단일 건 3억 원(VAT포함) 이상의 축제, 공연 등 문화행사 수행실적이 있어야 합니다.","지방자치단체 용역 계약에서 특수한 기술이 요구되는 경우 실적 제한은 추정가격이 고시금액(물품 및 용역 기준 2억 3천만 원) 이상인 경우에 한하여 가능하며, 실적 금액은 해당 계약목적물 추정가격의 1배 이내로 제한해야 합니다. 본 공고의 입찰추정가격은 227,272,727원으로 고시금액(230,000,000원) 미만임에도 불구하고, 3억 원 이상의 실적을 요구하여 법령상 기준을 초과하였습니다.",True,"2) 공고일 전일 기준 최근 5년 이내 국가,정부투자기관에서 시행한 단일 건 3억 원(VAT포함) 이상의 축제, 공연 등 문화행사 수행실적이 있어야 합니다.",12259,285
PPS-DEV-062,v5,0,0,TN,1,markdown_code_fence;comparison_not_string,stop,지방자치단체를 당사자로 하는 계약에 관한 법률 시행령 제20조제1항제6호 및 시행규칙 제24조,330000000,227272727,"입찰추정가격 227,272,727원, 최근 5년 이내 단일 건 3억 원 이상의 수행실적 요구","지방자치단체 계약에서 용역의 경우 행정안전부령으로 정하는 금액(고시금액) 기준은 3.3억 원이다. 본 공고의 입찰추정가격은 227,272,727원으로 기준 금액인 3.3억 원 미만에 해당하므로, 실적 제한(3억 원 이상)을 두는 것은 법령 위반이 아니며 적법한 제한이다.",False,,12801,221
PPS-DEV-062,v6,0,0,TN,1,markdown_code_fence;comparison_not_string,stop,지방자치단체를 당사자로 하는 계약에 관한 법률 시행령 제20조제1항제6호 및 시행규칙 제24조,300000000,227272727,"최근 5년 이내 국가,정부투자기관에서 시행한 단일 건 3억 원(VAT포함) 이상의 축제, 공연 등 문화행사 수행실적이 있어야 합니다.","본 공고의 입찰참가자격으로 제시된 '최근 5년 이내 단일 건 3억 원 이상의 수행실적' 요건은 추정가격(227,272,727원)을 기준으로 할 때, 지방계약법령상 제한경쟁입찰의 자격 제한 범위에 해당하나, 해당 금액 기준이 법령에서 정한 고시금액(물품/용역의 경우 행정안전부장관이 고시한 금액) 및 추정가격 규모와 비교하여 법령 위반 여부를 판단함. 다만, 본 건은 '경험(실적)'에 대한 자격 제한이며, 추정가격이 2억 2천만 원 수준이므로 3억 원 이상의 실적을 요구하는 것은 입찰 참가자의 범위를 과도하게 제한할 소지가 있으나, 법령상 '지역제한'이나 '고시금액' 기준 위반 여부를 직접적으로 위반한 것으로 보기는 어려움. (실적 제한은 기술력/전문성 확보를 위한 자격 요건으로 분류됨)",True,,14731,370
PPS-DEV-062,v7,0,1,FP,1,markdown_code_fence;comparison_not_string,stop,지방자치단체를 당사자로 하는 계약에 관한 법률 시행규칙 제24조 제1항 제2호 나목,330000000,227272727,"2) 공고일 전일 기준 최근 5년 이내 국가,정부투자기관에서 시행한 단일 건 3억 원(VAT포함) 이상의 축제, 공연 등 문화행사 수행실적이 있어야 합니다.","본 용역의 입찰추정가격은 227,272,727원으로, 지방자치단체 입찰 시 용역의 경우 지역제한 입찰의 대상이 되는 기준 금액인 3억 3천만 원(지방자치단체 입찰 및 계약 집행기준 및 시행규칙 기준) 미만에 해당하여 지역제한이 가능하나, 요구하는 수행실적 기준인 '단일 건 3억 원 이상'은 추정가격(2.27억 원)보다 높게 설정되어 있어 실질적으로 입찰 참가 자격을 제한하는 과도한 요건에 해당함.",True,,15284,267
PPS-DEV-063,v4,0,1,FP,1,markdown_code_fence;comparison_not_string,stop,(계약예규) 정부 입찰·계약 집행기준 제2장 제5조제1항,230000000,165869091,"제5조(제한기준) ① ... 제조 또는 용역의 경우에는 추정가격이 고시금액 이상인 계약에 한정한다 ... 다만, 추정가격이 고시금액 미만인 제조 또는 용역계약의 경우에는 실적으로 경쟁참가자의 자격을 제한하여서는 아니된다.","본 공고의 입찰추정가격은 165,869,091원으로, 고시금액(물품 및 용역 2억 3천만 원) 미만입니다. 정부 입찰·계약 집행기준에 따라 추정가격이 고시금액 미만인 용역계약의 경우 실적으로 경쟁참가자의 자격을 제한할 수 없으나, 본 공고는 입찰참가자격(경험/실적)을 제한하고 있으므로 법령 위반에 해당합니다.",False,,16656,260
PPS-DEV-063,v5,0,0,TN,1,markdown_code_fence;comparison_not_string,stop,국가를 당사자로 하는 계약에 관한 법률 시행령 제21조제1항제6호 및 시행규칙 제24조제2항,165869091,230000000,"국가계약법 시행규칙 제24조제2항제2호에 따르면 물품·용역의 경우 고시금액(2억 3천만 원) 미만인 경우 지역제한이 가능함. 본 공고의 추정가격은 165,869,091원으로 고시금액인 230,000,000원 미만에 해당함.","본 공고의 추정가격(165,869,091원)은 국가계약법상 물품 및 용역의 고시금액 기준인 2억 3천만 원 미만이므로, 지역제한(대구광역시, 경상북도) 설정은 법령 위반이 아님.",False,,17198,252
PPS-DEV-063,v6,0,0,TN,0,markdown_code_fence;comparison_not_string,stop,국가를 당사자로 하는 계약에 관한 법률 시행령 제21조제1항제6호 및 시행규칙 제24조제2항,230000000,165869091,"국가계약법 적용 대상이며, 추정가격은 165,869,091원임. 관련 법령상 물품 및 용역의 경우 고시금액(2억 3천만 원) 미만인 계약에 해당함.","본 공고의 입찰참가자격 제한은 지역제한(대구광역시, 경상북도) 및 업종제한(시설경비업)을 포함하고 있으나, 추정가격이 고시금액(2억 3천만 원) 미만이므로 법령 위반 사항이 없음.",False,,19128,213
PPS-DEV-063,v7,1,0,FN,0,markdown_code_fence;comparison_not_string,stop,국가를 당사자로 하는 계약에 관한 법률 시행령 제21조제1항제6호 및 시행규칙 제24조제2항,230000000,165869091,"국가계약법 적용 대상이며, 추정가격은 165,869,091원이다. 법령상 물품·용역의 경우 고시금액(2억 3천만 원) 미만인 계약에 해당한다.","본 공고의 추정가격(165,869,091원)은 물품 및 용역의 고시금액 기준인 2억 3천만 원 미만으로, 지역제한경쟁 입찰 자격 제한 규정을 준수하고 있다.",False,마. 입찰공고일 전일부터 입찰일(낙찰자는 계약체결일)까지 주된 영업소(지점 및 대리점 포함)“대구광역시”또는“경상북도”에 둔 업체,19681,206
PPS-DEV-064,v4,0,0,TN,1,markdown_code_fence,stop,국가를 당사자로 하는 계약에 관한 법률 시행령 제21조제1항제5호 및 (계약예규) 정부 입찰·계약 집행기준 제5조제1항,230000000,685513855,"입찰추정가격 685,513,855원 (고시금액 230,000,000원 이상)","해당 공고는 국가기관이 발주하는 일반용역(협상에 의한 계약)으로, 추정가격이 고시금액(2억 3천만 원) 이상인 경우에 해당합니다. 제공된 추출 근거(experience_text) 상에는 구체적인 실적 제한 조건(실적의 규모나 금액 제한)이 명시되어 있지 않으며, 단순히 담당자 연락처 및 중대재해처벌법 관련 안내 사항만 포함되어 있습니다. 따라서 실적 제한을 통한 입찰 참가 자격 제한 위반 여부를 판단할 수 있는 실적 제한 문구가 존재하지 않으므로 위반 사항이 없습니다.",False,,7496,273
PPS-DEV-064,v5,0,0,TN,1,markdown_code_fence;comparison_not_string,stop,국가를 당사자로 하는 계약에 관한 법률 시행령 제21조제1항제6호 및 시행규칙 제24조제2항제2호,230000000,685513855,"입찰추정가격 685,513,855원","본 공고는 국가계약법을 적용받는 일반용역(추정가격 685,513,855원)으로, 지역제한 입찰의 기준이 되는 고시금액(물품 및 용역 2억 3천만 원)을 초과합니다. 따라서 지역제한을 적용할 수 있는 대상이 아니며, 현재 공고상 지역제한 여부가 'N'(제한 없음)으로 되어 있으므로 법령 위반 사항이 없습니다.",False,,8038,215
PPS-DEV-064,v6,0,0,TN,0,markdown_code_fence;comparison_not_string,stop,국가를 당사자로 하는 계약에 관한 법률 시행령 제21조제1항제6호 및 시행규칙 제24조제2항제2호,230000000,685513855,입찰추정가격: 685513855원,"본 공고는 국가계약법을 적용받는 일반용역 입찰로, 추정가격이 685,513,855원이다. 국가계약법 시행규칙 제24조제2항제2호에 따르면 물품의 제조·구매 및 용역의 경우 재정경제부장관이 정하는 고시금액(2억 3천만 원) 미만인 경우에만 지역제한이 가능하나, 본 건은 고시금액을 초과하므로 지역제한 대상이 아니다. 다만, 현재 공고상 '지역제한여부'가 'N'으로 설정되어 있어 법령 위반 사항이 없다.",False,,9968,255
PPS-DEV-064,v7,0,0,TN,0,markdown_code_fence;comparison_not_string,stop,국가를 당사자로 하는 계약에 관한 법률 시행령 제2조제1호 및 제21조제1항,230000000,685513855,입찰추정가격 685513855원,"본 공고의 입찰추정가격은 685,513,855원으로, 국가계약법상 물품 및 용역의 국제입찰 대상 기준인 고시금액(2억 3천만 원)을 초과한다. 따라서 국제입찰 대상에 해당하며, 지역제한(지역제한여부 N) 및 기타 자격 제한 사항에 대한 법령 위반 사항이 발견되지 않았다.",False,,10521,190
PPS-DEV-065,v4,0,1,FP,0,markdown_code_fence;threshold_not_number_or_null,stop,(계약예규) 정부 입찰·계약 집행기준 제2장 제5조제1항,"230,000,000","135,000,000",추정가격 1억원이상 고시금액 미만 물품·용역(중소기업자),"해당 공고의 입찰추정가격은 135,000,000원으로, 정부 입찰·계약 집행기준 제2장 제5조제1항에 따라 추정가격이 고시금액(230,000,000원) 미만인 제조 또는 용역계약의 경우 실적으로 경쟁참가자의 자격을 제한할 수 없으나, 공고상 '고시금액 미만'임을 명시하며 실적 제한 가능성을 시사하고 있음. 또한, 제공된 정보상 실적 제한에 대한 구체적 위반 사항은 나타나지 않으나, 고시금액 미만 계약에서 실적 제한을 시도할 경우 법령 위반 소지가 있음.",False,,6103,268
PPS-DEV-065,v5,0,0,TN,0,markdown_code_fence;comparison_not_string,stop,국가를 당사자로 하는 계약에 관한 법률 시행령 제21조제1항제6호 및 시행규칙 제24조제2항제2호,230000000,135000000,"추정가격 135,000,000원 (입찰추정가격 기준)","본 공고는 국가계약법을 적용받는 준정부기관의 용역 입찰로, 지역제한(본점 소재지 제한)을 적용할 수 있는 기준 금액은 물품 및 용역의 경우 재정경제부장관이 고시한 금액(2억 3천만 원) 미만이어야 한다. 해당 공고의 추정가격은 1억 3,500만 원으로 고시금액인 2억 3천만 원 미만에 해당하므로, 법령에 따른 지역제한 적용 대상에 부합하며 위반 사항이 없다.",False,,6645,243
PPS-DEV-065,v6,0,0,TN,0,markdown_code_fence;comparison_not_string,stop,국가를 당사자로 하는 계약에 관한 법률 시행령 제21조제1항제6호 및 시행규칙 제24조제2항제2호,230000000,135000000,"추정가격 135,000,000원 (입찰추정가격 기준)","본 공고는 국가계약법을 적용받는 일반용역(준정부기관 발주)으로, 국가계약법 시행령 제21조제1항제6호 및 시행규칙 제24조제2항제2호에 따라 물품·용역의 경우 고시금액(2억 3천만 원) 미만인 계약에 해당함. 현재 지역제한 여부가 'N'으로 설정되어 있으나, 추정가격이 고시금액(2.3억 원) 미만이므로 법령상 제한경쟁 입찰 대상 범위 내에 존재하며, 지역제한을 설정하지 않은 것은 법령 위반이 아님.",False,,8575,260
PPS-DEV-065,v7,0,0,TN,0,markdown_code_fence;comparison_not_string,stop,국가를 당사자로 하는 계약에 관한 법률 시행령 제21조제1항제6호 및 시행규칙 제24조제2항,230000000,135000000,"입찰추정가격 135,000,000원","본 공고는 국가계약법을 적용받는 일반용역 입찰로, 물품 및 용역의 고시금액 기준인 2억 3천만 원 미만(1.35억 원)에 해당하므로 지역제한 및 입찰 참가 자격 제한에 관한 법령 위반 사항이 발견되지 않음.",False,,9128,178
PPS-DEV-066,v4,0,0,TN,1,markdown_code_fence;threshold_not_number_or_null,stop,지방자치단체를 당사자로 하는 계약에 관한 법률 시행령 제20조제1항제5호 및 지방자치단체 입찰 및 계약 집행기준 제4장 제2절,"230,000,000","111,091,236","수련활동 수행 실적 10건 이상 : 10점, 8건 이상 : 8점, 6건 미만 : 4점 (최근 3년간 수련활동 수행 실적 요구)","본 공고의 입찰추정가격은 111,091,236원으로, 지방자치단체 입찰 및 계약 집행기준에 따른 용역 실적 제한을 위한 고시금액(2억 3천만 원) 미만입니다. 또한, 실적 제한의 기준이 되는 '수련활동 수행 실적 건수'는 입찰참가자격(자격 제한)이 아닌 평가표 상의 '객관적 평가' 항목에 해당하므로 법령 위반으로 보지 않습니다.",False,,18156,263
PPS-DEV-066,v5,0,0,TN,1,markdown_code_fence,stop,지방자치단체를 당사자로 하는 계약에 관한 법률 시행규칙 제24조제2항제2호,500000000,111091236,"입찰추정가격 111,091,236원","해당 공고는 지방계약법을 적용받는 일반용역으로, 지역제한 입찰 시 추정가격이 행정안전부령으로 정하는 금액(용역의 경우 5억원 또는 고시금액) 미만인 경우 해당 시·도 내에 소재한 업체로 제한할 수 있습니다. 본 건의 추정가격은 111,091,236원으로, 지역제한 기준 금액인 5억원(또는 고시금액) 미만에 해당하므로 경기도 여주, 양평 지역 제한 설정은 법령 위반이 아닙니다.",False,,18698,228
PPS-DEV-066,v6,1,0,FN,1,markdown_code_fence;threshold_not_number_or_null,stop,지방자치단체를 당사자로 하는 계약에 관한 법률 시행령 제20조제1항제6호 및 지방자치단체 입찰 및 계약 집행기준,행정안전부령으로 정하는 금액(용역의 경우 3.3억원),"111,091,236","입찰추정가격 111,091,236원","본 공고의 입찰추정가격은 111,091,236원으로, 지역제한 입찰의 기준이 되는 금액(용역의 경우 3.3억원 미만) 범위 내에 있으므로 지역제한 설정은 법령 위반이 아닙니다.",False,,20628,184
PPS-DEV-066,v7,0,,INVALID,0,not_strict_json,stop,,,,,,False,,21181,560
PPS-DEV-067,v4,0,0,TN,0,markdown_code_fence;comparison_not_string,stop,지방자치단체를 당사자로 하는 계약에 관한 법률 시행령 제20조제1항제5호 및 지방자치단체 입찰 및 계약 집행기준 제4장 제2절,230000000,138045455,"입찰추정가격 138,045,455원, 고시금액 230,000,000원","본 공고는 용역 계약으로, 지방자치단체 입찰 및 계약 집행기준에 따라 용역 실적 제한을 위해서는 추정가격이 고시금액(2억 3천만 원) 이상이어야 합니다. 현재 입찰추정가격은 138,045,455원으로 고시금액 미만입니다. 다만, 본 공고는 실적 제한을 명시적으로 요구하고 있지 않으며, 업종 제한(측정대행업) 및 지역 제한(서울특별시)을 적용하고 있으므로 법령 위반에 해당하지 않습니다.",False,,8476,256
PPS-DEV-067,v5,0,1,FP,1,markdown_code_fence;comparison_not_string,stop,지방자치단체를 당사자로 하는 계약에 관한 법률 시행령 제20조제1항제6호 및 지방자치단체 입찰 및 계약 집행기준 제4장,500000000,138045455,"입찰추정가격 138,045,455원, 지역제한(서울특별시) 적용","본 공고는 지방자치단체 계약법을 적용받는 용역 입찰로, 지역제한을 적용하기 위해서는 추정가격이 행정안전부령으로 정하는 금액(일반용역의 경우 5억원) 이상이어야 하나, 본 건의 추정가격은 138,045,455원으로 기준 금액인 5억원 미만임. 따라서 지역제한을 적용하는 것은 법령 위반임.",False,,9018,216
PPS-DEV-067,v6,0,0,TN,0,markdown_code_fence;comparison_not_string,stop,지방자치단체를 당사자로 하는 계약에 관한 법률 시행령 제20조제1항제6호 및 지방자치단체 입찰 및 계약 집행기준,330000000,151850000,"입찰추정가격 138,045,455원, 지역제한 서울특별시","본 공고는 일반용역(측정대행업)으로 추정가격이 138,045,455원이다. 지방자치단체 입찰 및 계약 집행기준에 따르면 일반용역의 경우 행정안전부장관이 고시한 금액(3.3억원) 미만일 때 지역제한이 가능하다. 본 건의 추정가격은 3.3억원 미만이므로 서울특별시로 지역을 제한한 것은 법령상 적절하다.",False,,10948,220
PPS-DEV-067,v7,0,0,TN,0,markdown_code_fence;comparison_not_string,stop,지방자치단체를 당사자로 하는 계약에 관한 법률 시행령 제20조제1항제6호 및 지방자치단체 입찰 및 계약 집행기준,330000000,138045455,"입찰추정가격 138,045,455원, 지역제한(서울특별시)","본 공고의 입찰추정가격은 138,045,455원으로, 지방자치단체 입찰 및 계약 집행기준상 일반용역의 지역제한 기준인 3.3억 원(건설기술용역 등) 또는 행정안전부령으로 정하는 금액 미만 조건에 부합하며, 서울특별시로 제한한 것은 법령 위반이 아님.",False,,11501,203
PPS-DEV-068,v4,0,0,TN,0,markdown_code_fence;comparison_not_string,stop,(계약예규)정부 입찰·계약 집행기준 제2장 제5조제1항,230000000,26418182,"추정가격 26,418,182원 (입찰추정가격 기준)","해당 공고는 추정가격이 26,418,182원으로, 용역 계약의 실적 제한을 위한 고시금액(2억 3천만 원) 미만입니다. (계약예규)정부 입찰·계약 집행기준 제2장 제5조제1항에 따라 추정가격이 고시금액 미만인 제조 또는 용역계약의 경우에는 실적으로 경쟁참가자의 자격을 제한할 수 없으나, 본 공고는 실적 제한을 명시적으로 요구하지 않았으므로 위반 사항이 없습니다.",False,,6480,227
PPS-DEV-068,v5,0,0,TN,0,markdown_code_fence;comparison_not_string,stop,국가계약법 시행령 제21조제1항제6호 및 시행규칙 제24조제2항제2호,230000000,26418182,"입찰추정가격 26,418,182원 (물품·용역)","본 공고는 국가계약법을 적용받는 일반용역이며, 추정가격이 26,418,182원으로 재정경제부장관이 고시한 금액(물품 및 용역 기준 2억 3천만 원) 미만입니다. 따라서 지역제한 등 입찰 참가자격 제한이 가능하나, 현재 공고상 '지역제한여부'가 'N'으로 되어 있고 별도의 지역 제한을 두지 않았으므로 법령 위반 사항이 없습니다.",False,,7022,219
PPS-DEV-068,v6,0,0,TN,0,markdown_code_fence;comparison_not_string,stop,국가를 당사자로 하는 계약에 관한 법률 시행령 제26조제1항제5호가목3),100000000,26418182,"추정가격 26,418,182원 (조항호내용: 추정가격 1억원 미만 물품·용역(소기업, 소상공인, 벤처기업, 창업자))","본 공고의 추정가격은 26,418,182원으로, 국가계약법 시행령 제26조제1항제5호가목3)에 따른 소기업·소상공인 대상 계약 범위(추정가격 2천만원 초과 1억원 이하)에 해당하며, 해당 조항에 따른 제한 사항 위반이 발견되지 않음.",False,,8952,216
PPS-DEV-068,v7,0,0,TN,0,markdown_code_fence;comparison_not_string,stop,국가를 당사자로 하는 계약에 관한 법률 시행령 제26조제1항제5호가목3,100000000,26418182,"추정가격 26,418,182원 (입찰추정가격 기준)","본 공고는 추정가격이 1억원 이하인 용역이며, 조항호내용에 따라 소기업 또는 소상공인 제한이 적용되는 구간입니다. 제공된 법령상 추정가격 2천만원 초과 1억원 이하인 계약으로서 소기업/소상공인과 체결하는 용역 계약에 해당하며, 입찰추정가격(26,418,182원)이 해당 기준 범위 내에 있으므로 법령 위반 사항이 발견되지 않았습니다.",False,,9505,212
PPS-DEV-069,v4,0,1,FP,1,markdown_code_fence;comparison_not_string,stop,(계약예규) 정부 입찰·계약 집행기준 제2장 제5조제1항 및 [국가를 당사자로 하는 계약에 관한 법률 시행령] 제21조제1항,230000000,50000000,최근 10년 이내 동종업종 실적 5천만원 이상 보유한 업체,"해당 공고는 국가계약법을 적용하는 일반용역으로, 추정가격이 72,727,273원이다. (계약예규) 정부 입찰·계약 집행기준에 따르면 제조 또는 용역의 경우 추정가격이 고시금액(물품 및 용역 2억 3천만 원) 미만인 경우 실적으로 경쟁참가자의 자격을 제한하여서는 안 된다. 본 건의 추정가격은 고시금액인 230,000,000원보다 적으므로 실적 제한을 둘 수 없다.",True,,9076,254
PPS-DEV-069,v5,0,0,TN,0,markdown_code_fence;comparison_not_string,stop,국가를 당사자로 하는 계약에 관한 법률 시행령 제21조제1항제6호 및 시행규칙 제24조제2항,230000000,72727273,"추정가격 72,727,273원 (입찰추정가격 기준)","본 공고는 국가계약법을 적용받는 일반용역 입찰로, 지역제한 및 중복제한 여부를 검토하였다. 관련 법령에 따르면 물품 및 용역의 경우 고시금액(2억 3천만 원) 미만일 때 제한경쟁이 가능하며, 본 건의 추정가격은 72,727,273원으로 고시금액 미만에 해당하여 적법하다. 또한, 입찰참가자격으로 제시된 '최근 10년 이내 동종업종 실적 5천만원 이상 보유'는 실적 제한 사항이나, 이는 지역제한과 중복 제한 금지 원칙(지방자치단체 입찰 및 계약 집행기준 제4장 제3절 1.나)에 따라 검토 대상이나, 본 공고는 국가기관 발주로서 지방자치단체 기준의 중복제한 금지 규정을 직접 적용받지는 않으나, 실적 제한은 통상적으로 적법한 자격 제한 범위 내에 있다.",False,,9618,335
PPS-DEV-069,v6,0,0,TN,0,markdown_code_fence,stop,국가를 당사자로 하는 계약에 관한 법률 시행령 제26조제1항제5호가목3),100000000,72727273,"추정가격 1억원 미만 물품·용역(소기업, 소상공인, 벤처기업, 창업자)","본 공고의 입찰참가자격으로 제시된 '최근 10년 이내 동종업종 실적 5천만원 이상 보유한 업체'는 추정가격 1억원 미만인 계약에서 소기업·소상공인 등을 대상으로 하는 수의계약 또는 제한경쟁의 요건을 설정한 것으로 보이나, 제공된 법령상 추정가격 2천만원 초과 1억원 이하인 계약에서 소기업·소상공인과 체결하는 계약에 대한 제한은 가능하므로 법령 위반으로 판단되지 않음.",False,,11548,234
PPS-DEV-069,v7,0,0,TN,0,markdown_code_fence,stop,국가를 당사자로 하는 계약에 관한 법률 시행령 제26조제1항제5호가목3,100000000,72727273,"추정가격 1억원 미만 물품·용역(소기업, 소상공인, 벤처기업, 창업자)","본 공고의 추정가격은 72,727,273원으로, 국가계약법 시행령 제26조제1항제5호가목3에 따른 소기업·소상공인 대상 수의계약 범위(추정가격 2천만원 초과 1억원 이하)에 해당하며, 입찰 참가 자격으로 소기업·소상공인 확인서 및 동종업종 실적(5천만원 이상)을 요구하고 있으므로 법령 위반 사항이 발견되지 않음.",False,,12101,224
PPS-DEV-070,v4,0,0,TN,0,markdown_code_fence;threshold_not_number_or_null,stop,(계약예규) 정부 입찰·계약 집행기준 제2장 제5조제1항,"230,000,000","96,521,864","입찰추정가격 96,521,864원 (물품)","해당 공고는 물품 계약으로, 추정가격이 고시금액(2억 3천만 원) 미만입니다. (계약예규) 정부 입찰·계로의 제2장 제5조제1항 단서에 따라, 추정가격이 고시금액 미만인 제조 또는 용역(물품 포함) 계약의 경우 실적으로 경쟁참가자의 자격을 제한할 수 없으나, 본 공고는 실적 제한을 두지 않고 지역 및 소기업/소상공인 자격만을 제한하고 있으므로 법령 위반 사항이 없습니다.",False,,6882,228
PPS-DEV-070,v5,0,0,TN,1,markdown_code_fence;comparison_not_string,stop,국가를 당사자로 하는 계약에 관한 법률 시행령 제21조제1항제6호 및 시행규칙 제24조제2항제2호,230000000,96521864,"입찰추정가격 96,521,864원, 지역제한(강원특별자치도) 적용","본 공고는 국가계약법을 적용받는 물품 구매 건으로, 추정가격이 96,521,864원이다. 국가계약법 시행규칙 제24조제2항제2호에 따라 물품의 경우 고시금액(2억 3천만 원) 미만일 때 지역제한이 가능하다. 본 건의 추정가격은 고시금액인 2억 3천만 원 미만이므로, 강원특별자치도로 지역제한을 설정한 것은 법령상 적합하다.",False,,7424,240
PPS-DEV-070,v6,1,0,FN,1,markdown_code_fence;comparison_not_string,stop,국가를 당사자로 하는 계약에 관한 법률 시행령 제21조제1항제6호 및 시행규칙 제24조제2항,200000000,96521864,입찰참가자격에 주된 영업소의 소재지를 강원도로 제한함.,"본 공고는 국가계약법을 적용받는 물품 구매 계약으로, 추정가격이 96,521,864원이다. 국가계약법 시행령 제21조제1항제6호 및 시행규칙 제24조제2항에 따르면 물품의 경우 재정경제부장관이 고시하는 금액(2억 3천만 원) 미만인 경우 지역 제한이 가능하다. 본 건의 추정가격은 고시금액인 2억 3천만 원 미만이므로 강원도로의 지역 제한은 법령 위반이 아니다.",False,,9354,238
PPS-DEV-070,v7,0,0,TN,1,markdown_code_fence;comparison_not_string,stop,국가를 당사자로 하는 계약에 관한 법률 시행령 제21조제1항제6호 및 시행규칙 제24조제2항,230000000,96521864,"입찰추정가격 96,521,864원, 적용계약법 국가계약법, 업무구분 물품(내자)","본 공고는 국가계약법을 적용받는 물품 구매 계약으로, 추정가격이 96,521,864원이다. 국가계약법 시행규칙 제24조제2항에 따르면 물품의 제조·구매 등에서의 고시금액(기준금액)은 2억 3천만 원이다. 본 건의 추정가격은 고시금액인 2억 3천만 원 미만이므로, 지역제한(강원특별자치도) 설정은 법령상 위반 사항이 없다.",False,,9907,244
PPS-DEV-071,v4,0,1,FP,1,markdown_code_fence;comparison_not_string,stop,지방자치단체를 당사자로 하는 계약에 관한 법률 시행령 제20조제1항제5호 및 지방자치단체 입찰 및 계약 집행기준 제4장 제1절,230000000,500000000,공고일 전일 기준 최근 10년 이내 국가 및 지자체 등 공공기관 또는 민간단체에서 발주하여 완료된 단일 행사 기준 5억원 이상 실적이 있는 업체이어야 합니다.,"용역 계약의 실적 제한은 추정가격이 고시금액(물품 및 용역 2억 3천만 원) 이상인 경우에 가능하며, 실적 금액은 해당 계약목적물 추정가격의 1배 이내로 제한해야 합니다. 본 공고의 추정가격은 427,272,727원으로 고시금액 이상에 해당하여 실적 제한이 가능하나, 요구하는 실적 금액(5억 원)이 해당 계약의 추정가격(약 4.27억 원)을 초 exceed하여 1배를 초과하였으므로 법령 위반입니다.",True,,11931,284
PPS-DEV-071,v5,0,1,FP,1,markdown_code_fence;comparison_not_string,stop,지방자치단체를 당사자로 하는 계약에 관한 법률 시행령 제20조제1항제6호 및 지방자치단체 입찰 및 계약 집행기준 제4장 제2절,500000000,427272727,공고문 내 '공고일 전일 기준 최근 10년 이내 국가 및 지자체 등 공공기관 또는 민간단체에서 발주하여 완료된 단일 행사 기준 5억원 이상 실적이 있는 업체이어야 합니다.'라는 문구 포함,"지방자치단체 입찰 및 계약 집행기준에 따르면, 지역제한 입찰 시 추정가격이 5억원 미만인 경우(본 건 추정가격 427,272,727원) 실적 제한을 두는 것은 부적절할 수 있으나, 본 건의 경우 '단일 행사 기준 5억원 이상 실적'을 요구하고 있음. 이는 추정가격(4.27억원)보다 높은 금액의 실적을 요구하는 것으로, 실적 제한의 기준이 되는 금액이 추정가격보다 높게 설정되어 입찰 참가자의 자격을 과도하게 제한하는 위반 소지가 있음.",False,,12473,293
PPS-DEV-071,v6,1,1,TP,0,markdown_code_fence;comparison_not_string,stop,지방자치단체를 당사자로 하는 계약에 관한 법률 시행령 제20조제1항제6호 및 지방자치단체 입찰 및 계약집행기준,500000000,427272727,공고일 전일 기준 최근 10년 이내 국가 및 지자체 등 공공기관 또는 민간단체에서 발주하여 완료된 단일 행사 기준 5억원 이상 실적이 있는 업체이어야 합니다.,"본 공고의 입찰추정가격은 427,272,727원임에도 불구하고, 입찰 참가자격으로 '단일 행사 기준 5억원 이상의 실적'을 요구하고 있습니다. 이는 추정가격보다 높은 실적을 요구하는 것으로서, 지방자치단체 계약에서 통상적으로 적용되는 실적 제한의 범위를 초과하여 입찰 참여를 부당하게 제한하는 위반 사항에 해당합니다.",True,,14403,234
PPS-DEV-071,v7,0,1,FP,0,markdown_code_fence;comparison_not_string,stop,지방자치단체를 당사자로 하는 계약에 관한 법률 시행령 제20조제1항제6호 및 지방자치단체 입찰 및 계약 집행기준,500000000,500000000,공고일 전일 기준 최근 10년 이내 국가 및 지자체 등 공공기관 또는 민간단체에서 발주하여 완료된 단일 행사 기준 5억원 이상 실적이 있는 업체이어야 합니다.,"본 공고의 입찰추정가격은 427,272,727원임에도 불구하고, 입찰 참가자격으로 '단일 행사 기준 5억원 이상의 실적'을 요구하고 있습니다. 이는 추정가격(약 4.27억원)보다 높은 금액의 실적을 요구하는 것으로, 실질적으로 입찰 참여를 제한하는 과도한 자격 제한에 해당하여 법령 위반 소지가 있습니다.",True,,14956,235
PPS-DEV-072,v4,0,0,TN,1,markdown_code_fence;threshold_not_number_or_null,stop,지방자치단체를 당사자로 하는 계약에 관한 법률 시행령 제20조제1항제5호 및 제4장 제1절,"230,000,000","38,600,000","지방자치단체를 당사자로 하는 계약에 관한 법률 시행령 제20조제1항제5호에 따르면, 용역계약의 경우 해당 용역과 같은 종류의 용역수행실적을 기준으로 자격을 제한하려면 해당 용역계약의 추정가격이 재정경제부장관이 정하여 고시한 금액 이상이어야 한다. 현재 입찰추정가격은 38,600,000원이며, 고시금액은 230,000,000원이다.","본 공고는 추정가격이 고시금액(2억 3천만 원) 미만인 용역 계약이므로, 실적을 통한 입찰참가자격 제한을 할 수 없는 대상이다. 다만, 본 공고의 입찰참가자격은 실적 제한이 아닌 지역 제한(경기도/제주도) 및 소기업·소상공인 확인서 제출로 구성되어 있으며, 실적에 관한 구체적인 제한 수치를 명시하여 자격을 제한하는 위반 사항이 발견되지 않았다.",False,,11401,325
PPS-DEV-072,v5,0,0,TN,1,markdown_code_fence;threshold_not_number_or_null,stop,지방자치단체를 당사자로 하는 계약에 관한 법률 시행규칙 제24조 제2항 제2호,"500,000,000","38,600,000","입찰추정가격 38,600,000원, 지역제한(경기도 또는 제주도) 적용","본 공고의 입찰추정가격(38,600,000원)은 지방자치단체 계약법 시행규칙 제24조 제2항 제2호에 따른 지역제한 기준 금액(5억원 또는 행정안전부장관 고시 금액) 미만에 해당하므로, 경기도 및 제주도를 대상으로 한 지역제한 입찰은 법령 위반이 아닙니다.",False,,11943,198
PPS-DEV-072,v6,1,0,FN,1,markdown_code_fence;comparison_not_string,stop,지방자치단체를 당사자로 하는 계약에 관한 법률 시행령 제20조제1항제6호 및 지방자치단체 입찰 및 계약 집행기준,330000000,42460000,입찰참가자격 2) 입찰공고일 전일부터 계약체결일까지 법인등기부상 본점 소재지...를 계속 경기도 또는 제주도에 둔 업체,"본 공고는 추정가격이 38,600,000원으로, 지방자치단체 입찰 및 계약 집행기준상 일반용역의 지역제한 기준 금액(3.3억원 미만) 및 관련 법령의 지역제한 범위 내에 해당하며, 경기도와 제주도를 지역제한 범위로 설정한 것은 법령 위반이 아닌 적법한 제한으로 판단됨.",False,,13873,218
PPS-DEV-072,v7,1,0,FN,1,markdown_code_fence,stop,지방자치단체를 당사자로 하는 계약에 관한 법률 시행령 제20조제1항제6호 및 지방자치단체 입찰 및 계약 집행기준,,경기도 또는 제주도,2) 입찰공고일 전일부터 계약체결일까지 법인등기부상 본점 소재지(개인사업자인 경우 사업장등록증 또는 관련 법령에 따른 허가·면허·등록·신고에 관련된 서류에 기재된 사업장의 소재지)를 계속 경기도 또는 제주도에 둔 업체 3) 경기도 또는 제주도 지역에 소재한 교육(연수) 시설을 보유하고 있는 자,"본 공고는 추정가격 38,600,000원으로 지방자치단체 입찰 및 계약 집행기준상 일반용역 지역제한 범위(행정안전부장관이 고시한 금액 미만)에 해당하며, 지역제한을 경기도 또는 제주도로 설정한 것은 법령상 허용되는 범위 내의 적절한 제한임.",False,2) 입찰공고일 전일부터 계약체결일까지 법인등기부상 본점 소재지(개인사업자인 경우 사업장등록증 또는 관련 법령에 따른 허가·면허·등록·신고에 관련된 서류에 기재된 사업장의 소재지)를 계속 경기도 [지역:r1|단위=기초|광역=경기도] 또는 제주도에 둔 업체,14426,254
PPS-DEV-073,v4,0,0,TN,0,markdown_code_fence;comparison_not_string,stop,(계약예규) 정부 입찰·계약 집행기준 제2장 제5조제1항,230000000,42727273,"입찰추정가격 42,727,273원","해당 공고는 일반용역(학술·연구용역)이며, 추정가격이 42,727,273원으로 재정경제부장관이 고시한 물품 및 용역의 고시금액(2억 3천만 원) 미만입니다. (계약예규) 정부 입찰·계약 집행기준 제5조제1항에 따라 추정가격이 고시금액 미만인 제조 또는 용역계약의 경우 실적으로 경쟁참가자의 자격을 제한할 수 없으나, 본 공고는 실적 제한을 명시적으로 규정하고 있지 않으므로 법령 위반에 해당하지 않습니다.",False,,8742,240
PPS-DEV-073,v5,0,0,TN,0,markdown_code_fence;comparison_not_string,stop,국가를 당사자로 하는 계약에 관한 법률 시행령 제21조제1항제6호 및 시행규칙 제24조제2항제2호,230000000,42727273,"추정가격 42,727,273원 (물품 및 용역 고시금액 2억 3천만 원 미만)","본 공고는 국가계약법을 적용받는 일반용역으로, 추정가격이 42,727,273원이다. 관련 법령(국가계약법 시행규칙 제24조제2항제2호)에 따르면 물품 및 용역의 경우 고시금액(2억 3천만 원) 미만인 경우 제한경쟁이 가능하며, 본 건은 해당 기준 금액 미만에 해당하므로 위반 사항이 없다.",False,,9284,230
PPS-DEV-073,v6,0,0,TN,0,markdown_code_fence;comparison_not_string,stop,국가를 당사자로 하는 계약에 관한 법률 시행령 제21조제1항제6호,230000000,42727273,"추정가격 42,727,273원","본 공고는 국가계약법을 적용받는 일반용역으로, 지역제한 입찰 시 적용되는 고시금액 기준(물품 및 용역 2억 3천만 원) 미만의 계약입니다. 현재 지역제한 여부가 'N'으로 설정되어 있어 법령 위반 사항이 발견되지 않았습니다.",False,,11214,161
PPS-DEV-073,v7,0,0,TN,0,markdown_code_fence;comparison_not_string,stop,국가를 당사자로 하는 계약에 관한 법률 시행령 제21조제1항제6호 및 시행규칙 제24조제2항제2호,230000000,42727273,"입찰추정가격 42,727,273원","본 공고는 국가기관이 발주하는 일반용역으로, 적용 법령은 국가계약법입니다. 국가계약법 시행규칙 제24조제2항제2호에 따르면 물품·용역의 경우 고시금액(2억 3천만 원) 미만인 경우 지역제한이 가능합니다. 본 건의 추정가격은 42,727,273원으로 고시금액인 230,000,000원 미만에 해당하므로 법령 위반 사항이 없습니다.",False,,11767,228
PPS-DEV-074,v4,0,0,TN,0,markdown_code_fence;comparison_not_string,stop,[정부 입찰·계약 집행기준] 제2장 제5조제1항,200000000,63636364,"입찰추정가격 63,636,364원","해당 용역의 추정가격(63,636,364원)이 고시금액(230,000,000원) 미만이므로, 실적으로 입찰참가자격을 제한할 수 없으나, 현재 메타데이터상 실적 제한에 대한 구체적인 위반 사항이 발견되지 않음. (추정가격이 고시금액 미만인 경우 실적 제한 불가 원칙에 따라 실적 제한을 설정할 수 없음)",False,,7408,197
PPS-DEV-074,v5,0,0,TN,1,markdown_code_fence;comparison_not_string,stop,국가를 당사자로 하는 계약에 관한 법률 시행령 제21조제1항제6호 및 시행규칙 제24조제2항제2호,230000000,63636364,"입찰추정가격 63,636,364원","본 공고는 국가계약법을 적용받는 일반용역으로, 지역제한(본점 소재지 제한)을 적용할 수 있는 추정가격 기준은 고시금액인 2억 3천만 원이다. 현재 추정가격(63,636,364원)이 고시금액 미만이므로 법령상 지역제한 입찰이 가능하며, 입찰 참가자격 제한에 위반되지 않는다.",False,,7950,204
PPS-DEV-074,v6,0,0,TN,1,markdown_code_fence;comparison_not_string,stop,국가를 당사자로 하는 계약에 관한 법률 시행령 제21조제1항제6호 및 시행규칙 제24조제2항,230000000,63636364,"입찰추정가격 63,636,364원","본 공고는 국가기관이 발주하는 일반용역으로, 적용 법령은 국가계약법입니다. 국가계약법 시행규칙 제24조제2항에 따라 물품 및 용역의 경우 재정경제부장관이 고시하는 금액(2억 3천만 원) 미만인 경우 지역 제한이 가능합니다. 본 건의 추정가격(63,636,364원)은 고시금액(230,000,000원) 미만이므로 지역 제한 설정에 위반 사항이 없습니다.",False,,9880,229
PPS-DEV-074,v7,0,0,TN,1,markdown_code_fence,stop,국가를 당사자로 하는 계약에 관한 법률 시행령 제21조제1항제6호 및 시행규칙 제24조제2항제2호,,"230,000,000","추정가격 63,636,364원","본 공고는 국가계약법을 적용받는 국가기관 발주 용역이며, 추정가격은 63,636,364원이다. 국가계약법 시행규칙 제24조제2항제2호에 따라 물품·용역의 경우 고시금액(230,000,000원) 미만인 계약에 해당하므로, 지역제한을 설정하더라도 법령상 위반 사항이 없다.",True,,10433,203
PPS-DEV-075,v4,0,1,FP,0,markdown_code_fence;threshold_not_number_or_null,stop,(계약예규) 정부 입찰·계약 집행기준 제2장 제5조제1항 및 국가를 당사자로 하는 계약에 관한 법률 시행령 제21조제1항제5호,"230,000,000","63,636,364","추정가격 63,636,364원 (입찰추정가격 기준)","해당 공고는 일반용역이며, 추정가격이 63,636,364원으로 재정경제부장관이 고시한 금액(물품 및 용역 2억 3천만 원) 미만입니다. (계약예규) 정부 입찰·계약 집행기준 제2장 제5조제1항에 따라, 추정가격이 고시금액 미만인 제조 또는 용역계약의 경우에는 실적으로 경쟁참가자의 자격을 제한하여서는 아니 됩니다. 따라서 실적 제한을 할 수 없는 대상임에도 불구하고 실적 제한을 적용할 가능성이 있는 구조이므로 위반 소지가 있습니다.",False,,6911,270
PPS-DEV-075,v5,0,0,TN,0,markdown_code_fence;comparison_not_string,stop,국가를 당사자로 하는 계약에 관한 법률 시행령 제21조제1항제6호 및 시행규칙 제24조제2항제2호,230000000,63636364,"입찰추정가격 63,636,364원 (배정예산금액 70,000,000원)","본 공고는 국가계약법을 적용받는 일반용역 입찰로, 추정가격이 재정경제부장관이 고시한 금액(물품 및 용역의 경우 2억 3천만 원) 미만입니다. 따라서 지역제한 등을 적용할 수 있는 범위 내에 있으나, 현재 공고문상에서 입찰참가자격으로 위반되는 제한 사항이 발견되지 않았습니다. (지역제한 여부는 'N'으로 표시되어 있으나, 추정가격이 고시금액 미만이므로 법령상 제한 범위 내에 있음)",False,,7453,252
PPS-DEV-075,v6,0,0,TN,0,markdown_code_fence,stop,국가를 당사자로 하는 계약에 관한 법률 시행령 제21조 및 제26조,100000000,63636364,"추정가격 1억원 미만 물품·용역(소기업, 소상공인, 벤처기업, 창업자) 조항 및 입찰추정가격 63,636,364원","본 공고는 국가기관이 발주하는 일반용역으로, 입찰추정가격(63,636,364원)이 소기업 및 소상공인 대상 수의계약 또는 제한경쟁 범위(추정가격 1억원 이하) 내에 있으므로 관련 법령 및 조항에 부합함.",False,,9383,197
PPS-DEV-075,v7,0,0,TN,0,markdown_code_fence;comparison_not_string,stop,국가를 당사자로 하는 계약에 관한 법률 시행령 제21조제1항제6호 및 동법 시행규칙 제24조제2항,230000000,63636364,"입찰추정가격 63,636,364원","본 공고는 국가기관이 소관인 '국가계약법' 적용 대상이며, 추정가격이 63,636,364원으로 고시금액(2억 3천만 원) 미만입니다. 지역제한 입찰 가능 여부를 판단할 때, 국가계약법령상 별도의 지역제한 금액 기준이 명시되어 있지 않으나, 통상적인 국가기관의 제한경쟁 입찰 범위 내에 있으며, 제공된 법령상 고시금액 미만 계약에 대한 제한 위반 사항이 발견되지 않습니다.",False,,9936,228
PPS-DEV-076,v4,0,0,TN,1,markdown_code_fence;threshold_not_number_or_null,stop,지방자치단체를 당사자로 하는 계약에 관한 법률 시행령 제20조제1항제5호 및 지방자치단체 입찰 및 계약 집행기준 제4장 제1절,"230,000,000","131,363,636","추정가격 131,363,636원, 최근 5년간 누적 실적 금액 평가(금액제한 없음)","본 공고는 추정가격이 131,363,636원으로, 지방자치단체 입찰 및 계약 집행기준상 고시금액(2억 3천만 원) 미만인 용역 계약에 해당한다. 따라서 실적 제한을 할 수 없으며, 공고문상에서도 '금액제한 없음'으로 명시되어 있어 법령 위반 사항이 없다.",False,,13056,222
PPS-DEV-076,v5,0,0,TN,1,markdown_code_fence;comparison_not_string,stop,지방자치단체를 당사자로 하는 계약에 관한 법률 시행규칙 제24조 제2항 제2호 나목,500000000,131363636,"입찰추정가격 131,363,636원","본 공고는 지방자치단체가 체결하는 일반용역 계약으로, 지방자치단체를 당사자로 하는 계약에 관한 법률 시행규칙 제24조 제2항 제2호 나목에 따라 '행정안전부장관이 고시한 금액'을 기준으로 지역제한 여부를 판단한다. 해당 법령상 고시금액은 5억 원(지방자치단체의 경우)이며, 본 공고의 입찰추정가격(131,363,636원)은 고시금액(5억 원) 미만이다. 따라서 지역제한(제주특별자치도 소재 업체) 설정은 법령 위반이 아니다.",False,,13598,279
PPS-DEV-076,v6,0,0,TN,0,markdown_code_fence,stop,지방자치단체를 당사자로 하는 계약에 관한 법률 시행령 제20조제1항제6호 및 관련 규정,500000000,131363636,입찰 참가 자격 중 지역 제한 사항: '주된 영업소 소재지가 제주특별자치도에 있는 업체' 및 '사업장 소재지가 입찰 공고일 전일부터 입찰일(낙찰자는 계약 체결일)까지 도내에 있는 업체',"본 공고의 입찰추정가격은 131,363,636원이며, 이는 지방자치단체 입찰 시 지역제한을 적용할 수 있는 기준 금액(행정안전부령으로 정하는 금액) 범위 내에 있습니다. 또한, 지역제한 범위(제주특별자치도) 설정은 관련 법령 및 지침에 위배되지 않는 적정한 것으로 판단됩니다.",False,,15528,228
PPS-DEV-076,v7,0,0,TN,0,markdown_code_fence,stop,지방자치단체를 당사자로 하는 계약에 관한 법률 시행령 제20조제1항제6호 및 지방자치단체 입찰 및 계약 집행기준 제4장 제2절,,"추정가격 131,363,636원 < 330,000,000원",입찰 참가 자격 중 '주된 영업소 소재지가 제주특별자치도에 있는 업체'로 지역 제한을 설정함.,"지방자치단체 일반용역의 경우, 지역제한 입찰 시 추정가격이 행정안전부령으로 정하는 금액(3.3억원) 미만인 경우 해당 시·도로 제한이 가능함. 본 건의 추정가격은 약 1.3억원으로 3.3억원 미만에 해당하므로 제주특별자치도로 지역을 제한한 것은 법령 위반이 아님.",False,,16081,224
PPS-DEV-077,v4,0,0,TN,0,markdown_code_fence;threshold_not_number_or_null,stop,지방자치단체를 당사자로 하는 계약에 관한 법률 시행령 제20조제1항제5호,"230,000,000","88,090,909","입찰추정가격 88,090,909원, 용역(일반용역)","지방계약법 시행령 제20조제1항제5호에 따라 특수한 기술이 요구되는 용역계약의 경우, 해당 용역수행 실적을 기준으로 자격을 제한하려면 추정가격이 재정경제부장관이 정하여 고시하는 금액(물품 및 용역의 경우 2억 3천만 원) 이상이어야 하나, 본 건의 추정가격은 88,090,909원으로 고시금액 미만임. 다만, 본 공고는 지역제한(강원특별자치도) 및 중소기업 확인서 등 자격 제한을 설정하였으며, 실적 제한에 대한 위반 사항은 발견되지 않음.",False,,9670,261
PPS-DEV-077,v5,0,0,TN,1,markdown_code_fence;threshold_not_number_or_null,stop,지방자치단체를 당사자로 하는 계약에 관한 법률 시행규칙 제24조 제2항 제2호 나목 및 지방자치단체 입찰 및 계약 집행기준 제4장,"500,000,000","88,090,909","입찰참가자격에 '낙찰자는 계약체결일까지 주된 영업소의 소재지를 강원특별자치도 내에 둔 사업자로 제한'한다는 내용이 포함되어 있음. 이는 지역제한 입찰에 해당함. 해당 용역의 추정가격은 88,090,909원으로, 지방자치단체 일반용역의 지역제한 기준 금액인 5억 원 미만에 해당함.","본 공고는 지방자치단체가 주체인 용역 계약으로, 지역제한(강원특별자치도)을 설정하고 있습니다. 지방자치단체 입찰 및 계약 집행기준 및 관련 법령에 따르면, 추정가격이 5억 원 미만인 일반용역의 경우 지역제한이 가능합니다. 본 건의 추정가격(88,090,909원)은 기준 금액(5억 원) 미만이므로 지역제한 설정은 법령 위반이 아닙니다.",False,,10212,305
PPS-DEV-077,v6,0,0,TN,0,markdown_code_fence;threshold_not_number_or_null,stop,지방자치단체를 당사자로 하는 계약에 관한 법률 시행규칙 제25조제3항,행정안전부령으로 정하는 금액(용역의 경우 3.3억원 또는 5억원 등),"88,090,909원","입찰참가자격 가. ｢지방자치단체를 당사자로 하는 계약에 관한 법률 시행령｣ 제13조 및 동법시행규칙 제14조에 의거 입찰의 참가자격을 갖춘 자로, 입찰공고일 전일부터 입찰일(낙찰자는 계약체결일까지 주된 영업소의 소재지를 강원특별자치도 내에 둔 사업자로 제한하며...","본 공고는 추정가격이 약 8,809만원인 일반용역으로, 지역제한 기준인 행정안전부령(용역의 경우 3.3억원 또는 5억원 등) 미만 금액에 해당한다. 입찰참가자격에서 낙찰자의 주된 영업소 소재지를 '강원특별자치도'로 제한하고 있으나, 이는 지방자치단체 계약에서 허용되는 지역제한 범위 내의 설정으로 법령 위반에 해당하지 않는다.",False,,12142,299
PPS-DEV-077,v7,0,0,TN,0,markdown_code_fence,stop,지방자치단체를 당사자로 하는 계약에 관한 법률 시행령 제20조제1항제6호 및 시행규칙 제24조,500000000,88090909,"입찰참가자격 가. ｢지방자치단체를 당사자로 하는 계약에 관한 법률 시행령｣ 제13조 및 동법시행규칙 제14조에 의거 입찰의 참가자격을 갖춘 자로, 입찰공고일 전일부터 입찰일(낙찰자는 계약체결일까지 주된 영업소의 소재지를 강원특별자치도 내에 둔 사업자로 제한하며, 동법 시행령 제92조 및 동법 시행규칙 제76조에 해당되지 않은 업체","본 공고의 추정가격은 88,090,909원으로, 지방자치단체 일반용역의 지역제한 기준 금액인 5억원(행정안전부 고시 금액 기준) 미만에 해당하여 강원특별자치도로서의 지역제한 설정은 법령상 적정함.",False,,12695,272
PPS-DEV-078,v4,0,1,FP,1,markdown_code_fence;comparison_not_string,stop,(계약예규) 정부 입찰·계약 집행기준 제2장 제5조제1항 및 제4항,230000000,90454545,"최근 10년 이내 50,000,000원(VAT별도) 이상 디자인서비스 용역 수행 실적이 있는 자","해당 공고는 추정가격이 90,454,545원으로, 물품 및 용역의 고시금액인 2억 3천만 원 미만입니다. (계약예규) 정부 입찰·계약 집행기준 제2장 제5조제1항 단서에 따라 추정가격이 고시금액 미만인 제조 또는 용역계약의 경우에는 실적으로 경쟁참가자의 자격을 제한할 수 없습니다. 따라서 실적 제한을 통해 입찰 참가 자격을 제한하는 것은 법령 위반입니다.",True,,7276,237
PPS-DEV-078,v5,0,0,TN,0,markdown_code_fence;comparison_not_string,stop,국가를 당사자로 하는 계약에 관한 법률 시행령 제21조제1항제6호 및 시행규칙 제24조제2항제2호,230000000,90454545,"추정가격 90,454,545원 (입찰추정가격 기준)","본 공고는 국가계약법을 적용받는 일반용역으로, 추정가격이 90,454,545원이다. 관련 법령(시행령 제21조제1항제6호 및 시행규칙 제24조제2항제2호)에 따라 물품·용역의 경우 고시금액(2억 3천만 원) 미만인 경우 자격 제한이 가능하며, 본 건의 추정가격은 고시금액인 230,000,000원 미만이므로 법령 위반 사항이 없다.",False,,7818,245
PPS-DEV-078,v6,0,0,TN,0,markdown_code_fence;comparison_not_string,stop,국가를 당사자로 하는 계약에 관한 법률 시행령 제21조제1항제6호 및 시행규칙 제24조제2항,230000000,90454545,"입찰추정가격 90,454,545원","본 공고는 국가계약법을 적용받는 일반용역 건으로, 추정가격이 90,454,545원이다. 관련 법령(국가계약법 시행규칙 제24조제2항제2호)에 따르면 물품·용역의 경우 고시금액(2억 3천만 원) 미만인 경우 지역제한이 가능하나, 본 공고는 '지역제한여부: N'으로 설정되어 있어 지역제한을 적용하지 않았으므로 법령 위반에 해당하지 않는다.",False,,9748,227
PPS-DEV-078,v7,0,0,TN,0,markdown_code_fence;comparison_not_string,stop,국가를 당사자로 하는 계약에 관한 법률 시행령 제26조제1항제5호가목3),100000000,90454545,"추정가격 90,454,545원 (입찰추정가격 기준)","본 공고의 입찰추정가격은 90,454,545원으로, 국가계약법 시행령 제26조제1항제5호가목3)에 따른 '추정가격 2천만원 초과 1억원 이하인 계약으로서 소기업 또는 소상공인과 체결하는 용역계약'의 범위에 해당함. 해당 조항은 수의계약 및 제한 사항에 관한 규정이나, 본 공고는 '제한경쟁' 방식으로 진행되며 입찰참가자격으로 실적(최근 10년 이내 5천만원 이상)을 요구하고 있음. 제공된 법령상 추정가격 기준 위반 사항은 발견되지 않음.",False,,10301,260
PPS-DEV-079,v4,0,0,TN,0,markdown_code_fence;threshold_not_number_or_null,stop,지방자치단체를 당사자로 하는 계약에 관한 법률 시행령 제20조제1항제3호,"230,000,000","154,545,455","입찰추정가격 154,545,455원, 전북 관내 사업장 소재지 제한","본 공고는 물품(내자) 계약으로, 지방계약법 시행령 제20조제1항제3호에 따라 특수한 설비 또는 기술이 요구되는 물품제조계약의 경우 해당 물품제조계약의 추정가격이 재정경제부장관이 고시하는 금액(물품 및 용역 기준 2억 3천만 원) 이상이어야 실적 제한이 가능함. 본 건의 추정가격은 154,545,455원으로 고시금액 미만에 해당하여 실적 제한을 할 수 없으나, 본 공고는 실적 제한이 아닌 '지역(전북 관내) 제한'을 적용하고 있음. 지역 제한은 입찰참가자격의 제한 사항이나, 제공된 법령 및 지침상 지역 제한에 대한 위반 여부를 판단하는 기준이 없으며, 현재 추출된 정보상 실적 제한 위반은 발견되지 않음.",False,,7694,319
PPS-DEV-079,v5,0,0,TN,1,markdown_code_fence;threshold_not_number_or_null,stop,지방자치단체를 당사자로 하는 계약에 관한 법률 시행령 제20조제1항제6호 및 시행규칙 제24조,"500,000,000","154,545,455","입찰추정가격 154,545,455원, 지역제한(전북 관내 사업장 소재지) 적용","본 공고는 추정가격이 154,545,455원으로, 지방자치단체 계약법령상 물품의 제조·구매 시 지역제한이 가능한 기준 금액(5억원) 미만입니다. 또한, 입찰 참가 자격으로 '전북 관내에 사업장 소재지가 있는 업체'로 제한하고 있으나, 이는 해당 법령의 지역제한 기준(시·도 관할구역 내)을 준수하고 있으므로 법령 위반이 아닙니다.",False,,8236,232
PPS-DEV-079,v6,0,0,TN,1,markdown_code_fence;threshold_not_number_or_null,stop,지방자치단체를 당사자로 하는 계약에 관한 법률 시행규칙 제24조 및 제25조,5억원,"154,545,455","입찰참가자격에 '전북 관내에 사업장 소재지가 있는 업체'로 제한함. 추정가격은 154,545,455원임.","지방자치단체 계약에서 물품의 경우 추정가격이 5억원 미만(본 건 1.54억원)인 경우 지역제한이 가능하며, 입찰공고에서 전북 관내로 소재지를 제한한 것은 법령상 허용 범위 내에 있음.",False,,10166,177
PPS-DEV-079,v7,0,0,TN,0,markdown_code_fence;comparison_not_string,stop,지방자치단체를 당사자로 하는 계약에 관한 법률 시행령 제20조제1항제6호 및 시행규칙 제25조제3항,500000000,154545455,"입찰참가자격 중 '전북 관내에 사업장 소재지가 있는 업체'로 제한함. 지방자치단체 계약법 시행규칙 제25조제3항에 따르면 물품의 제조·구매 등은 법인등기부상 본점 소재지를 해당 시·도로 제한할 수 있음. 본 건의 추정가격은 154,545,455원으로, 물품의 제조·구매 등에서 지역제한이 가능한 범위(5억원 미만) 내에 있음.","본 공고는 추정가격 154,545,455원의 물품(식사대용식품) 계약으로, 지방자치단체 계약법 시행규칙 제25조제3항에 따라 납품지(전북 관내)가 소재하는 시·도(전북특별자치도)로 입찰참가자격을 제한하는 것은 법령상 허용되는 범위 내의 적정한 지역제한임.",False,,10719,298
PPS-DEV-080,v4,0,0,TN,0,markdown_code_fence;threshold_not_number_or_null,stop,지방자치단체를 당사자로 하는 계약에 관한 법률 시행령 제20조제1항제5호 및 제25조제2항,"230,000,000","116,521,755","입찰추정가격 116,521,755원 (지방정부 소관 용역)","본 공고는 지방정부 소관의 일반용역으로, 입찰추정가격이 116,521,755원이다. 지방계약법령 및 관련 고시금액(물품 및 용역 2억 3천만 원)에 따르면, 특수한 기술이 요구되는 용역의 경우 해당 금액 이상일 때 실적 제한이 가능하다. 현재 본 건은 고시금액 미만인 용역계약에 해당하므로 실적을 통한 자격 제한을 할 수 없으나, 본 공고는 실적 제한을 요구하지 않고 업종(학술·연구용역) 및 소기업·소상공인 확인서 소지 여부로 자격을 제한하고 있으므로 법령 위반 사항이 없다.",False,,7750,284
PPS-DEV-080,v5,0,0,TN,0,markdown_code_fence;threshold_not_number_or_null,stop,지방자치단체 입찰 및 계약 집행기준 제4장 제3절 1.나,중복 제한 금지,중복 제한 항목 수,"제한의 종류: 중소기업(소기업/소상공인) 제한, 지역제한(N), 업종제한(학술.연구용역)","본 공고는 '중소기업(소기업/소상공인)' 제한을 적용하고 있으나, 지역제한(지역제한여부: N) 및 업종제한을 적용하고 있습니다. 지방자치단체 입찰 및 계약 집행기준에 따르면 제한의 종류 중 2개 항목 이상을 중복적으로 제한할 수 없으나, 현재 공고는 '중소기업(소기업/소상공인)'이라는 자격 제한과 '업종(학술.연구용역)'이라는 자격 제한을 동시에 적용하고 있습니다. 다만, 업종제한은 통상적인 입찰 참가 자격의 구성 요소로 보며, '중소기업' 제한과 '업종' 제한의 중복 여부는 법령상 금지된 '중복적 제한'의 범주(예: 지역제한+중소기업 제한)에 해당하지 않으므로 위반으로 판단하지 않습니다.",False,,8292,299
PPS-DEV-080,v6,0,0,TN,0,markdown_code_fence;comparison_not_string,stop,지방자치단체를 당사자로 하는 계약에 관한 법률 시행령 제20조제1항제6호 및 시행규칙 제24조,330000000,116521755,"입찰추정가격 116,521,755원","본 공고의 입찰추정가격은 116,521,755원으로, 지방자치단체 입찰 및 계약 집행기준에 따른 일반용역 지역제한 기준 금액(행정안전부장관 고시 금액 미만 시·도 제한) 및 관련 법령상 제한 사항에 위반되지 않음. 또한, 소기업·소상공인 제한 조건은 추정가격 1억원 초과 시 적용되는 기준 내에 있으나, 본 건은 일반용역으로서 법령상 제한 규정을 준수하고 있음.",False,,10222,225
PPS-DEV-080,v7,0,0,TN,0,markdown_code_fence,stop,지방자치단체를 당사자로 하는 계약에 관한 법률 시행령 제20조제1항제6호 및 지방자치단체 입찰 및 계약집행기준,,"추정가격 116,521,755원 < 행정안전부장관 고시금액(5억원)","입찰추정가격 116,521,755원, 지역제한여부 N, 입찰참가자격에 지역제한 관련 내용 없음","본 공고는 지방자치단체가 당사자인 계약으로, 지역제한을 설정하지 않았으므로(지역제한여부 N) 법령 위반 사항이 없음. 또한, 추정가격이 행정안전부 고시금액(일반용역 5억원) 미만인 경우에 해당하나, 본 공고는 지역제한을 적용하지 않은 일반적인 제한경쟁입찰 형태임.",False,,10775,233
PPS-DEV-081,v4,0,0,TN,1,markdown_code_fence;comparison_not_string,stop,(계약예규) 정부 입찰·계약 집행기준 제2장 제5조제1항,242424242,727272727,⑦ 실적증명서 등 정량평가 증빙서류 각 1부,"해당 공고는 국가계약법을 적용받는 공기업의 일반용역(추정가격 727,272,727원)으로, 용역 실적 제한 시 추정가격이 고시금액(공기업/준정부기관 기준 711,000,000원) 이상인 경우에 해당한다. (계약예규) 정부 입찰·계약 집행기준 제2장 제5조제1항에 따르면 용역의 경우 계약목적물의 1/3배 이내에서 실적을 요구하는 것이 원칙이나, 계약담당공무원이 필요하다고 인정하는 경우 최대 1배까지 실적을 요구할 수 있다. 본 공고의 메타데이터 및 추출된 증빙서류 내용에는 구체적인 '실적 금액 제한' 수치가 명시되어 있지 않으나, 실적증명서 제출을 요구하는 행위 자체는 법령상 허용되는 범위 내의 절차로 판단되어 위반 사항이 발견되지 않았다.",True,,11968,320
PPS-DEV-081,v5,0,0,TN,1,markdown_code_fence;comparison_not_string,stop,국가를 당사자로 하는 계약에 관한 법률 시행령 제21조제1항제6호 및 시행규칙 제24조제2항,710000000,727272727,"입찰추정가격 727,272,727원","본 공고는 국가계약법을 적용받는 일반용역(공기업)으로, 추정가격이 727,272,727원이다. 관련 법령(국가계약법 시행령 제21조제1항제6호 및 시행규칙 제24조제2항제2호)에 따르면 물품·용역의 경우 재정경제부장관이 고시한 금액(고시금액)을 기준으로 제한할 수 있다. 제공된 고시금액(공기업·준정부기관 기준)은 710,000,000원이다. 현재 추정가격(약 7.27억)이 고시금액(7.1억)을 초과하므로, 지역제한 등을 적용할 수 있는 기준 금액을 초과하여 위반 사항이 없다.",False,,12510,293
PPS-DEV-081,v6,0,0,TN,0,markdown_code_fence;comparison_not_string,stop,국가를 당사자로 하는 계약에 관한 법률 시행령 제21조제1항제6호 및 시행규칙 제24조제2항,230000000,727272727,"입찰추정가격 727,272,727원","본 공고의 입찰추정가격은 727,272,727원으로, 국가계약법상 물품 및 용역의 고시금액(2억 3천만 원)을 초과한다. 따라서 지역제한을 적용할 수 있는 기준 금액 미만(고시금액 미만)에 해당하지 않으므로, 지역제한(지역제한여부 'N') 설정은 법령 위반이 아니다.",False,,14440,204
PPS-DEV-081,v7,0,0,TN,0,markdown_code_fence;comparison_not_string,stop,국가를 당사자로 하는 계약에 관한 법률 시행령 제21조제1항제6호 및 시행규칙 제24조제2항,230000000,727272727,"입찰추정가격 727,272,727원 (배정예산 800,000,000원)","국가계약법 적용 대상인 본 공고의 추정가격은 약 7.27억 원이다. 국가계약법 시행규칙 제24조제2항에 따르면 용역의 경우 고시금액(2.3억 원) 미만인 경우 지역제한이 가능하나, 본 공고는 지역제한 여부가 'N'(No)으로 설정되어 있어 법령 위반 사항이 없다.",False,,14993,215
PPS-DEV-082,v4,0,0,TN,1,markdown_code_fence;threshold_not_number_or_null,stop,[국가를 당사자로 하는 계약에 관한 법률 시행령] 제21조제1항제3호 및 [정부 입찰·계약 집행기준] 제5조제1항,추정가격의 1배 이내,1배 이내,제안업체 유사장비(VTOL) 사업실적 및 설계/생산 설비 및 장비 보유현황 제시,"본 공고는 추정가격이 1,363,727,273원으로 고시금액(물품 및 용역 2억 3천만 원) 이상인 물품 제조/구매 계약에 해당한다. 실적 제한 시 [정부 입찰·계약 집행기준]에 따라 계약목적물의 규모 또는 양의 1배 이내 또는 금액의 1배 이내로 제한할 수 있으며, 본 공고의 '유사장비(VTOL) 사업실적' 및 '설비/장비 보유현황' 요구는 해당 기준을 위반하지 않은 것으로 판단된다.",False,,12596,257
PPS-DEV-082,v5,0,0,TN,1,markdown_code_fence;comparison_not_string,stop,국가를 당사자로 하는 계약에 관한 법률 시행령 제21조제1항제6호 및 시행규칙 제24조제2항,1363727273,230000000,"입찰추정가격 1363727273원, 물품 및 용역 고시금액 2억 3천만 원","본 공고의 입찰추정가격(1,363,727,273원)은 국가계약법에 따른 물품 및 용역의 고시금액(230,000,000원)을 초과하므로, 지역제한을 적용할 수 있는 기준 금액을 상회함. 다만, 본 항목(v5)은 입찰참가자격 제한의 적절성을 판단하는 것이며, 제공된 메타데이터상 지역제한 여부가 'N'으로 설정되어 있어 법령 위반 사항이 발견되지 않음.",False,,13138,251
PPS-DEV-082,v6,0,0,TN,1,markdown_code_fence;comparison_not_string,stop,국가를 당사자로 하는 계약에 관한 법률 시행령 제21조제1항제6호 및 시행규칙 제24조제2항,230000000,1363727273,"입찰추정가격 1,363,727,273원","해당 공고는 국가계약법을 적용받는 물품 구매 건으로, 추정가격이 1,363,727,273원이다. 국가계약법 시행령 제21조제1항제6호 및 시행규칙 제24조제2항에 따르면 물품의 제조·구매 등에서의 제한 기준 금액(고시금액)은 2억 3천만 원이다. 본 건의 추정가격은 고시금액인 2억 3천만 원을 초과하므로, 지역제한 등을 적용할 수 있는 범위 내에 있으나, 현재 메타데이터상 지역제한 여부가 'N'으로 되어 있어 법령 위반 사항이 발견되지 않는다.",False,,15068,268
PPS-DEV-082,v7,0,0,TN,1,markdown_code_fence;comparison_not_string,stop,국가를 당사자로 하는 계약에 관한 법률 시행령 제21조제1항제6호 및 시행규칙 제24조제2항제2호,230000000,1363727273,입찰추정가격 1363727273원,"본 공고는 국가계약법을 적용받는 물품 구매 건으로, 추정가격이 1,363,727,273원이다. 국가계약법 시행령 제21조제1항제6호 및 시행규칙 제24조제2항제2호에 따르면 물품의 제조·구매 시 제한할 수 있는 금액 기준(고시금액 2억 3천만 원)을 초과하므로, 지역제한 등을 적용할 수 있는 법적 근거가 존재하나, 현재 공고상 '지역제한여부'가 'N'으로 되어 있어 법령 위반 여부를 판단할 수 없다. 다만, 제공된 데이터상 입찰참가자격 제한(경험, 시설 등)이 '경력'이나 '실적'이 아닌 '제안업체의 실정'이나 '제시한다'는 식의 서술형으로 되어 있어, 이를 입찰참가자격(자격 제한)으로 보지 않는다는 지침에 따라 위반이 아닌 것으로 판정한다.",False,,15621,340
PPS-DEV-083,v4,0,0,TN,0,markdown_code_fence;output_keys_differ;comparison_not_string,stop,지방자치단체를 당사자로 하는 계약에 관한 법률 시행령 제20조제1항제5호 및 지방자치단체 입찰 및 계약 집행기준 제4장 제1절,230000000,69090909,"입찰추정가격 69,090,909원, 용역의 경우 고시금액(2억 3천만 원) 미만","본 공고는 추정가격이 69,090,909원으로, 용역의 경우 특수한 기술이 요구되는 경우라도 제한을 두기 위한 기준 금액인 고시금액(2억 3천만 원) 미만입니다. 또한, 입찰참가자격에서 요구하는 '15톤 이상 암롤차량 보유' 및 '암롤박스 2대 이상 비치' 등의 조건은 계약 이행을 위한 장비/시설 요건으로서, 법령상 금지된 부당한 실적 제한(특정 기관 실적만 인정하거나 규모를 과도하게 제한하는 등)에 해당하지 않는 것으로 판단됩니다.",False,,13409,290
PPS-DEV-083,v5,0,0,TN,1,markdown_code_fence;comparison_not_string,stop,지방자치단체를 당사자로 하는 계약에 관한 법률 시행규칙 제24조 제2호 나목,500000000,69090909,"입찰추정가격 69,090,909원","본 공고는 일반용역으로서 지방자치단체가 체결하는 계약이며, 추정가격이 6,909만 909원으로 지방자치단체 입찰 및 계약 집행기준에 따른 지역제한 기준 금액(5억 원 미만 시·군·구 일반용역) 및 관련 법령의 제한 범위 내에 있으므로 지역제한 설정이 적법함.",False,,13951,178
PPS-DEV-083,v6,0,0,TN,1,markdown_code_fence;threshold_not_number_or_null,stop,지방자치단체를 당사자로 하는 계약에 관한 법률 시행령 제26조제1항제5호가목 3),"100,000,000","69,090,909",추정가격 2천만원 초과 1억원 이하인 계약으로서 「중소기업기본법」 제2조제2항에 따른 소기업 또는 「소상공인기본법」 제2조에 따른 소상공인과 체결하는 물품의 제조ㆍ구매ㆍ임차계약 또는 용역계약,"본 공고는 추정가격이 69,090,909원으로, 지방계약법 시행령 제26조제1항제5호가목 3)에 따른 수의계약 대상(추정가격 2천만원 초과 1억원 이하)에 해당하며, 지역제한(전라남도) 및 특정 자격(폐기물 수집·운반업)을 요구하고 있으나 법령상 제한 범위를 위반하지 않음.",False,,15881,265
PPS-DEV-083,v7,0,0,TN,1,markdown_code_fence;threshold_not_number_or_null,stop,지방자치단체를 당사자로 하는 계약에 관한 법률 시행령 제30조제1항제2호 및 제5장 수의계약 운영요령,추정가격 1억원 이하,"추정가격 69,090,909원","가. 「지방자치단체를 당사자로 하는 계약에 관한 법률 시행령」제13조 및 같은 법 시행규칙제14조의 규정에 따른 자격 요건을 갖추고, 입찰공고일 전일...부터 입찰일...까지 주된 영업장의 소재지가 [지역:r1|단위=기초|광역=전라남도]에 있는 업체","본 공고는 지방자치단체 수의계약(소액수의) 건으로, 추정가격이 1억원 이하(69,090,909원)인 경우 지역제한(전라남도)을 설정하는 것은 법령 및 수의계약 운영요령에 부합함.",False,,16434,249
PPS-DEV-084,v4,0,0,TN,0,markdown_code_fence;comparison_not_string,stop,[정부 입찰·계약 집행기준] 제2장 제5조제1항,230000000,160909091,"입찰추정가격 160,909,091원 (물품 및 용역 고시금액 2억 3천만 원 미만)","해당 공고는 물품(내자) 계약으로, 추정가격이 160,909,091원이다. [정부 입찰·계약 집행기준] 제2장 제5조제1항 및 고시금액 규정에 따르면, 추정가격이 고시금액(물품 및 용역 2억 3천만 원) 미만인 경우 실적으로 경쟁참가자의 자격을 제한할 수 없다. 다만, 본 공고는 메타데이터상 '조항호내용'에 중소기업/소상공인 제한 등은 있으나, 실적 제한에 대한 위반 사항이 추출되지 않았으며, 추정가격이 고시금액 미만이므로 실적 제한을 하지 않은 것으로 판단되어 위반이 없다.",False,,8087,284
PPS-DEV-084,v5,0,0,TN,1,markdown_code_fence;comparison_not_string,stop,국가를 당사자로 하는 계약에 관한 법률 시행령 제21조제1항제6호 및 시행규칙 제24조제2항,230000000,160909091,"입찰추정가격 160,909,091원 (물품)","본 공고는 국가기관이 발주하는 물품 구매 입찰로, 적용 법령은 국가계약법이다. 지역제한을 적용하기 위한 기준 금액은 물품 및 용역의 경우 재정경제부장관이 고시한 금액(2억 3천만 원) 미만이어야 한다. 본 건의 입찰추정가격은 160,909,091원으로 고시금액인 2억 3천만 원 미만에 해당하므로, 지역제한(서울특별시, 경기도) 설정은 법령상 위반 사항이 없다.",False,,8629,237
PPS-DEV-084,v6,0,0,TN,0,markdown_code_fence;comparison_not_string,stop,국가를 당사자로 하는 계약에 관한 법률 시행령 제21조제1항제6호 및 시행규칙 제24조제2항제2호,230000000,160909091,"입찰추정가격 160,909,091원, 고시금액 230,000,000원","본 공고는 국가기관이 발주하는 물품 구매 계약으로, 적용 법령상 고시금액(2억 3천만 원) 미만인 계약에 해당한다. 입찰추정가격(160,909,091원)이 고시금액 미만이므로 지역제한(서울특별시, 경기도) 설정은 법령 위반이 아니다.",False,,10559,209
PPS-DEV-084,v7,0,0,TN,1,markdown_code_fence,stop,국가를 당사자로 하는 계약에 관한 법률 시행령 제21조제1항제6호 및 시행규칙 제24조제2항,230000000,160909091,"입찰추정가격 160,909,091원","본 공고는 국가기관이 주체인 '국가를 당사자로 하는 계약에 관한 법률' 적용 대상이며, 물품 구매 입찰이다. 해당 법령 및 시행규칙에 따르면 물품의 제조·구매 등에서의 지역제한 기준 금액(고시금액)은 2억 3천만 원이다. 본 공고의 입찰추정가격은 160,909,091원으로 기준 금액인 2억 3천만 원 미만에 해당하므로, 지역제한(서울특별시, 경기도) 설정은 법령 위반이 아니다.",False,,11112,233
PPS-DEV-085,v4,0,1,FP,1,markdown_code_fence,stop,(구)정부 입찰·계약 집행기준 제2장 제5조제1항 및 국가계약법 시행령 제21조제1항,230000000,27272727,"추정가격 27,272,727원 (입찰추정가격 기준)","용역 실적 제한은 추정가격이 고시금액(물품 및 용역 2억 3천만 원) 이상인 경우에만 가능함. 본 건의 추정가격(27,272,727원)은 고시금액(230,000,000원) 미만이므로, 실적을 통한 입찰 참가 자격 제한을 할 수 없음. 따라서 실적 관련 내용을 입찰 참가 자격으로 요구하는 것은 법령 위반임.",False,,10748,222
PPS-DEV-085,v5,0,,INVALID,0,markdown_code_fence;not_strict_json,stop,,,,,,False,,11290,486
PPS-DEV-085,v6,0,0,TN,0,markdown_code_fence;comparison_not_string,stop,국가를 당사자로 하는 계약에 관한 법률 시행령 제21조제1항제6호 및 시행규칙 제24조제2항제2호,230000000,27272727,"입찰추정가격 27,272,727원","본 공고는 국가계약법을 적용받는 일반용역 입찰로, 추정가격이 27,272,727원이다. 관련 법령(국가계약법 시행규칙 제24조제2항제2호)에 따르면 물품의 제조·구매 및 용역의 경우 고시금액(2억 3천만 원) 미만인 경우 지역제한이 가능하며, 본 건의 추정가격은 고시금액인 2억 3천만 원보다 낮으므로 법령상 제한 범위 내에 있다. 또한, 입찰 참가자격으로 제시된 '안전 보건관리 계획서' 작성 및 제출 의무는 계약 이행 및 안전 확보를 위한 조건으로서 입찰 참가 자격 자체를 제한하는 위반 사항으로 보기 어렵다.",False,,13220,314
PPS-DEV-085,v7,0,0,TN,0,markdown_code_fence;comparison_not_string,stop,국가를 당사자로 하는 계약에 관한 법률 시행령 제21조 및 제26조,27272727,27272727,"입찰추정가격 27,272,727원","본 공고는 국가기관이 발주하는 일반용역(학술.연구용역)으로, 추정가격이 27,272,727원이다. 국가계약법령상 제한경쟁입찰 및 수의계약 관련 금액 기준을 검토하였으나, 입찰 참가 자격 제한(지역제한 등)에 대한 위반 사항이 발견되지 않았다. 입찰 참가자가 '안전 보건관리 계획서'를 제출하도록 하는 것은 계약 이행 및 안전 확보를 위한 조건이며, 이는 입찰 참가 자격 자체를 제한하는 것이 아니므로 법령 위반에 해당하지 않는다.",False,,13773,226
PPS-DEV-086,v4,0,0,TN,1,markdown_code_fence;comparison_not_string,stop,국가를 당사자로 하는 계약에 관한 법률 시행령 제21조제1항제3호 및 (계약예규) 정부 입찰·계약 집행기준 제2장 제5조제1항,220000000,24272727,"제안하는 장비가 판매 중인 기성품인 경우, 장비 제조사에서 공식적으로 사용하는 카탈로그... 기술 검증 자료로 제출하여야 함","본 공고의 입찰추정가격은 24,272,727원으로, 물품 제조 실적 제한을 위한 기준 금액인 고시금액(2억 3천만 원) 미만입니다. (계약예규) 정부 입찰·계약 집행기준에 따라 추정가격이 고시금액 미만인 제조 또는 용역계약의 경우에는 실적으로 경쟁참가자의 자격을 제한할 수 없으나, 본 공고의 '경험(experience)' 항목은 입찰참가자격 제한이 아닌 '제안서 제출 시 기술 검증을 위한 자료 제출 의무'를 규정하고 있으므로 법령 위반에 해당하지 않습니다.",False,,8474,286
PPS-DEV-086,v5,0,0,TN,1,markdown_code_fence;comparison_not_string,stop,국가를 당사자로 하는 계약에 관한 법률 시행령 제21조제1항제6호 및 시행규칙 제24조제2항제2호,230000000,24272727,"입찰추정가격 24,272,727원","본 공고의 입찰추정가격(24,272,727원)은 국가계약법상 물품 및 용역의 국제입찰 대상 여부를 판단하는 고시금액(2억 3천만 원) 미만이므로, 지역제한 등 입찰참가자격 제한에 대한 법령 위반 사항이 발견되지 않음.",False,,9016,186
PPS-DEV-086,v6,0,0,TN,0,markdown_code_fence;comparison_not_string,stop,국가를 당사자로 하는 계약에 관한 법률 시행령 제21조제1항제6호,230000000,24272727,"입찰추정가격 24,272,727원","본 공고의 입찰추정가격은 24,272,727원으로, 국가계약법상 물품 및 용역의 고시금액(2억 3천만 원) 미만입니다. 따라서 지역제한이나 특정 자격 제한을 두는 것이 법령상 위반되지 않습니다.",False,,10946,161
PPS-DEV-086,v7,0,0,TN,0,markdown_code_fence;comparison_not_string,stop,국가를 당사자로 하는 계약에 관한 법률 시행령 제21조제1항제6호 및 시행규칙 제24조제2항제2호,230000000,24272727,"입찰추정가격 24,272,727원","본 공고의 입찰추정가격은 24,272,727원으로, 국가계약법령상 물품의 제조·구매 시 지역제한을 위한 기준 금액(고시금액 2억 3천만 원) 미만입니다. 따라서 지역제한을 설정할 수 있는 대상이나, 현재 공고상 '지역제한여부: N'으로 설정되어 있어 법령 위반 사항이 발견되지 않았습니다.",False,,11499,204
PPS-DEV-087,v4,0,0,TN,1,markdown_code_fence,stop,(계약예규) 정부 입찰·계약 집행기준 제2장 제5조제1항,21200000,63636364,"추정가격 63,636,364원 (입찰추정가격 기준)","해당 공고는 용역 입찰로서, (계약예규) 정부 입찰·계약 집행기준 제2장 제5조제1항에 따라 제조 또는 용역의 경우 추정가격이 고시금액(물품 및 용역 2억 3천만 원) 이상인 경우에만 실적 제한이 가능합니다. 본 건의 추정가격은 약 6,363만 원으로 고시금액인 2억 3천만 원 미만이므로, 실적을 통한 입찰 참가 자격 제한을 할 수 없습니다. 다만, 본 공고는 실적 제한을 직접적으로 명시하여 자격을 제한하고 있지 않으므로 위반으로 판정하지 않습니다.",False,,11261,253
PPS-DEV-087,v5,0,0,TN,1,markdown_code_fence,stop,국가를 당사자로 하는 계약에 관한 법률 시행령 제21조제1항제6호,230000000,63636364,"입찰추정가격 63,636,364원","본 공고는 국가계약법을 적용받는 일반용역 입찰로, 추정가격이 63,636,364원이다. 관련 법령(국가계약법 시행령 제21조제1항제6호 및 관련 고시)에 따르면 물품 및 용역의 경우 고시금액(2억 3천만 원) 미만인 경우에 해당하므로, 입찰 참가 자격을 소기업·소상공인으로 제한하는 것은 법령 위반에 해당하지 않는다.",False,,11803,208
PPS-DEV-087,v6,0,0,TN,1,markdown_code_fence;comparison_not_string,stop,국가를 당사자로 하는 계약에 관한 법률 시행령 제26조제1항제5호가목3),100000000,70000000,"입찰추정가격 63,636,364원 (배정예산 70,000,000원)","본 공고는 소기업·소상공인 제한경쟁 입찰로, 국가계약법 시행령 제26조제1항제5호가목3)에 따라 추정가격이 2천만원 초과 1억원 이하인 계약으로서 소기업 또는 소상공인과 체결하는 용역계약에 해당하며, 입찰추정가격(63,636,364원)이 해당 기준 금액(1억원) 이하이므로 법령 위반이 아니다.",False,,13733,223
PPS-DEV-087,v7,0,0,TN,1,markdown_code_fence;comparison_not_string,stop,[국가를 당사자로 하는 계약에 관한 법률 시행령 제26조제1항제5호가목3) 및 제21조제1항제6호],100000000,63636364,"입찰추정가격 63,636,364원, 조항호내용 [판로지원법 시행령] 소기업,소상공인제한","본 공고의 입찰추정가격은 63,636,364원으로, 국가계약법 시행령 제26조제1항제5호가목3)에 따른 소기업·소상공인 대상 계약 범위(추정가격 2천만원 초과 1억원 이하) 내에 해당하며, 이는 법령에서 정한 제한 사항을 위반하지 않은 적정한 제한경쟁 입찰 조건입니다.",False,,14286,227
PPS-DEV-088,v4,0,0,TN,0,markdown_code_fence;threshold_not_number_or_null,stop,지방자치단체를 당사자로 하는 계약에 관한 법률 시행령 제20조제1항제3호,"230,000,000","122,727,273","입찰추정가격 122,727,273원","본 공고는 물품(내자) 구매 건으로, 지방계약법 시행령 제20조제1항제3호에 따라 물품제조 실적 등으로 자격을 제한하려면 해당 물품의 추정가격이 재정경제부장관이 고시한 금액(고시금액) 이상이어야 합니다. 고시금액은 물품 및 용역의 경우 2억 3천만 원입니다. 본 공고의 입찰추정가격은 122,727,273원으로 고시금액인 2억 3천만 원 미만이므로, 실적을 통한 입찰 참가자격 제한을 할 수 없는 대상입니다. 다만, 본 공고의 제한사항은 '지역제한(경상북도)' 및 '중소기업/소상공인 확인서' 소지 여부이며, 이는 실적 제한에 관한 위반 사항이 아닙니다.",False,,12570,299
PPS-DEV-088,v5,0,0,TN,1,markdown_code_fence,stop,지방자치단체를 당사자로 하는 계약에 관한 법률 시행규칙 제24조 제2항 제2호 나목,500000000,122727273,"입찰추정가격 122,727,273원","본 공고는 지방자치단체 계약으로, 지역제한(경상북도)을 적용함에 있어 추정가격이 5억 원 미만(122,727,273원)이므로 지방자치단체 입찰 및 계약 집행기준 및 관련 법령에 따른 지역제한 적용 범위 내에 해당하여 위반 사항이 없음.",False,,13112,176
PPS-DEV-088,v6,0,0,TN,1,markdown_code_fence;threshold_not_number_or_null,stop,지방자치단체를 당사자로 하는 계약에 관한 법률 시행령 제20조제1항제6호 및 시행규칙 제24조제2항,"500,000,000원","122,727,273원","입찰추정가격 122,727,273원","본 공고는 지방자치단체가 체결하는 물품 구매 계약으로, 지역제한 입찰 시 입찰참가자격을 '경상북도'로 제한하고 있습니다. 관련 법령인 지방자치단체 입찰 및 계약 집행기준 및 시행규칙에 따르면, 물품의 제조·구매 계약 시 지역제한은 해당 납품지(시·도)를 기준으로 할 수 있습니다. 본 건의 추정가격(122,727,273원)은 행정안전부령으로 정하는 금액 기준(물품의 경우 5억원 미만 시 지역제한 가능) 내에 있으며, 수요기관의 소재지인 경상북도 내에 본점을 둔 업체로 제한하는 것은 법령상 위반 사항이 발견되지 않습니다.",False,,15042,309
PPS-DEV-088,v7,0,0,TN,1,markdown_code_fence;comparison_not_string,stop,지방자치단체를 당사자로 하는 계약에 관한 법률 시행령 제20조제1항제6호 및 시행규칙 제24조,500000000,122727273,"입찰추정가격 122,727,273원","본 공고는 물품 구매(내자) 건으로, 지방자치단체 계약에서 지역제한을 위한 기준 금액은 행정안전부령으로 정하는 금액(물품의 경우 5억원)을 기준으로 합니다. 해당 공고의 추정가격은 122,727,273원으로, 지역제한 기준 금액인 5억원 미만에 해당하여 경상북도 지역으로의 지역제한 설정은 법령상 위반이 아닙니다.",False,,15595,207
PPS-DEV-089,v4,0,0,TN,0,markdown_code_fence,stop,지방자치단체를 당사자로 하는 계약에 관한 법률 시행령 제20조제1항제5호 및 제4장 제1절,230000000,109725455,"입찰추정가격 109,725,455원","용역의 실적 제한을 위해서는 추정가격이 고시금액(2억 3천만 원) 이상이어야 하나, 본 건의 추정가격은 109,725,455원으로 고시금액 미만임. 따라서 실적을 통한 자격 제한이 불가능함.",False,,9351,172
PPS-DEV-089,v5,0,0,TN,1,markdown_code_fence;comparison_not_string,stop,지방자치단체를 당사자로 하는 계약에 관한 법률 시행규칙 제24조 제2호 나목,500000000,109725455,"입찰추정가격 109,725,455원","본 공고는 지방계약법을 적용받는 일반용역으로, 지역제한(전라남도)을 설정하고 있습니다. 지방자치단체 입찰 및 계약 집행기준에 따르면 일반용역의 지역제한 기준 금액은 행정안전부장관이 고시한 금액(고시금액) 미만이어야 합니다. 제공된 법령 및 고시금액 기준에 따르면, 해당 용역의 추정가격(109,725,455원)은 지역제한이 가능한 기준 금액(5억 원 또는 고시금액) 미만에 해당하므로 지역제한 설정은 법령 위반이 아닙니다.",False,,9893,240
PPS-DEV-089,v6,0,0,TN,0,markdown_code_fence;threshold_not_number_or_null,stop,지방자치단체를 당사자로 하는 계약에 관한 법률 시행규칙 제24조 제2호 나목,5억원,"109,725,455원","입찰추정가격 109,725,455원, 지역제한: 전라남도","본 공고는 지방자치단체가 체결하는 일반용역 계약으로, 추정가격이 109,725,455원이다. 지방자치단체 계약 시행규칙 제24조 제2호 나목에 따르면, 법 제5조제1항을 적용받는 지방자치단체의 경우 행정안전부장관이 고시한 금액(5억원) 미만인 경우 지역제한이 가능하다. 본 건의 추정가격은 5억원 미만이므로 전라남도 내에 본점 소재지를 둔 업체로 제한한 것은 법령 위반이 아니다.",False,,11823,260
PPS-DEV-089,v7,0,0,TN,0,markdown_code_fence,stop,지방자치단체를 당사자로 하는 계약에 관한 법률 시행령 제20조제1항제6호 및 시행규칙 제24조제2호,,"109,725,455","입찰추정가격 109,725,455원, 지역제한 전라남도","본 공고의 입찰추정가격은 109,725,455원으로, 지방자치단체 일반용역의 지역제한 기준 금액인 3억 3천만원(시행규칙 제24조제2호 가목 관련) 미만에 해당하므로, 전라남도 내에 본점 소재지를 둔 업체로 지역제한을 설정한 것은 법령상 적절함.",False,,12376,199
PPS-DEV-090,v4,0,0,TN,0,markdown_code_fence;comparison_not_string,stop,(계약예규) 정부 입찰·계약 집행기준 제5조제1항,230000000,81000000,"추정가격 81,000,000원","해당 공고는 물품(내자) 및 용역 계약으로, (계약예규) 정부 입찰·계약 집행기준 제5조제1항에 따라 추정가격이 고시금액(2억 3천만 원) 미만인 경우 실적으로 경쟁참가자의 자격을 제한할 수 없으나, 본 건은 실적 제한을 요구하고 있지 않으므로 법령 위반에 해당하지 않음.",False,,10311,183
PPS-DEV-090,v5,0,0,TN,1,markdown_code_fence;comparison_not_string,stop,국가를 당사자로 하는 계약에 관한 법률 시행령 제21조제1항제6호 및 시행규칙 제24조제2항,230000000,81000000,"입찰추정가격 81,000,000원","본 공고는 국가계약법을 적용받는 물품(내자) 계약으로, 지역제한을 위한 기준 금액은 고시금액인 2억 3천만 원이다. 추정가격(81,000,000원)이 고시금액(230,000,000원) 미만이므로 법령상 지역제한이 가능한 범위 내에 있으나, 제공된 메타데이터상 '지역제한여부: N'으로 설정되어 있어 지역제한을 적용하지 않은 것으로 판단된다. 또한, 추출된 정보상 특정 지역(전라남도)에 대한 제한 규정이 명시되어 있지 않으므로 법령 위반 사항이 없다.",False,,10853,259
PPS-DEV-090,v6,0,0,TN,1,markdown_code_fence;comparison_not_string,stop,국가를 당사자로 하는 계약에 관한 법률 시행령 제26조제1항제5호가목3),100000000,81000000,추정가격 2천만원 초과 1억원 이하인 계약으로서 「중소기업기본법」 제2조제2항에 따른 소기업 또는 「소상공인기본법」 제2조에 따른 소상공인과 체결하는 물품의 제조ㆍ구매ㆍ임차계약 또는 용역계약,"본 공고는 추정가격 81,000,000원으로, 국가계약법 시행령 제26조제1항제5호가목3)에 따른 소기업·소상공인 대상 수의계약 범위(2천만원 초과 1억원 이하)에 해당하며, 지역제한에 대한 위반 사항이 발견되지 않음.",False,,12783,233
PPS-DEV-090,v7,0,0,TN,1,markdown_code_fence;threshold_not_number_or_null,stop,국가를 당사자로 하는 계약에 관한 법률 시행령 제26조제1항제5호가목3),"20,000,000원 초과 100,000,000원 이하","81,000,000원","추정가격 81,000,000원 (입찰추정가격 기준)","본 건은 추정가격이 81,000,000원으로, 국가계약법 시행령 제26조제1항제5호가목3)에 따른 '추정가격 2천만원 초과 1억원 이하인 계약으로서 소기업 또는 소상공인과 체결하는 물품의 제조·구매·임차계약 또는 용역계약' 범위에 해당함. 해당 조항은 수의계약 대상이며, 제공된 정보상 입찰참가자격 제한(지역제한 등)에 대한 위반 사항이 발견되지 않음.",False,,13336,278
PPS-DEV-091,v4,0,0,TN,0,markdown_code_fence,stop,지방자치단체를 당사자로 하는 계약에 관한 법률 시행령 제20조제1항제5호 및 시행규칙 제25조제1항,230000000,432545455,"[수요기관(지방정부)] 공고 [공고번호] 용역 입찰 공고 1. 입찰에 부치는 사항 | 추정가격(원) | 432,545,455","본 공고는 지방정부 소관의 용역 입찰로, 적용 법령상 특수한 기술이 요구되는 용역의 경우 추정가격이 재정경제부장관이 정하여 고시한 금액(물품 및 용역 기준 2억 3천만 원) 이상이어야 실적 제한이 가능합니다. 본 건의 추정가격은 432,545,455원으로 고시금액인 230,000,000원을 초과하므로, 법령에 따른 제한경쟁 입찰 대상에 해당하며 입찰 참가 자격 제한에 위반 사항이 없습니다.",False,,11504,281
PPS-DEV-091,v5,0,0,TN,1,markdown_code_fence;comparison_not_string,stop,지방자치단체를 당사자로 하는 계약에 관한 법률 시행규칙 제24조,500000000,432545455,"추정가격(원) | 432,545,455","지방자치단체 용역의 경우, 행정안전부장한 고시금액(지방자치단체의 경우 5억원) 미만인 경우 지역제한이 가능함. 본 공고의 추정가격은 432,545,455원으로 고시금액인 5억원 미만에 해당하므로 지역제한 설정에 위반 사항이 없음.",True,,12046,177
PPS-DEV-091,v6,0,0,TN,1,markdown_code_fence;threshold_not_number_or_null,stop,지방자치단체를 당사자로 하는 계약에 관한 법률 시행령 제20조제1항제6호 및 지방자치단체 입찰 및 계약 집행기준,"500,000,000원","432,545,455원","추정가격 432,545,455원","본 공고의 추정가격은 432,545,455원으로, 지방자치단체 입찰 및 계약 집행기준상 일반용역의 지역제한 기준 금액(고시금액 미만 시·도 단위 제한) 및 관련 법령의 제한 범위를 위반하지 않았습니다. 지역제한 여부가 'N'으로 설정되어 있으나, 이는 입찰참가자격 제한(업종 제한 등)에 관한 사항이며, 지역제한을 적용하지 않은 상태에서 추정가격이 고시금액 미만인 경우에도 법령 위반 사항이 발견되지 않습니다.",False,,13976,272
PPS-DEV-091,v7,0,0,TN,1,markdown_code_fence,stop,지방자치단체를 당사자로 하는 계약에 관한 법률 시행령 제20조제1항제6호 및 시행규칙 제24조,,"432,545,455","추정가격(원) | 432,545,455","본 공고의 추정가격은 432,545,455원으로, 지방자치단체 입찰 및 계약 집행기준에 따른 지역제한 대상인 '일반용역'의 기준 금액(행정안전부장관 고시 금액 미만) 범위 내에 있으나, 지역제한 여부가 'N'(지역제한 없음)으로 설정되어 있어 법령 위반 사항이 발견되지 않음.",True,,14529,193
PPS-DEV-092,v4,0,0,TN,0,markdown_code_fence,stop,지방자치단체를 당사자로 하는 계약에 관한 법률 시행령 제20조제1항제3호,230000000,30727273,"입찰추정가격 30,727,273원","본 공고는 물품(내자) 계약으로, 지방자치단체 계약 시 특수한 설비 또는 기술이 요구되는 물품제조계약의 경우 해당 물품제조계약의 추정가격이 재정경제부장관이 정하여 고시한 금액(고시금액) 이상이어야 실적으로 제한할 수 있다. 고시금액은 2억 3천만 원이나, 본 공고의 추정가격은 30,727,273원으로 고시금액 미만이다. 다만, 본 공고는 실적 제한을 요구하고 있지 않으며, 지역 제한(경기도)을 적용하고 있으므로 법령 위반 사항이 없다.",False,,7877,245
PPS-DEV-092,v5,0,0,TN,1,markdown_code_fence;comparison_not_string,stop,지방자치단체를 당사자로 하는 계약에 관한 법률 시행규칙 제24조 제2호 나목,500000000,30727273,"추정가격 30,727,273원 (입찰추정가격 기준)","본 공고는 지방정부의 물품(내자) 계약으로, 지역제한 입찰을 적용할 수 있는 기준 금액은 지방자치단체(행정안전부장관 고시 금액)의 경우 5억 원입니다. 현재 추정가격은 약 3,072만 원으로, 지역제한 기준 금액인 5억 원 미만에 해당하므로 경기도 내 업체로 제한하는 것은 법령상 위반이 아닙니다.",False,,8419,199
PPS-DEV-092,v6,0,0,TN,0,markdown_code_fence,stop,지방자치단체를 당사자로 하는 계약에 관한 법률 시행령 제30조 및 지방자치단체 입찰 및 계약 집행기준,20000000,30727273,추정가격 2천만원 초과 1억원 이하인 계약으로서 소기업 또는 소상공인과 체결하는 물품의 제조·구매·임차계약,"본 공고는 추정가격이 30,727,273원으로, 지방계약법령상 소기업·소상공인 대상 수의계약 범위(2천만원 초과 1억원 이하)에 해당하며, 지역제한(경기도) 또한 적절하게 설정되어 법령 위반 사항이 없음.",False,,10349,192
PPS-DEV-092,v7,0,0,TN,0,markdown_code_fence;threshold_not_number_or_null,stop,지방자치단체를 당사자로 하는 계약에 관한 법률 시행규칙 제24조 및 제25조,3.3억원,"33,800,000원","[수요기관(지방정부)] 공고 [공고번호] 물품 소액수의 견적제출 안내 공고, 마. 기초금액: 금33,800,000원(부가가치세 포함), ① 법인등기부상 본점 소재지...가 경기도 내인 업체","본 공고는 지방정부의 물품(내자) 소액수의 계약으로, 추정가격이 33,800,000원(기초금액 기준)이다. 지방자치단체 입찰 및 계약 집행기준 및 관련 법령에 따르면 물품/용역의 경우 행정안전부장관이 고시한 금액(고시금액) 미만 시 지역제한이 가능하다. 본 건의 추정가격은 고시금액(물품/용역 2.3억 원 또는 관련 법령상 기준) 미만이므로 경기도로 지역을 제한하는 것은 법령 위반이 아니다.",False,,10902,289
PPS-DEV-093,v4,0,1,FP,1,markdown_code_fence;comparison_not_string,stop,(계약예규) 정부 입찰·계약 집행기준 제2장 제5조제1항,230000000,90000000,용역 실적 (건수) ※공고일 기준 최근 3년,"제공된 법령에 따르면, 제조 또는 용역의 경우 추정가격이 고시금액(물품 및 용역 2억 3천만 원) 이상인 계약에 한하여 실적 제한이 가능하며, 고시금액 미만인 경우에는 실적으로 경쟁참가자의 자격을 제한할 수 없다. 본 공고의 입찰추정가격은 90,000,000원으로 고시금액인 230,000,000원 미만이므로, 실적(최근 3년 내 건수 등)을 근거로 입찰 참가 자격을 제한하는 것은 법령 위반이다.",False,,9769,236
PPS-DEV-093,v5,0,0,TN,1,markdown_code_fence,stop,국가를 당사자로 하는 계약에 관한 법률 시행령 제21조제1항제6호 및 시행규칙 제24조제2항,230000000,90000000,"입찰추정가격 90,000,000원","본 공고는 국가계약법을 적용받는 일반용역이며, 추정가격이 90,000,000원으로 재정경제부장관이 고시한 물품 및 용역의 고시금액(230,000,000원) 미만에 해당함. 따라서 지역제한을 설정할 수 있는 대상이나, 현재 메타데이터상 지역제한여부가 'N'으로 되어 있어 법령 위반 사항이 발견되지 않음.",False,,10311,211
PPS-DEV-093,v6,0,0,TN,0,markdown_code_fence;comparison_not_string,stop,국가를 당사자로 하는 계약에 관한 법률 시행령 제21조제1항제6호 및 시행규칙 제24조제2항제2호,230000000,90000000,"입찰추정가격 90,000,000원","본 공고의 입찰추정가격은 90,000,000원으로, 국가계약법령상 물품 및 용역의 경우 지역제한을 할 수 있는 기준 금액(고시금액 2억 3천만 원) 미만에 해당하므로 지역제한 설정이 가능하나, 현재 메타데이터상 지역제한여부가 'N'으로 되어 있어 법령 위반 여부를 판단할 필요가 없다. 또한, 제공된 정보상 지역제한을 적용하지 않은 상태이므로 위반 사항이 없다.",False,,12241,225
PPS-DEV-093,v7,0,0,TN,0,markdown_code_fence;comparison_not_string,stop,국가를 당사자로 하는 계약에 관한 법률 시행령 제21조제1항제6호 및 동법 시행규칙 제24조제2항,225000000,90000000,"입찰추정가격 90,000,000원 (9천만 원)","본 공고는 국가계약법을 적용받는 일반용역으로, 추정가격이 9천만 원입니다. 국가계약법 시행령 및 시행규칙에 따르면 물품·용역의 경우 고시금액(2억 3천만 원) 미만인 경우 지역제한이 가능하며, 본 건의 추정가격은 고시금액 미만에 해당하므로 지역제한 설정에 법적 위반 사항이 발견되지 않았습니다.",False,,12794,211
PPS-DEV-094,v4,0,1,FP,0,markdown_code_fence;threshold_not_number_or_null,stop,[정부 입찰·계약 집행기준] 제2장 제5조제1항,"230,000,000원",1원,추정가격 1원,"정부 입찰·계약 집행기준 제2장 제5조제1항에 따라, 제조 또는 용역의 경우 추정가격이 고시금액(물품 및 용역의 경우 2억 3천만 원) 미만인 경우에는 실적으로 경쟁참가자의 자격을 제한할 수 없다. 본 공고의 추정가격은 1원으로 고시금액 미만에 해당하므로 실적을 통한 자격 제한은 법령 위반이다.",False,,5625,177
PPS-DEV-094,v5,0,0,TN,0,markdown_code_fence;comparison_not_string,stop,국가를 당사자로 하는 계약에 관한 법률 시행령 제21조제1항제6호 및 시행규칙 제24조,230000000,1,입찰추정가격 1원 (제공된 메타데이터 기준),"본 공고는 국가계약법을 적용받는 물품 구매 건으로, 조항상 '중소기업제품 구매촉진 및 판로지원에 관한 법률'에 따른 중소기업(소기업, 소상공인) 제한을 명시하고 있습니다. 지역제한(본점 소재지 제한)에 관한 위반 여부를 검토하기 위해 물품의 고시금액(2억 3천만 원)을 기준으로 판단하였으나, 본 건의 추정가격은 1원으로 고시금액(2억 3천만 원) 미만에 해당하여 지역제한이 가능한 범위 내에 있습니다. 또한, 제공된 근거상 지역제한에 대한 직접적인 위반 사항이 발견되지 않았습니다.",False,,6167,251
PPS-DEV-094,v6,0,0,TN,0,markdown_code_fence;comparison_not_string,stop,국가를 당사자로 하는 계약에 관한 법률 시행령 제26조제1항제5호가목,20000000,1,"입찰추정가격 1원 (1원 < 2,000만원)","본 공고는 추정가격이 1원으로, 국가계약법 시행령 제26조제1항제5호가목에 따른 수의계약 대상(추정가격 2천만원 이하 물품 제조·구매 계약)에 해당하며, 중소기업/소상공인 제한 규정 위반 사항이 발견되지 않음.",False,,8097,163
PPS-DEV-094,v7,0,0,TN,0,markdown_code_fence;comparison_not_string,stop,[국가를 당사자로 하는 계약에 관한 법률 시행령] 제26조제1항제5호가목,1,1,입찰추정가격 1원 (배정예산금액 1원),"해당 공고는 국가계약법을 적용받는 물품(내자) 계약으로, 추정가격이 1원으로 설정되어 있습니다. 관련 법령상 수의계약 및 제한 사항의 기준이 되는 금액(2천만원 또는 1억원 등)과 비교했을 때, 매우 낮은 금액의 물품 계약으로서 법령 위반 사항이 발견되지 않았습니다.",False,,8650,163
PPS-DEV-095,v4,0,0,TN,0,markdown_code_fence;threshold_not_number_or_null,stop,지방자치단체를 당사자로 하는 계약에 관한 법률 시행령 제20조제1항제5호 및 지방자치단체 입찰 및 계약 집행기준 제4장 제1절,"230,000,000","58,909,091","추정가격 58,909,091원 (입찰추정가격 기준)","본 공고는 지방계약법을 적용받는 용역 계약으로, 실적 제한을 하려면 추정가격이 재정경제부장관이 고시한 금액(물품 및 용역 2억 3천만 원) 이상이어야 합니다. 현재 추정가격은 58,909,091원으로 고시금액 미만이며, 제공된 법령 및 지침에 따라 고시금액 미만인 제조 또는 용역계약의 경우 실적으로 경쟁참가자의 자격을 제한할 수 없으므로 위반 사항이 없습니다.",False,,12170,246
PPS-DEV-095,v5,0,0,TN,1,markdown_code_fence,stop,지방자치단체를 당사자로 하는 계약에 관한 법률 시행령 제20조제1항제6호 및 시행규칙 제24조,500000000,58909091,"추정가격 58,909,091원 (입찰추정가격 기준)","지방계약법상 용역의 지역제한 기준 금액은 행정안전부장관이 고시한 금액(5억원)이며, 본 공고의 추정가격(58,909,091원)은 해당 기준 금액 미만이므로 전라남도 지역으로 제한하는 것은 법령 위반이 아닙니다.",False,,12712,182
PPS-DEV-095,v6,0,0,TN,1,markdown_code_fence;comparison_not_string,stop,지방자치단체를 당사자로 하는 계약에 관한 법률 시행령 제30조 및 제20조,50000000,58909091,라. 입찰 공고일 전일부터 입찰일(낙찰자는 계약 체결일)까지 법인등기부상 본점소재지(개인사업자인 경우에는 사업자등록증 또는 관련 법령에 따른 허가·인가·면허·등록·신고 등에 관련된 서류에 기재된 사업장의 소재지를 말한다)가 전라남도내에 소재한 업체,"본 공고는 추정가격 58,909,091원(부가가치세 제외)인 용역 계약으로, 지방계약법령상 수의계약(소액수의) 대상이며, 지역제한(전라남도)을 설정한 것은 법령상 허용되는 범위 내의 적정한 입찰 참가 자격 제한입니다.",True,,14642,239
PPS-DEV-095,v7,0,0,TN,1,markdown_code_fence,stop,지방자치단체를 당사자로 하는 계약에 관한 법률 시행령 제30조제1항제2호 및 제5장 제3절 1. 가.,100000000,58909091,"추정가격 58,909,091원 (입찰추정가격 기준)","본 공고는 추정가격 1억원 이하의 소액수의 계약으로, 지방자치단체 입찰 및 계약 집행기준 및 수의계약 운영요령에 따라 지역제한 및 소기업·소상공인 확인서 소지 여부를 자격 요건으로 설정하고 있습니다. 입찰 참가 자격으로 '전라남도 내 소재 업체' 및 '소기업·소상공인'을 제한하는 것은 해당 법령 및 지침에 부합하며 위반 사항이 없습니다.",False,,15195,218
PPS-DEV-096,v4,0,1,FP,1,markdown_code_fence;comparison_not_string,stop,[계약예규] 정부 입찰·계약 집행기준 제2장 제5조제1항,230000000,136363636,"추정가격 136,363,636원 (입찰추정가격 기준)","해당 공고는 '물품(내자)' 계약으로, [계약예규] 정부 입찰·계약 집행기준 제2장 제5조제1항에 따라 제조 또는 용역의 경우 추정가격이 고시금액(2억 3천만 원) 이상인 계약에 한하여 실적 제한이 가능합니다. 본 건의 추정가격은 136,363,636원으로 고시금액인 230,000,000원 미만입니다. 따라서 고시금액 미만인 제조 또는 용역계약의 경우 실적으로 경쟁참가자의 자격을 제한할 수 없다는 규정을 위반하여 실적 제한을 적용하였습니다.",False,,10438,258
PPS-DEV-096,v5,0,0,TN,1,markdown_code_fence;comparison_not_string,stop,국가를 당사자로 하는 계약에 관한 법률 시행령 제21조제1항제6호 및 시행규칙 제24조,230000000,136363636,"입찰추정가격 136,363,636원","본 공고는 국가계약법을 적용받는 물품(내자) 계약으로, 지역제한(본점 소재지 제한)을 적용하기 위한 기준 금액은 물품 및 용역의 경우 2억 3천만 원(세계무역기구 정부조달협정상 고시금액)입니다. 해당 공고의 추정가격은 136,363,636원으로 고시금액인 2억 3천만 원 미만에 해당하므로, 법령에 따른 지역제한 적용이 가능합니다.",False,,10980,223
PPS-DEV-096,v6,0,0,TN,1,markdown_code_fence;comparison_not_string,stop,국가를 당사자로 하는 계약에 관한 법률 시행령 제21조제1항제6호 및 시행규칙 제24조제2항제2호,230000000,136363636,"입찰추정가격 136,363,636원","본 공고는 국가계약법을 적용받는 물품(내자) 계약으로, 지역제한 입찰의 기준이 되는 추정가격(136,363,636원)이 물품 및 용역의 고시금액(230,000,000원) 미만입니다. 따라서 지역제한을 설정할 수 있는 유효한 범위 내에 있으며, 법령 위반 사항이 발견되지 않았습니다.",False,,12910,209
PPS-DEV-096,v7,0,0,TN,1,markdown_code_fence;comparison_not_string,stop,국가를 당사자로 하는 계약에 관한 법률 시행령 제21조제1항제6호 및 시행규칙 제24조제2항,230000000,136363636,"입찰추정가격 136,363,636원","본 공고의 입찰추정가격은 136,363,636원으로, 국가계약법령상 물품 및 용역의 경우 고시금액(2억 3천만 원) 미만에 해당하여 지역제한이 가능하나, 현재 공고문상에는 지역제한에 대한 명시적인 제한 사항이 나타나 있지 않으며, 추출된 데이터상 지역제한 여부는 'N'으로 되어 있어 법령 위반 사항이 발견되지 않음.",False,,13463,212
PPS-DEV-097,v4,0,0,TN,0,markdown_code_fence,stop,지방자치단체를 당사자로 하는 계약에 관한 법률 시행령 제20조제1항제5호 및 지방자치단체 입찰 및 계약 집행기준 제4장,22,"85,486,364","추정가격 85,486,364원 (입찰추정가격 기준)","본 공고는 지방자치단체 용역 계약으로, 지방자치단체 입찰 및 계약 집행기준에 따라 추정가격이 고시금액(2억 3천만 원) 미만인 경우 실적으로 경쟁참가자의 자격을 제한할 수 없다. 현재 공고문에는 실적에 대한 제한 사항이 명시되어 있지 않으므로 법령 위반에 해당하지 않는다.",False,,7686,194
PPS-DEV-097,v5,0,0,TN,1,markdown_code_fence;comparison_not_string,stop,지방자치단체를 당사자로 하는 계약에 관한 법률 시행규칙 제24조 및 지방자치단체 입찰 및 계약 집행기준 제4장,500000000,85486364,"입찰추정가격 85,486,364원 (배정예산금액 94,035,000원)","본 공고는 지방정부(기초자치단체)가 주관하는 일반용역(지정폐기물 처리) 건으로, 추정가격이 85,486,364원이다. 지방자치단체 입찰 및 계약 집행기준에 따르면 일반용역의 경우 행정안전부장관이 고시한 금액(5억원) 미만 시 지역제한이 가능하며, 본 건의 추정가격은 5억원 미만이므로 지역제한 및 자격 제한이 적절하게 적용된 것으로 판단된다. 또한, 입찰참가자격으로 제시된 면허(폐기물수집·운반업 등)는 법령 위반 사항이 발견되지 않았다.",False,,8228,279
PPS-DEV-097,v6,0,0,TN,1,markdown_code_fence,stop,지방자치단체를 당사자로 하는 계약에 관한 법률 시행령 제30조 및 지방자치단체 입찰 및 계약 집행기준,,"추정가격 85,486,364원","지방자치단체 입찰 및 계약 집행기준 제5장 제3절 1. 가. 2)에 따르면, 추정가격 1억원 이하 용역의 경우 지정정보처리장치를 이용하여 2인 이상으로부터 견적서를 제출받아야 함. 본 공고는 수의계약(소액수의견적) 방식으로 진행되며, 지역제한에 대한 명시적 제한이 없으므로 법령 위반 없음.","본 공고는 추정가격이 1억원 이하인 용역으로서, 지방자치단체 수의계약 절차에 따라 지정정보처리장치를 통한 전자입찰 방식으로 진행되고 있으며, 지역제한을 두지 않았으므로 법령 위반 사항이 발견되지 않음.",False,,10158,237
PPS-DEV-097,v7,0,0,TN,1,markdown_code_fence;comparison_not_string,stop,지방자치단체를 당사자로 하는 계약에 관한 법률 시행령 제26조제1항제5호가목3) 및 제30조제1항,100000000,85486364,추정가격 2천만원 초과 1억원 이하인 계약으로서 「중소기업기본법」 제2조제2항에 따른 소기업 또는 「소상공인기본법」 제2조에 따른 소상공인과 체결하는 물품의 제조ㆍ구매ㆍ임차계약 또는 용역계약.,"본 공고는 추정가격이 85,486,364원으로, 지방계약법 시행령 제26조제1항제5호가목3)에 따른 소기업·소상공인 대상 수의계약 범위(2천만원 초과 1억원 이하)에 해당하며, 해당 법령에 따른 적법한 계약 방식입니다.",False,,10711,244
PPS-DEV-098,v4,0,1,FP,1,markdown_code_fence;comparison_not_string,stop,"지방자치단체를 당사자로 하는 계약에 관한 법률 시행령 제20조제1항제3호 및 제5호, 지방자치단체 입찰 및 계약 집행기준 제4장 제1절",230000000,99250000,"다 . 공급업체 준수사항 1) 납품 장비의 사후관리가 가능하여야 하며, 품목의 장비공급 경험(실적)이 있는 업체를 통해서만 공급하여야 한다.","본 공고는 물품(내자) 계약으로, 입찰참가자격에 '품목의 장비공급 경험(실적)이 있는 업체'로 제한하고 있습니다. 지방계약법령 및 관련 지침에 따르면, 물품/용역 계약에서 실적을 기준으로 자격을 제한하기 위해서는 해당 계약의 추정가격이 재정경제부장관이 정하여 고시한 금액(고시금액) 이상이어야 합니다. 본 건의 추정가격은 99,250,000원으로, 고시금액인 230,000,000원 미만입니다. 따라서 고시금액 미만인 계약에서 실적을 근거로 입찰참가자격을 제한하는 것은 법령 위반에 해당합니다.",False,,10217,320
PPS-DEV-098,v5,0,0,TN,1,markdown_code_fence;comparison_not_string,stop,지방자치단체를 당사자로 하는 계약에 관한 법률 시행령 제20조제1항제6호 및 시행규칙 제24조제2호나목,500000000,99250000,가. 법인등기부상 본점소재지(...)가 충청남도[...]에 위치한 업체,"본 공고는 추정가격 99,250,000원으로, 지방자치단체 적용 법령상 지역제한 기준 금액인 5억원(또는 고시금액) 미만에 해당하여 충청남도 지역제한 설정은 적법함. 또한, 경험(실적)을 요구하는 내용은 입찰참가자격이 아닌 공급업체 준수사항(계약 후 조건 등)에 해당하므로 v5 위반 사항이 없음.",False,,10759,215
PPS-DEV-098,v6,0,0,TN,0,markdown_code_fence;comparison_not_string,stop,지방자치단체를 당사자로 하는 계약에 관한 법률 시행령 제20조제1항제6호 및 시행규칙 제24조제2호,500000000,99250000,"입찰추정가격 99,250,000원, 지역제한(충청남도) 적용","본 공고는 추정가격이 99,250,000원으로, 지방자치단체 계약에서 물품의 제조·구매 등에 대한 지역제한 기준인 5억원(행정안전부령 기준) 미만에 해당하므로, 충청남도로 지역을 제한한 것은 법령상 적절한 제한 범위 내에 있음.",False,,12689,191
PPS-DEV-098,v7,0,0,TN,0,markdown_code_fence,stop,지방자치단체를 당사자로 하는 계약에 관한 법률 시행령 제20조제1항제6호 및 시행규칙 제24조제2항,500000000,99250000,"입찰추정가격 99,250,000원, 지역제한 충청남도","본 공고는 추정가격이 99,250,000원으로, 지방자치단체 입찰 및 계약 집행기준에 따른 물품/용역 지역제한 기준(고시금액 미만 시 시·도 제한) 범위 내에 있으며, 지역제한 범위(충청남도) 설정이 법령에 위반되지 않음.",False,,13242,190
PPS-DEV-099,v4,0,1,FP,1,markdown_code_fence;comparison_not_string,stop,지방자치단체를 당사자로 하는 계약에 관한 법률 시행령 제20조제1항제5호 및 지방자치단체 입찰 및 계약 집행기준 제4장 제1절,230000000,198018181,"추정가격 198,018,181원 (입찰추정가격 기준)","지방계약법령 및 관련 예규에 따르면, 특수한 기술이 요구되는 용역계약의 경우 해당 용역의 추정가격이 재정경제부장관이 고시하는 금액(물품 및 용역의 경우 2억 3천만 원) 이상이어야 실적 제한이 가능함. 본 공고의 추정가격은 198,018,181원으로 고시금액인 230,000,000원 미만임에도 불구하고, 유사용역 수행실적(최근 3년간 단일 건으로 5천만 원 이상)을 입찰참가자격 제한 조건으로 제시하고 있음. 이는 고시금액 미만인 용역계약에 대해 실적으로 경쟁참가자의 자격을 제한할 수 없다는 규정을 위반한 것으로 판단됨.",False,,14308,306
PPS-DEV-099,v5,0,0,TN,1,markdown_code_fence;comparison_not_string,stop,지방자치단체를 당사자로 하는 계약에 관한 법률 시행규칙 제24조,500000000,198018181,"입찰추정가격 198,018,181원","본 공고의 입찰추정가격은 198,018,181원으로, 지방자치단체 계약 시 지역제한을 할 수 있는 기준 금액인 5억 원(또는 고시금액) 미만에 해당하므로 지역제한 입찰이 가능합니다. 다만, 현재 공고상 '지역제한여부'는 'N'으로 되어 있으나, 이는 입찰참가자격 제한 여부에 대한 설정이며 법령 위반 여부를 판단하는 기준은 추정가격이 기준 금액 미만인지 확인하는 것입니다.",False,,14850,212
PPS-DEV-099,v6,0,0,TN,1,markdown_code_fence;comparison_not_string,stop,지방자치단체를 당사자로 하는 계약에 관한 법률 시행령 제20조제1항제6호 및 지방자치단체 입찰 및 계약 집행기준,217820000,217820000,"추정가격 198,018,181원 (배정예산 217,820,000원)","본 공고의 추정가격은 198,018,181원으로, 지방자치단체 입찰 및 계약 집행기준에 따른 지역제한 대상 금액(일반용역의 경우 행정안전부장관이 고시한 금액 미만) 범위 내에 있으나, 지역제한 여부가 'N'(아니오)으로 설정되어 있어 법령 위반 사항이 발견되지 않음.",False,,16780,216
PPS-DEV-099,v7,0,0,TN,1,markdown_code_fence;comparison_not_string,stop,지방자치단체를 당사자로 하는 계약에 관한 법률 시행령 제20조제1항제6호 및 관련 규정,200000000,198018181,"입찰추정가격 198,018,181원, 지역제한여부 N","본 공고는 지방계약법을 적용받는 용역 입찰로, 추정가격이 198,018,181원이다. 지역제한 입찰의 경우 지방자치단체 입찰 및 계약 집행기준에 따라 시·도 단위의 제한이 가능하나, 본 공고는 '지역제한여부: N'으로 설정되어 있어 지역에 의한 입찰 참가 자격 제한을 두지 않았다. 따라서 법령 위반 사항이 없다.",False,,17333,211
PPS-DEV-100,v4,0,0,TN,0,markdown_code_fence;threshold_not_number_or_null,stop,지방자치단체를 당사자로 하는 계약에 관한 법률 시행령 제20조제1항제3호,"710,000,000","1,303,300,000",나. 지방자치단체를 당사자로 하는 계약에 관한 법률 시행령 제13조 및 동법 시행규칙 제14조 규정에 따라 요건을 갖추고 [수요기관(공기업)]에서 제시하는 규격서에 따라 납품이 가능하며 나라장터(G2B)에 전자입찰서 제출마감일 전일까지 송풍기(세부품명번호 : 4010160101)를 제조물품으로 입찰참가 등록하고... 직접생산확인증명서 송풍기(세부품명번호 : 4010160101)를 소지한 업체... 이어야 합니다.,"해당 공고는 지방공기업이 발주한 물품제조계약으로, 지방계약법 시행령 제20조제1항제3호에 따라 특수한 설비 또는 기술이 요구되는 물품제조계약의 경우 추정가격이 재정경제부장관이 정하여 고시하는 금액 이상이어야 실적으로 제한이 가능합니다. 고시된 금액(물품 및 용역 기준 7억 1천만 원) 대비 본 건의 입찰추정가격(13억 330만 원)이 높으므로, 직접생산확인증명서 소지 및 제조물품 등록을 통한 입찰참가자격 제한은 법령 위반에 해당하지 않습니다.",False,,12336,397
PPS-DEV-100,v5,0,0,TN,1,markdown_code_fence;threshold_not_number_or_null,stop,지방자치단체를 당사자로 하는 계약에 관한 법률 시행규칙 제24조 제2호 나목,"500,000,000","1,303,300,000","입찰추정가격 1,303,30,000원","본 공고는 지방계약법을 적용받는 물품(내자) 조달 건으로, 추정가격이 1,303,300,000원이다. 지방자치단체 입찰 및 계약 집행기준에 따르면 물품의 제조·구매 등은 행정안전부장관이 고시한 금액(고시금액)을 기준으로 지역제한을 할 수 있다. 해당 법령상 물품의 경우 고시금액(5억원) 미만일 때 지역제한이 가능하나, 본 건의 추정가격은 13억 330만 원으로 기준 금액인 5억 원을 초과하므로 지역제한을 적용할 수 있는 대상이 아니다. 다만, 현재 공고 메타데이터상 '지역제한여부: N'으로 되어 있어 법령 위반 사항이 발견되지 않는다.",False,,12878,293
PPS-DEV-100,v6,0,0,TN,1,markdown_code_fence,stop,지방자치단체를 당사자로 하는 계약에 관한 법률 시행령 제20조제1항제6호 및 지방자치단체 입찰 및 계약 집행기준,500000000,1303300000,입찰추정가격 1303300000원,"본 공고의 입찰추정가격은 1,303,300,000원으로, 지방자치단체 입찰 및 계약 집행기준에 따른 물품/용역의 지역제한 기준 금액(일반용역·물품의 경우 행정안전부장고시금액 미만 또는 5억원 미만 등)을 초과하여 검토하였으나, 해당 공고는 '제한경쟁' 방식으로 진행되며 지역제한 여부가 'N'(아니오)으로 설정되어 있어 법령 위반 사항이 발견되지 않음.",False,,14808,233
PPS-DEV-100,v7,0,0,TN,1,markdown_code_fence;comparison_not_string,stop,지방자치단체를 당사자로 하는 계약에 관한 법률 시행령 제20조제1항제6호 및 지방자치단체 입찰 및 계약 집행기준 제4장 제2절,500000000,1303300000,"입찰추정가격 1,303,300,000원","본 공고의 입찰추정가격은 1,303,300,000원으로, 지방자치단체 입찰 및 계약 집행기준상 지역제한 대상인 '물품의 제조·구매 등'의 기준 금액(행정안전부장관 고시 금액 미만)을 초과하여 지역제한을 적용할 수 있는 범위 내에 있으나, 해당 금액은 지역제한 입찰의 대상이 되는 금액 기준을 충족하므로 법령 위반이 아님.",False,,15361,227
PPS-DEV-101,v4,0,0,TN,1,markdown_code_fence,stop,(계약예규) 정부 입찰·계약 집행기준 제2장 제5조제1항,230000000,44545455,"추정가격 44,545,455원","해당 공고는 일반용역(기타공공기관)으로, 용역 실적 제한을 적용하기 위해서는 추정가격이 고시금액(물품 및 용역 기준 2억 3천만 원) 이상이어야 함. 본 건의 추정가격은 44,545,455원으로 고시금액 미만이며, 관련 법령 및 예규에 따라 고시금액 미만인 용역 계약의 경우 실적으로 경쟁참가자의 자격을 제한할 수 없으나, 본 공고는 실적 제한을 명시적으로 요구하고 있지 않으므로 위반사항이 없음.",False,,12722,227
PPS-DEV-101,v5,0,0,TN,1,markdown_code_fence;comparison_not_string,stop,국가를 당사자로 하는 계약에 관한 법률 시행령 제21조제1항제6호 및 시행규칙 제24조제2항제2호,230000000,44545455,"입찰추정가격 44,545,455원 (제공된 메타데이터 기준)","본 공고는 국가계약법을 적용받는 일반용역이며, 추정가격이 44,545,455원으로 재정경제부장(현 기획재정부) 장관이 고시한 물품 및 용역의 고시금액(2억 3천만 원) 미만입니다. 따라서 지역제한 및 자격 제한이 가능하나, 현재 공고상 '지역제한여부'가 'N'으로 되어 있고 별도의 지역 제한을 두지 않았으므로 법령 위반 사항이 없습니다.",False,,13264,235
PPS-DEV-101,v6,0,0,TN,1,markdown_code_fence;comparison_not_string,stop,[국가를 당사자로 하는 계약에 관한 법률 시행령] 제2조제1호 및 제26조제1항,,,"입찰추정가격 44,545,455원","본 공고의 입찰추정가격은 44,545,455원으로, 국가계약법령상 수의계약 및 제한경쟁과 관련된 금액 기준(소기업·소상공인 대상 계약 기준인 1억원 이하 등) 내에 있으며, 지역제한이나 특정 자격 제한에 대한 법령 위반 사항이 발견되지 않음. 제안서 작성 지침 및 경력/실적 관련 내용은 입찰 참가 자격 제한이 아닌 제안서 작성 방법론에 해당하므로 v6 항목의 위반 판정 대상이 아님.",False,,15194,209
PPS-DEV-101,v7,0,0,TN,1,markdown_code_fence;comparison_not_string,stop,국가를 당사자로 하는 계약에 관한 법률 시행령 제26조제1항제5호가목3),100000000,44545455,"추정가격 44,545,455원","본 공고의 입찰추정가격은 44,545,455원으로, 국가계약법 시행령 제26조제1항제5호가목3)에 따른 소기업 또는 소상공인 대상 수의계약 범위(추정가격 2천만원 초과 1억원 이하) 내에 해당합니다. 해당 조항은 경쟁을 통한 계약 체결이 비효율적인 경우를 다루고 있으나, 본 건은 제한경쟁입찰 방식으로 진행되고 있으며, 추출된 근거 내용 중 입찰참가자격 제한에 관한 위반 사항은 발견되지 않았습니다.",False,,15747,229
PPS-DEV-102,v4,0,0,TN,0,markdown_code_fence;comparison_not_string,stop,지방자치단체를 당사자로 하는 계약에 관한 법률 시행령 제20조제1항제3호,23406545,23406545,"지방자치단체를 당사자로 하는 계약에 관한 법률 시행령 제20조제1항제3호 및 국가종합전자조달시스템 입찰참가자격등록규정에 의거, G2B분류번호 1111169701(잡석)을 제조물품으로 등록하고 직접생산확인증명서를 소지한 업체로 제한함.","본 입찰은 추정가격이 23,406,545원으로, 지방계약법령상 물품제조계약의 실적 제한을 위한 기준 금액(재정경제부장관 고시금액 2억 3천만 원) 미만임. 따라서 실적을 통한 자격 제한은 불가하나, 본 공고는 실적 제한이 아닌 '직접생산확인증명서 소지' 및 '제조물품 등록'이라는 자격 요건을 제시하고 있으므로 법령 위반에 해당하지 않음.",False,,11521,291
PPS-DEV-102,v5,0,0,TN,1,markdown_code_fence;comparison_not_string,stop,지방자치단체를 당사자로 하는 계약에 관한 법률 시행령 제20조제1항제6호 및 시행규칙 제24조제2호,500000000,23406545,"입찰추정가격 23,406,545원","본 공고는 지방자치단체 계약으로, 지역제한의 기준이 되는 추정가격이 5억 원 미만(23,406,545원)이므로, 법인등기부상 본점 소재지를 경기도로 제한하는 것은 법령상 허용되는 범위 내에 있습니다.",False,,12063,173
PPS-DEV-102,v6,0,0,TN,1,markdown_code_fence;comparison_not_string,stop,지방자치단체를 당사자로 하는 계약에 관한 법률 시행령 제30조 및 제20조,20000000,23406545,"추정가격 23,406,545원 (입찰추정가격 기준)","본 공고는 지방계약법을 적용받는 수의계약 건으로, 추정가격이 2천만원을 초과하고 1억원 이하인 물품 제조·구매 계약입니다. 지방계약법 시행령 제30조 제1항 제2호 및 제26조 제1항 제5호 가목 3)에 따라 소기업·소상공인 대상 수의계약 범위(추정가격 2천만원 초과 1억원 이하)에 해당하며, 지역제한(경기도) 설정 또한 법령상 허용되는 범위 내에 있으므로 위반 사항이 없습니다.",False,,13993,231
PPS-DEV-102,v7,0,0,TN,1,markdown_code_fence,stop,지방자치단체를 당사자로 하는 계약에 관한 법률 시행령 제26조제1항제5호가목3) 및 제30조제1항,,"추정가격 23,406,545원 (2천만원 초과 1억원 이하 구간)",입찰참가자격 중 '중소기업제품 구매촉진 및 판로지원에 관한 법률'에 따른 직접생산확인증명서 소지 업체 제한 및 지역제한(경기도) 적용,"본 공고는 추정가격이 2,340만 원으로, 지방계약법령상 소기업·소상공인 대상 수의계약 범위(2천만 원 초과 1억 원 이하)에 해당하며, 직접생산확인증명서 소지 및 경기도 지역 제한을 설정하고 있으므로 법령 위반 사항이 없음.",False,,14546,226
PPS-DEV-103,v4,0,0,TN,1,markdown_code_fence,stop,지방자치단체를 당사자로 하는 계약에 관한 법률 시행령 제20조제1항제5호 및 지방자치단체 입찰 및 계약 집행기준 제4장 제1절,66250909,"30,000,000","최근(입찰공고일 전일 기준) 3년 이내 준공(완료)된 3천만원 이상(부가세 포함)의 공공디자인, 시각, 제품, 환경디자인 용역에서 유사한 용역을 수행한 실적","본 공고는 추정가격이 66,250,909원으로, 지방계약법령상 특수한 기술이 요구되는 용역의 실적 제한을 위한 고시금액(230,000,000원) 미만입니다. 다만, 용역 실적 제한 시 '추정가격의 1배 이내' 또는 '3분의 1 이내' 등의 기준을 적용할 수 있으나, 해당 공고는 실적 기준을 3천만 원 이상으로 설정하고 있습니다. 이는 추정가격(66,250,909원)의 1배 이내에 해당하므로 법령 위반이 아닙니다.",True,,16800,307
PPS-DEV-103,v5,0,0,TN,1,markdown_code_fence;threshold_not_number_or_null,stop,지방자치단체를 당사자로 하는 계약에 관한 법률 시행규칙 제24조 제2항 제2호 나목,"500,000,000","66,250,909","입찰추정가격 66,250,909원","해당 공고는 지방자치단체(지방정부)가 체결하는 일반용역 계약으로, 지방계약법령상 지역제한 입찰이 가능한 기준 금액(고시금액)을 확인해야 합니다. 법령상 일반용역의 경우 행정안전부장관이 고시한 금액(5억 원) 미만인 경우 지역제한이 가능합니다. 본 건의 추정가격은 66,250,909원으로 기준 금액인 5억 원 미만에 해당하므로, 지역제한(지역제한여부 N이나 법령상 가능 범위 내) 설정에 대한 위반 사항이 발견되지 않았습니다.",False,,17342,247
PPS-DEV-103,v6,0,0,TN,1,markdown_code_fence,stop,지방자치단체를 당사자로 하는 계약에 관한 법률 시행령 제20조제1항제6호 및 지방자치단체 입찰 및 계약 집행기준,,"66,250,909","입찰추정가격 66,250,909원","본 공고의 입찰 방식은 '제한경쟁입찰(중소기업자)'이며, 지역제한 여부는 'N'으로 설정되어 있으나, 입찰참가자격 항목에서 '지방자치단체를 당사자로 하는 계약에 관한 법률 시행령 제13조 및 동법 시행규칙 제14조에 의한 요건을 갖춘 업체'를 명시하고 있습니다. 지역제한(본점 소재지 제한)에 대한 직접적인 위반 사항은 발견되지 않았습니다.",False,,19272,211
PPS-DEV-103,v7,0,0,TN,1,markdown_code_fence,stop,지방자치단체를 당사자로 하는 계약에 관한 법률 시행령 제20조제1항제6호 및 관련 규정,,"추정가격 66,250,909원","입찰추정가격 66,250,909원, 지역제한여부 N","본 공고는 지역제한을 적용하지 않는 '지역제한여부 N' 상태이며, 입찰참가자격에 지역 제한에 관한 명시적 제한이 없으므로 법령 위반 사항이 없음.",False,,19825,151
PPS-DEV-104,v4,0,0,TN,0,markdown_code_fence;threshold_not_number_or_null,stop,지방자치단체를 당사자로 하는 계약에 관한 법률 시행령 제20조제1항제3호,"230,000,000원","24,545,455원","추정가격 24,545,455원","본 공고는 물품(내자) 계약으로, 지방계약법 시행령 제20조제1항제3호에 따라 특수한 설비 또는 기술이 요구되는 물품제조계약의 경우 해당 물품제조계약의 추정가격이 재정경제부장관이 정하여 고시한 금액(고시금액: 2억 3천만 원) 이상이어야 실적으로 제한할 수 있다. 현재 본 건의 추정가격은 24,545,455원으로 고시금액 미만이며, 제공된 근거상 별도의 실적 제한을 두지 않았으므로 법령 위반 사항이 없다.",True,,7583,246
PPS-DEV-104,v5,0,0,TN,1,markdown_code_fence;comparison_not_string,stop,지방자치단체를 당사자로 하는 계약에 관한 법률 시행규칙 제24조 제2항,500000000,24545455,"지역제한여부: Y, 세부품명번호목록: 화살[4918160301], 양궁활[4918160201], 입찰추정가격: 24545455","지방계약법령상 물품의 제조·구매 시 지역제한을 위한 기준 금액은 행정안전부장관이 고시한 금액(부산광역시의 경우 5억원) 미만인 경우 가능함. 본 건의 추정가격은 24,545,455원으로 기준 금액인 500,000,000원 미만에 해당하므로 부산광역시로 지역을 제한한 것은 법령 위반이 아님.",False,,8125,239
PPS-DEV-104,v6,0,0,TN,0,markdown_code_fence;threshold_not_number_or_null,stop,지방자치단체를 당사자로 하는 계약에 관한 법률 시행령 제30조제1항제2호 및 제5장 제3절 1. 가.,추정가격 2천만원 초과 1억원 이하,"추정가격 24,545,455원",조항호내용: 추정가격 2천만원 초과 1억원 이하 물품·용역(소기업 소상공인 계약),"본 공고는 지방계약법령에 따른 수의계약(소액수의견적) 건으로, 추정가격이 24,545,455원입니다. 이는 지방계약법 시행령 제30조제1항제2호 및 관련 지침에 따른 '추정가격 2천만원 초과 1억원 이하' 구간에 해당하며, 해당 구간에서 소기업 또는 소상공인을 대상으로 하는 수의계약 방식은 법령상 적합합니다. 또한 지역제한 범위(부산광역시) 역시 지방자치단체 입찰 및 계약 집행기준의 지역제한 원칙을 준수하고 있습니다.",False,,10055,301
PPS-DEV-104,v7,0,0,TN,0,markdown_code_fence;comparison_not_string,stop,지방자치단체를 당사자로 하는 계약에 관한 법률 시행령 제30조제1항제2호 및 제5장 수의계약 운영요령,20000000,24545455,추정가격 2천만원 초과 1억원 이하인 계약으로서 「중소기업기본법」 제2조제2항에 따른 소기업 또는 「소상공인기본법」 제2조에 따른 소상공인과 체결하는 물품의 제조ㆍ구매ㆍ임차계약 또는 용역계약,"본 공고는 추정가격이 24,545,455원으로, 지방계약법 시행령 제30조제1항제2호에 따른 수의계약 대상(2천만원 초과 1억원 이하 소기업·소상공인 대상 계약)에 해당하며, 지역제한 범위 또한 법령 및 수의계약 운영요령에 부합함.",False,,10608,246
PPS-DEV-105,v4,0,0,TN,0,markdown_code_fence;output_keys_differ;threshold_not_number_or_null,stop,지방자치단체를 당사자로 하는 계약에 관한 법률 시행령 제20조제1항제5호 및 제4장 제2절,"234,432,000원","21,312,000원","지방자치단체를 당사자로 하는 계약에 관한 법률 시행령 제20조제1항제5호에 따르면, 특수한 기술이 요구되는 용역계약의 경우 해당 용역수행에 필요한 기술의 보유상황 등으로 제한할 수 있으나, 이 경우 해당 용역계약의 추정가격이 재정경제부장관이 정하여 고시한 금액 이상이어야 합니다. 본 공고의 추정가격은 21,312,000원으로, 고시금액인 230,000,000원 미만이므로 실적 또는 기술 보유상황을 통한 제한경쟁 입찰 대상이 아닙니다. 다만, 본 공고는 업종 제한(악취검사기관 또는 측정대행업)을 실시하고 있으나, 이는 고시금액 미만 계약에서 실적 제한이 아닌 자격(면허/업종) 제한에 해당하므로 법령 위반으로 보이지 않습니다.","본 공고는 추정가격이 고시금액(2.3억원) 미만인 용역으로, 실적이나 기술 보유를 조건으로 한 제한경쟁 입찰 대상이 아니며, 제시된 업종 제한은 자격 요건으로서 적절하게 적용되었습니다.",False,,11793,421
PPS-DEV-105,v5,0,0,TN,1,markdown_code_fence;comparison_not_string,stop,지방자치단체를 당사자로 하는 계약에 관한 법률 시행규칙 제24조 제2항 제2호,330000000,21312000,"입찰추정가격 21,312,000원 (또는 추정금액 23,443,200원)","본 공고는 지방자치단체를 당사자로 하는 계약에 관한 법률을 적용받는 용역 입찰로, 지역제한(전라남도)을 설정하였다. 지방자치단체 계약에서 물품·용역의 지역제한 기준 금액은 행정안전부령으로 정하며, 시행규칙 제24조 제2항 제2호에 따라 일반적인 용역의 경우 3억 3천만 원 미만인 경우 지역제한이 가능하다. 본 건의 추정가격(21,312,000원)은 기준 금액인 3억 3천만 원보다 현저히 낮으므로 지역제한 설정은 법령상 위반 사항이 없다.",False,,12335,270
PPS-DEV-105,v6,0,0,TN,1,markdown_code_fence;threshold_not_number_or_null,stop,지방자치단체를 당사자로 하는 계약에 관한 법률 시행령 제20조제1항제6호 및 제30조제1항,"20,000,000원","21,312,000원","추정가격 21,312,000원 (입찰추정가격 기준)","본 공고는 지방자치단체 수의계약(소액수의견적)으로, 추정가격이 2천만원을 초과(21,312,000원)하므로 지방계약법 시행령 제30조제1항제2호에 따라 2인 이상으로부터 견적서를 받는 절차가 필요하며, 지역제한은 전라남도 소재 업체로 적절히 설정되어 법령 위반 사항이 없음.",False,,14265,240
PPS-DEV-105,v7,0,0,TN,1,markdown_code_fence,stop,지방자치단체를 당사자로 하는 계약에 관한 법률 시행령 제20조제1항제6호 및 지방자치단체 입찰 및 계약 집행기준,,"추정가격 21,312,000원 (지역제한 기준 금액 미만)",입찰참가자격: 입찰공고일 전일부터 개찰일까지 계속하여 법인등기부등본상 본점소재지(개인사업자의 경우 사업장 소재지)를 전라남도에 둔 업체,"본 공고는 추정가격이 21,312,000원으로, 지방자치단체 입찰 및 계약 집행기준상 지역제한 대상인 일반용역(행정안전부장관 고시금액 미만)에 해당하며, 입찰참가자격을 '전라남도'에 소재한 업체로 제한하고 있으므로 법령 위반 사항이 없음.",False,,14818,232
PPS-DEV-106,v4,0,0,TN,0,markdown_code_fence;threshold_not_number_or_null,stop,지방자치단체를 당사자로 하는 계약에 관한 법률 시행령 제20조제1항제3호,"230,000,000","49,780,000","입찰추정가격 49,780,000원","지방계약법령상 물품제조 실적 제한을 위해서는 추정가격이 재정경제부장관이 고시한 금액(물품 및 용역 2억 3천만 원) 이상이어야 하나, 본 건의 추정가격은 49,780,000원으로 고시금액 미만이다. 따라서 실적을 통한 자격 제한은 불가하나, 본 공고는 실적 제한을 명시하지 않고 소기업·소상공인 확인서 소지 여부 등 다른 자격 요건만을 제시하고 있으므로 법령 위반이 아니다.",False,,9254,229
PPS-DEV-106,v5,0,0,TN,1,markdown_code_fence;comparison_not_string,stop,지방자치단체를 당사자로 하는 계약에 관한 법률 시행규칙 제24조 제2항 제2호 및 지방자치단체 입찰 및 계약 집행기준 제4장,500000000,49780000,"입찰추정가격 49,780,000원, 물품(내자)","지방자치단체 계약에서 물품의 제조·구매 시 지역제한을 적용할 수 있는 기준 금액은 행정안전부장관이 고시한 금액(일반적으로 5억원) 미만인 경우이다. 본 공고의 추정가격은 49,780,000원으로, 해당 기준 금액인 5억 원 미만에 해당하므로 지역제한 및 소기업·소상공인 제한을 적용하는 데 법령 위반 사항이 없다.",False,,9796,222
PPS-DEV-106,v6,0,0,TN,1,markdown_code_fence;comparison_not_string,stop,지방자치단체를 당사자로 하는 계약에 관한 법률 시행령 제26조제1항제5호가목 3),20000000,49780000,추정가격이 2천만원 초과 1억원 이하인 계약으로서 「중소기업기본법」 제2조제2항에 따른 소기업 또는 「소상공인기본법」 제2조에 따른 소상공인과 체결하는 물품의 제조ㆍ구매ㆍ임차계약 또는 용역계약,"본 공고의 입찰추정가격은 49,780,000원으로, 지방계약법령상 소기업·소상공인 대상 수의계약 범위(2천만원 초과 1억원 이하)에 해당하며, 관련 법령 및 지침에 따른 적법한 제한 사항을 포함하고 있습니다.",False,,11726,228
PPS-DEV-106,v7,0,0,TN,1,markdown_code_fence;comparison_not_string,stop,지방자치단체를 당사자로 하는 계약에 관한 법률 시행령 제26조제1항제5호가목3) 및 지방자치단체 입찰 및 계약 집행기준 제5장 제3절 1. 나. 3) 라,100000000,49780000,"조항호내용: 추정가격 2천만원 초과 1억원 이하 물품·용역(소기업 소상공인 계약), 입찰추정가격: 49780000","본 공고는 추정가격 49,780,000원으로, 지방자치단체 수의계약(소기업·소상공인 제한) 범위인 '추정가격 2천만원 초과 1억원 이하'에 해당합니다. 관련 법령 및 지침에 따라 지역제한(시·도 또는 인접 시·도)을 설정할 수 있는 대상이며, 현재 공고상 지역제한 여부가 'N'으로 되어 있으나, 이는 입찰참가자격 제한 위반(v7)에 해당하지 않습니다.",False,,12279,277
PPS-DEV-107,v4,0,0,TN,0,markdown_code_fence;threshold_not_number_or_null,stop,[정부 입찰·계약 집행기준] 제2장 제5조제1항,고시금액(2억 3천만 원),"7,380만 원","추정가격 73,800,000원","해당 공고는 용역 계약으로, 추정가격이 고시금액(2억 3천만 원) 미만인 경우 실적으로 경쟁참가자의 자격을 제한할 수 없다는 규정이 있으나, 본 공고는 지역제한(대전광역시) 및 업종제한(면허업종)을 적용하고 있으며, 실적 제한을 별도로 요구하고 있지 않으므로 법령 위반에 해당하지 않음.",False,,8567,186
PPS-DEV-107,v5,0,0,TN,1,markdown_code_fence;comparison_not_string,stop,국가를 당사자로 하는 계약에 관한 법률 시행령 제21조제1항제6호 및 시행규칙 제24조제2항제2호,230000000,73800000,"추정가격 73,800,000원 (입찰추정가격 기준)","국가계약법 적용 대상인 공기업의 용역 입찰에서 지역제한(대전광역시)을 적용하기 위한 추정가격 기준은 물품 및 용역의 경우 2억 3천만 원(고시금액) 미만이어야 하나, 본 건의 추정가격은 73,800,000원으로 기준 금액 미만에 해당하여 지역제한 설정이 적법함.",False,,9109,202
PPS-DEV-107,v6,0,0,TN,1,markdown_code_fence;threshold_not_number_or_null,stop,국가를 당사자로 하는 계약에 관한 법률 시행령 제26조제1항제5호가목3),1억원,"73,800,000원",추정가격 2천만원 초과 1억원 이하인 계약으로서 「중소기업기본법」 제2조제2항에 따른 소기업 또는 「소상공인기본법」 제2조에 따른 소상공인과 체결하는 물품의 제조ㆍ구매ㆍ임차계약 또는 용역계약.,"본 공고의 추정가격은 73,800,000원으로, 국가계약법 시행령 제26조제1항제5호가목3)에 따른 소기업·소상공인 대상 수의계약 범위(2천만원 초과 1억원 이하) 내에 해당하며, 지역제한(대전광역시) 또한 적법하게 설정되어 있습니다.",False,,11039,233
PPS-DEV-107,v7,0,0,TN,1,markdown_code_fence,stop,국가를 당사자로 하는 계약에 관한 법률 시행령 제26조제1항제5호가목3) 및 제30조제4항,100000000,73800000,"추정가격 2천만원 초과 1억원 이하인 계약으로서 소기업 또는 소상공인과 체결하는 용역계약이며, 본점 소재지를 대전광역시로 제한함.","본 공고는 추정가격 73,800,000원으로, 국가계약법 시행령 제26조제1항제5호가목3)에 따른 소기업·소상공인 대상 수의계약 범위(2천만원 초과 1억원 이하)에 해당하며, 지역제한(대전광역시)은 관련 법령 및 지침에 따라 적절히 설정되었습니다.",False,,11592,220
PPS-DEV-108,v4,0,0,TN,0,markdown_code_fence;threshold_not_number_or_null,stop,지방자치단체를 당사자로 하는 계약에 관한 법률 시행령 제20조제1항제3호,"230,000,000원","80,000,000원",입찰 참가자격: 나. 「국가종합전자조달시스템 입찰참가자격등록규정」에 의하여 나라장터(G2B)에 입찰참가등록 마감일까지 의료용면역발광측정장치 [세부품명번호 10자리: 4299100301]를 제조 또는 공급물품으로 등록한 자,"물품제조/공급 실적 제한은 추정가격이 재정경제부장관이 정하여 고시한 금액(고시금액) 이상인 경우에만 가능함. 본 건의 추정가격은 80,000,000원으로, 고시금액인 230,000,000원 미만이므로 실적을 통한 자격 제한을 할 수 없으나, 본 공고는 실적 제한이 아닌 업종(제조/수입/판매) 및 지역(전라남도) 제한을 적용하고 있으므로 법령 위반에 해당하지 않음.",False,,7732,310
PPS-DEV-108,v5,0,0,TN,1,markdown_code_fence;threshold_not_number_or_null,stop,지방자치단체를 당사자로 하는 계약에 관한 법률 시행령 제20조제1항제6호 및 시행규칙 제24조제2호나목,"500,000,000","80,000,000","추정가격 80,000,000원 (입찰추정가격 기준)","본 공고는 지방자치단체가 체결하는 물품 구매 계약으로, 지역제한(전라남도)을 적용하고 있다. 지방계약법 시행령 제20조제1항제6호 및 시행규칙 제24조제2호나목에 따르면 물품의 제조·구매 시 행정안전부장관이 고시한 금액(5억원) 미만인 경우 지역제한이 가능하다. 본 건의 추정가격은 8천만 원으로 기준 금액인 5억 원 미만이므로 지역제한 설정은 적법하다.",False,,8274,241
PPS-DEV-108,v6,0,0,TN,0,markdown_code_fence;comparison_not_string,stop,지방자치단체를 당사자로 하는 계약에 관한 법률 시행령 제26조제1항제5호가목3) 및 제30조제1항,80000000,80000000,"추정가격 80,000,000원","본 공고는 지방계약법 적용 대상이며, 추정가격이 2천만원 초과 1억원 이하인 물품 제조·구매 계약으로서 소기업 또는 소상공인과 체결하는 수의계약(지방계약법 시행령 제26조제1항제5호가목3)에 해당함. 지역제한은 전라남도 소재 업체로 제한되어 있으나, 이는 지방계약법 시행령 제20조 및 관련 규정에 따른 적법한 제한임.",False,,10204,213
PPS-DEV-108,v7,0,0,TN,0,markdown_code_fence;comparison_not_string,stop,지방자치단체를 당사자로 하는 계약에 관한 법률 시행령 제26조제1항제5호가목3) 및 제30조제1항,80000000,80000000,추정가격 2천만원 초과 1억원 이하인 계약으로서 소기업 또는 소상공인과 체결하는 물품의 제조·구매·임차계약,"본 공고는 추정가격 8,000만원의 물품 구매 건으로, 지방계약법 시행령 제26조제1항제5호가목3)에 따른 소기업·소상공인 대상 수의계약 범위(2천만원 초과 1억원 이하)에 해당하며, 지역제한 또한 지방자치단체 입찰 및 계약 집행기준에 따라 적절하게 설정되어 있음.",False,,10757,218
PPS-DEV-109,v4,0,0,TN,1,markdown_code_fence,stop,지방자치단체를 당사자로 하는 계약에 관한 법률 시행령 제20조제1항제5호 및 제4장 제한입찰 운영요령,230000000,863636364,최근 3년 내 주관으로 예비타당성급 대형 정부 사업 통과 경험 (예타 면제 포함),"본 공고는 '특수한 기술이 요구되는 용역계약'으로서 실적 제한을 두고 있으나, 요구하는 실적의 기준이 '예비타당성급 대형 정부 사업 통과 경험'과 같이 구체적인 사업의 성격 및 통과 여부로 제한되어 있습니다. 지방계약법령 및 관련 예규에 따르면 실적 제한은 해당 계약목적물과 동일하거나 유사한 종류의 실적(규모, 양, 금액)을 기준으로 해야 하며, 특정 사업의 통과 여부나 특정 유형의 사업 경험을 입찰 참가 자격의 필수 조건으로 요구하는 것은 부당한 입찰 참가 자격 제한에 해당할 소지가 있으나, 현재 추출된 데이터상으로는 명확한 법령 위반 수치(금액/규모)를 확정하기 위한 비교값이 '예타급 사업 경험'이라는 비계량적 요소로 되어 있어 위반 여부를 확정할 수 없습니다. 다만, 고시금액(2.3억) 이상의 용역에서 실적을 제한하는 것은 가능하나, 그 기준이 '예타 통과'와 같은 사업의 성격으로 제한되는 것은 실적의 '금액'이나 '규모'를 기준으로 하는 법령 취지에 비추어 검토가 필요합니다.",False,,14154,390
PPS-DEV-109,v5,0,0,TN,1,markdown_code_fence;threshold_not_number_or_null,stop,지방자치단체를 당사자로 하는 계약에 관한 법률 시행령 제20조제1항제6호 및 시행규칙 제24조제2호나목,"500,000,000","863,636,364","입찰추정가격 863,636,364원","본 공고는 지방계약법을 적용받는 용역 계약으로, 지역제한 입찰 시 추정가격이 행정안전부장관이 고시한 금액(일반용역 기준 5억원)을 초과하는 경우 지역제한을 할 수 없습니다. 현재 입찰추정가격은 863,636,364원으로 기준금액인 5억원을 초과하므로, 지역제한을 적용할 수 없는 대상입니다. 다만, 본 공고의 메타데이터상 지역제한여부가 'N'으로 설정되어 있어 법령 위반에 해당하지 않습니다.",False,,14696,248
PPS-DEV-109,v6,0,0,TN,1,markdown_code_fence;threshold_not_number_or_null,stop,지방자치단체를 당사자로 하는 계약에 관한 법률 시행령 제20조제1항제6호 및 관련 규정,"330,000,000","863,636,364","입찰추정가격 863,636,364원","본 공고의 입찰참가자격 제한(지역제한) 여부를 검토한 결과, 지역제한 여부가 'N'(아니오)으로 설정되어 있습니다. 지방자치단체 계약법령상 추정가격이 행정안전부령으로 정하는 금액(용역의 경우 3.3억원 또는 5억원 등) 미만인 경우에 지역제한이 가능하나, 본 건은 추정가격이 약 8.6억 원으로 지역제한 기준 금액을 초과하므로 지역제한을 설정할 수 없는 구조입니다. 다만, 메타데이터상 지역제한 여부가 'N'으로 명시되어 있으므로 법령 위반 사항이 발생하지 않습니다.",False,,16626,257
PPS-DEV-109,v7,0,0,TN,1,markdown_code_fence,stop,지방자치단체를 당사자로 하는 계약에 관한 법률 시행령 제20조제1항제6호 및 지방자치단체 입찰 및 계약 집행기준,,"863,636,364",제안업체 일반 2. 본 용역 관련 주요 연구 실적: 최근 3년 내 통과된 예타급 대형 정부 사업 경험 수 등 주요 실적 제시,"본 공고는 '지역제한여부: N'으로 설정되어 있으나, 제안서 평가 항목(경험/실적)에서 '최근 3년 내 주관으로 예비타당성급 대형 정부 사업 통과 경험'을 구체적인 수치(경험 수)로 요구하고 있습니다. 이는 입찰 참가 자격이 아닌 '제안서 평가(기술력)' 항목에 해당하며, 특정 실적 보유 여부를 평가하는 것은 입찰 참가 자격의 제한(지역/업종 등)으로 보지 않으므로 법령 위반에 해당하지 않습니다.",False,,17179,252
PPS-DEV-110,v4,0,0,TN,0,markdown_code_fence;comparison_not_string,stop,지방자치단체를 당사자로 하는 계약에 관한 법률 시행령 제20조제1항제3호,222000000,200000000,"입찰추정가격 200,000,000원","본 공고는 물품제조계약으로, 지방계약법 시행령 제20조제1항제3호에 따라 물품제조 실적으로 제한하기 위해서는 해당 물품제조계약의 추정가격이 재정경제부장관이 정하여 고시한 금액(고시금액) 이상이어야 합니다. 고시금액(물품 및 용역)은 2억 3천만 원이나, 본 건의 입찰추정가격은 2억 원으로 고시금액 미만입니다. 따라서 실적 제한을 적용할 수 없는 대상이나, 현재 메타데이터상 별도의 실적 제한(경험/실적)이 명시되어 있지 않으므로 법령 위반에 해당하지 않습니다.",False,,8571,259
PPS-DEV-110,v5,0,0,TN,1,markdown_code_fence;comparison_not_string,stop,지방자치단체를 당사자로 하는 계약에 관한 법률 시행령 제20조제1항제6호 및 시행규칙 제24조제2호나목,500000000,200000000,"입찰추정가격 200,000,000원 (지역제한: 전라남도)","지방자치단체 계약에서 물품의 제조·구매 시 지역제한을 적용하기 위한 기준 금액은 추정가격 5억 원 미만(지방자치단체 적용 시) 또는 행정안전부장관이 고시한 금액(국가기관 적용 시)이다. 본 공고의 추정가격은 2억 원으로, 지역제한(전라남도) 적용이 가능한 범위 내에 있다.",False,,9113,208
PPS-DEV-110,v6,0,0,TN,1,markdown_code_fence;comparison_not_string,stop,지방자치단체를 당사자로 하는 계약에 관한 법률 시행령 제20조제1항제6호 및 지방자치단체 입찰 및 계약 집행기준,200000000,200000000,"입찰추정가격 200,000,000원, 지역제한여부 Y (전라남도)","본 공고의 추정가격은 2억 원이며, 지방자치단체 입찰 및 계약 집행기준에 따르면 물품·용역의 경우 행정안전부장관이 고시한 금액(고시금액) 미만일 때 지역제한이 가능합니다. 고시금액은 물품 및 용역의 경우 2억 3천만 원(국가계약법 기준 고시금액 참조) 또는 관련 규정에 따라 설정되는데, 본 건의 추정가격 2억 원은 지역제한을 적용할 수 있는 범위 내에 있으며, 전라남도 지역 제한 설정은 법령 위반 사항이 발견되지 않았습니다.",False,,11043,263
PPS-DEV-110,v7,0,0,TN,1,markdown_code_fence;comparison_not_string,stop,지방자치단체를 당사자로 하는 계약에 관한 법률 시행규칙 제25조제3항 및 제4항,200000000,200000000,입찰참가자격(지역제한) 관련 내용: (낙찰자는 계약 체결일까지) 법인 등기사항증명서 상 주된 영업소 소재지 (개인사업자인 경우 사업자등록증 또는 관련 법령에 따른 허가 등 서류에 기재된 사업장 소재지)가 전라남도 내에 있는 업체,"본 공고의 추정가격은 2억 원이며, 지역제한 범위는 '전라남도'로 설정되어 있습니다. 지방계약법 시행규칙 제25조제3항 및 제4항에 따르면, 물품 납품지 소재지를 기준으로 지역을 제한할 수 있으며, 본 공고는 입찰공고일 전일부터 입찰일까지 및 낙찰자의 계약 체결일까지 해당 지역(전라남도) 내에 소재지를 유지하도록 규정하고 있어 법령 위반 사항이 발견되지 않습니다.",False,,11596,268
PPS-DEV-111,v4,0,0,TN,1,markdown_code_fence,stop,지방자치단체를 당사자로 하는 계약에 관한 법률 시행령 제20조제1항제5호 및 지방자치단체 입찰 및 계약 집행기준 제4장 제1절,230000000,"181,818,182","추정가격 181,818,182원 (부가세 제외 금액 기준)","본 공고는 지방계약법을 적용받는 용역 계약으로, 실적 제한을 하려면 해당 용역의 추정가격이 재정경제부장관이 정하여 고시한 금액(고시금액) 이상이어야 합니다. 제공된 고시금액에 따르면 물품 및 용역의 고시금액은 2억 3천만 원입니다. 본 건의 추정가격은 181,818,182원으로 고시금액인 230,000,000원 미만에 해당하므로, 실적을 통한 입찰 참가자격 제한을 할 수 없는 대상입니다. 다만, 본 공고의 입찰참가자격은 '지역제한(경상남도)' 및 '면허업종제한(매장유산 조사기관)'에 관한 사항을 다루고 있으며, 실적에 대한 직접적인 제한 규정은 추출된 근거상 위반 사항이 발견되지 않았습니다.",False,,15341,333
PPS-DEV-111,v5,0,0,TN,1,markdown_code_fence;comparison_not_string,stop,지방자치단체를 당사자로 하는 계약에 관한 법률 시행규칙 제24조 제2항 제2호,500000000,181818182,"추정가격 181,818,182원 (부가세 포함 200,000,000원)","본 공고의 추정가격은 181,818,182원으로, 지방자치단체 입찰 및 계약 집행기준에 따른 지역제한 대상인 '행정안전부장관이 고시한 금액(5억원)' 미만에 해당하므로, 경상남도 소재 업체로 제한한 것은 법령 위반이 아닌 적법한 지역제한 입찰입니다.",False,,15883,198
PPS-DEV-111,v6,0,0,TN,1,markdown_code_fence;comparison_not_string,stop,지방자치단체를 당사자로 하는 계약에 관한 법률 시행령 제20조제1항제6호 및 시행규칙 제24조,200000000,181818182,"추정가격 181,818,182원","본 공고의 추정가격은 181,818,182원으로, 지방자치단체 입찰 및 계약 집행기준에 따른 일반용역의 지역제한 기준 금액(행정안전부령으로 정하는 금액)인 2억 원(또는 고시금액 기준) 범위 내에 있으나, 법령상 지역제한을 적용할 수 있는 범위 내에 있으므로 위반 사항이 없음.",False,,17813,197
PPS-DEV-111,v7,0,0,TN,1,markdown_code_fence,stop,지방자치단체를 당사자로 하는 계약에 관한 법률 시행령 제20조제1항제6호 및 시행규칙 제24조,200000000,181818182,"입찰추정가격 181,818,182원 (배정예산 200,000,000원)","본 공고의 추정가격은 181,818,182원으로, 지방자치단체 일반용역의 지역제한 기준 금액인 5억원(또는 행정안전부령으로 정하는 금액) 미만에 해당하므로, 경상남도 소재 업체로 제한하는 것은 법령상 허용되는 범위 내의 적정한 지역제한으로 판단됨.",False,,18366,206
PPS-DEV-112,v4,0,1,FP,1,markdown_code_fence,stop,지방자치단체를 당사자로 하는 계약에 관한 법률 시행령 제20조제1항제3호 및 지방자치단체 입찰 및 계약 집행기준 제4장 제1절,230000000,56202727,유사사업 수행실적 여부 | 입찰공고일 기준 최근 5년간 수행 실적 중 유사사업 수행실적 (무대조명으로 납품한 실적) | 예산금액의 100% 이상 | 6,"지방자치단체 입찰 및 계약 집행기준에 따르면, 물품 제조/용역 등의 실적 제한 시 '추정가격이 고시금액(물품/용역의 경우 2억 3천만 원) 이상'인 경우에만 실적 제한이 가능함. 본 건의 추정가격은 56,202,727원으로 고시금액인 230,000,000원에 미달하므로, 예산금액의 100% 이상(또는 80% 이상)의 실적을 요구하는 것은 법령 위반임.",True,,11280,286
PPS-DEV-112,v5,0,0,TN,1,markdown_code_fence;comparison_not_string,stop,지방자치단체를 당사자로 하는 계약에 관한 법률 시행령 제20조제1항제6호 및 지방자치단체 입찰 및 계약 집행기준 제4장,500000000,56202727,"입찰추정가격 56,202,727원","본 공고는 지방계약법을 적용받는 물품 구매 건으로, 지역제한 및 중소기업 제한(중기업, 소기업, 소상공인)을 설정하고 있습니다. 지방자치단체 입찰 및 계약 집행기준에 따르면 물품/용역의 경우 행정안전부장관이 고시한 금액(5억 원) 미만일 때 지역제한이 가능합니다. 본 건의 추정가격은 56,202,727원으로 기준 금액인 5억 원 미만에 해당하여 법령상 위반 사항이 없습니다.",False,,11822,235
PPS-DEV-112,v6,0,0,TN,0,markdown_code_fence,stop,지방자치단체를 당사자로 하는 계약에 관한 법률 시행령 제20조제1항제6호 및 지방자치단체 입찰 및 계약 집행기준,500000000,"56,202,727","입찰추정가격 56,202,727원","본 공고의 입찰추정가격은 56,202,727원으로, 지방자치단체 입찰 및 계약 집행기준에 따른 물품/용역 지역제한 기준 금액(행정안전부장관 고시 금액 미만) 및 관련 법령상 제한 범위 내에 해당하며, 지역제한 설정에 위반되는 사항이 발견되지 않음.",False,,13752,191
PPS-DEV-112,v7,0,0,TN,0,markdown_code_fence,stop,지방자치단체를 당사자로 하는 계약에 관한 법률 시행령 제20조제1항제6호 및 시행규칙 제24조,500000000,56202727,"입찰추정가격 56,202,727원","본 공고의 입찰추정가격은 56,202,727원으로, 지방자치단체 물품 제조·구매·용역의 지역제한 기준 금액인 5억 원(행정안전부 고시 금액 기준) 미만에 해당하므로 지역제한 설정에 위반 사항이 없습니다.",False,,14305,172
PPS-DEV-113,v4,0,0,TN,0,markdown_code_fence;comparison_not_string,stop,(구)정부 입찰·계약 집행기준 제2장 제5조제1항 및 (국가계약법) 시행령 제21조,230000000,60000000,"입찰추정가격 60,000,000원","본 공고는 용역(사업장폐기물 위탁처리)이며, 추정가격이 60,000,000원으로 재정경제부장관이 고시한 금액(230,000,000원) 미만입니다. 정부 입찰·계약 집행기준에 따라 추정가격이 고시금액 미만인 제조 또는 용역계약의 경우에는 실적으로 경쟁참가자의 자격을 제한할 수 없으나, 본 공고는 지역(경기도) 및 업종(폐기물 관련) 제한을 적용하고 있으며 실적 제한을 명시적으로 요구하고 있지 않으므로 법령 위반에 해당하지 않습니다.",False,,8604,253
PPS-DEV-113,v5,0,0,TN,1,markdown_code_fence,stop,국가를 당사자로 하는 계약에 관한 법률 시행령 제21조제1항제6호 및 시행규칙 제24조제2항제2호,230000000,60000000,"가. 용 역 명: 행정기관 사업장폐기물 위탁처리 용역(제한경쟁·1억원미만) / 입찰추정가격: 60,000,000원 / 지역제한: 경기도","본 공고는 국가계약법을 적용받는 일반용역으로, 지역제한을 적용하기 위한 기준 금액은 재정경제부장관이 고시한 금액(물품 및 용역의 경우 2억 3천만 원)입니다. 본 건의 추정가격은 6,000만 원으로 고시금액인 2억 3천만 원 미만에 해당하므로, 경기도로 지역을 제한하는 것은 법령상 적절합니다.",False,,9146,249
PPS-DEV-113,v6,0,0,TN,1,markdown_code_fence;comparison_not_string,stop,국가를 당사자로 하는 계약에 관한 법률 시행령 제21조제1항제6호 및 시행규칙 제24조제2항제2호,230000000,60000000,"입찰추정가격 60,000,000원","본 공고는 국가계약법을 적용받는 일반용역이며, 추정가격이 6천만 원으로, 국가계약법 시행규칙 제24조제2항제2호에 따른 고시금액(2억 3천만 원) 미만인 계약에 해당한다. 따라서 지역제한(경기도) 설정은 법령 위반이 아니다.",False,,11076,187
PPS-DEV-113,v7,0,0,TN,1,markdown_code_fence,stop,국가를 당사자로 하는 계약에 관한 법률 시행령 제21조제1항제6호 및 시행규칙 제24조제2항제2호,200000000,60000000,"입찰추정가격 60,000,000원, 지역제한(경기도) 적용","본 공고는 국가기관이 발주하는 일반용역(사업장폐기물 위탁처리)으로, 추정가격이 6천만 원이다. 국가계약법령상 지역제한을 적용할 수 있는 기준 금액(고시금액 2억 3천만 원 미만) 범위 내에 있으며, 공고 내용상 '경기도'로 지역을 제한한 것은 법령 위반에 해당하지 않는다.",False,,11629,206
PPS-DEV-114,v4,0,0,TN,0,markdown_code_fence;threshold_not_number_or_null,stop,지방자치단체를 당사자로 하는 계약에 관한 법률 시행령 제20조제1항제3호,"230,000,000원","18,069,091원","지방자치단체를 당사자로 하는 계약에 관한 법률 시행령 제20조제1항제3호에 따르면, 특수한 설비 또는 기술이 요구되는 물품제조계약의 경우 해당 물품제조계약의 추정가격이 재정경제부장관이 정하여 고시한 금액 이상이어야 자격 제한이 가능함. 고시금액(물품 및 용역)은 2억 3천만 원임.","본 공고는 '시약판매업(업종코드 7468)' 자격을 제한하고 있으나, 해당 계약의 추정가격(18,069,091원)이 법령에서 정한 고시금액(230,000,000원) 미만이므로, 특수한 기술/설비/업종을 통한 자격 제한의 기준이 되는 고시금액 미만 계약에 해당함. 다만, 본 건은 실적 제한이 아닌 '업종(면허) 제한'을 수행하고 있으며, 이는 추정가격과 관계없이 유자격자 확인을 위한 사항이므로 법령 위반으로 판단되지 않음.",False,,7894,365
PPS-DEV-114,v5,0,0,TN,1,markdown_code_fence,stop,지방자치단체를 당사자로 하는 계약에 관한 법률 시행규칙 제24조 제2항 제2호,500000000,18069091,"추정가격 18,069,091원 (입찰추정가격 기준)","본 공고는 지방자치단체가 체로 하는 물품 구매 계약으로, 지역제한 입찰의 기준 금액은 지방자치단체 입찰 및 계약 집행기준 및 관련 법령에 따라 행정안전부장고시 금액(물품의 경우 5억원 또는 고시금액)을 기준으로 한다. 해당 공고의 추정가격(18,069,091원)은 지역제한을 적용할 수 있는 금액 범위 내에 있으며, 경상북도 지역 제한 설정은 법령 위반 사항이 아니다.",False,,8436,218
PPS-DEV-114,v6,0,0,TN,0,markdown_code_fence;threshold_not_number_or_null,stop,지방자치단체를 당사자로 하는 계약에 관한 법률 시행령 제30조 및 제20조,"20,000,000원","18,069,091원","추정가격 18,069,091원 (입찰추정가격 기준)","본 공고는 지방계약법을 적용받는 소액수의계약(견적제출) 건으로, 추정가격이 2천만원 이하인 물품 구매 계약에 해당합니다. 지방자치단체 입찰 및 계약 집행기준에 따라 지역제한(경상북도)을 설정하였으며, 이는 추정가격 2천만원 이하의 수의계약 범위 내에서 적법하게 운영되고 있습니다.",False,,10366,222
PPS-DEV-114,v7,0,0,TN,0,markdown_code_fence,stop,지방자치단체를 당사자로 하는 계약에 관한 법률 시행령 제30조 제1항 제2호,20000000,19876000,"나. 기초금액 : 금19,876,000원(금일천구백팔십칠만육천원) - 부가가치세 포함","본 공고는 지방계약법 적용 대상이며, 추정가격(18,069,091원)이 2천만원 이하인 물품 구매 수의계약 건이다. 지방계약법 시행령 제30조 제1항 제2호에 따르면 추정가격 2천만원 이하인 물품의 제조·구매·임차계약은 1인으로부터 받은 견적서로 수의계약이 가능하므로, 2인 이상 견적 제출을 요구하는 것이 법령 위반은 아니나, 현재 공고는 소액수의견적(전자입찰) 방식으로 진행되고 있으며 기초금액이 2천만원 이하이므로 적법한 절차 내에 있다.",True,,10919,271
PPS-DEV-115,v4,0,0,TN,0,markdown_code_fence;threshold_not_number_or_null,stop,지방자치단체를 당사자로 하는 계약에 관한 법률 시행령 제20조제1항제5호 및 지방자치단체 입찰 및 계약 집행기준 제4장,"230,000,000원","63,376,364원","입찰추정가격 63,376,364원","본 공고는 지방계약법을 적용받는 용역 계약으로, 실적 제한을 하려면 해당 용역의 추정가격이 재정경제부장관이 고시하는 금액(고시금액) 이상이어야 합니다. 고시금액은 물품 및 용역의 경우 2억 3천만 원입니다. 본 공고의 추정가격은 63,376,364원으로 고시금액 미만임에도 불구하고, 실적 제한(업종 제한 등)을 적용하는 것은 법령 위반이 아니나, 실적(규모/양/금액)을 통한 자격 제한을 하려는 시도는 고시금액 미만 계약이므로 제한할 수 없습니다. 다만, 현재 공고문상에는 특정 실적을 요구하는 내용이 없으므로 위반사항이 없습니다.",False,,9470,297
PPS-DEV-115,v5,0,0,TN,1,markdown_code_fence;threshold_not_number_or_null,stop,지방자치단체를 당사자로 하는 계약에 관한 법률 시행규칙 제24조제2항제2호,"500,000,000","63,376,364","입찰추정가격 63,376,364원, 지역제한(전라남도) 적용","지방자치단체 계약에서 일반용역의 지역제한 기준 금액은 행정안전부장고시금액(5억원) 미만인 경우 가능하며, 본 건의 추정가격은 63,376,364원으로 기준 금액인 5억원 미만에 해당하므로 지역제한 설정은 적법함.",False,,10012,183
PPS-DEV-115,v6,0,0,TN,1,markdown_code_fence;comparison_not_string,stop,지방자치단체를 당사자로 하는 계약에 관한 법률 시행령 제26조제1항제5호가목,63376364,100000000,"추정가격 63,376,364원 (입찰추정가격 기준)","해당 공고는 추정가격 2천만원 초과 1억원 이하인 소기업·소상공인 대상 수의계약(소액수의견적) 건으로, 지방계약법 시행령 제26조제1항제5호가목에 따른 적법한 계약 방식입니다. 지역제한 또한 전라남도(r1)로 설정되어 있으며, 이는 법령상 허용되는 범위 내의 제한입니다.",False,,11942,197
PPS-DEV-115,v7,0,0,TN,1,markdown_code_fence,stop,지방자치단체를 당사자로 하는 계약에 관한 법률 시행령 제26조제1항제5호가목3),63376364,63376364,추정가격 2천만원 초과 1억원 이하인 계약으로서 소기업 또는 소상공인과 체결하는 용역계약,"본 공고는 추정가격 63,376,364원으로, 지방계약법 시행령 제26조제1항제5호가목3)에 따른 '추정가격 2천만원 초과 1억원 이하인 계약으로서 소기업 또는 소상공인과 체결하는 용역계약' 범위에 해당하며, 이는 법령상 허용되는 수의계약 범위 내에 있습니다.",False,,12495,205
PPS-DEV-116,v4,0,0,TN,1,markdown_code_fence;comparison_not_string,stop,[국가를 당사자로 하는 계약에 관한 법률 시행령] 제21조제1항제3호 및 [정부 입찰·계약 집행기준] 제2장 제5조제1항,230000000,165900000,"입찰추정가격 165,900,000원","본 공고는 물품(내자) 계약으로, 추정가격이 고시금액(2억 3천만 원) 미만입니다. [정부 입찰·계약 집행기준] 제2장 제5조제1항에 따라 추정가격이 고시금액 미만인 제조 또는 용역계약의 경우 실적으로 입찰참가자격을 제한할 수 없으나, 본 건의 경우 실적 제한에 대한 구체적인 조항이 추출되지 않았으며, 제공된 evidence 내의 내용은 계약 이행 시의 수량 확인 방법(계근 및 송장 제출)에 관한 사항으로 입찰참가자격(실적 제한)에 해당하지 않습니다. 따라서 법령 위반 사항이 없습니다.",False,,7306,277
PPS-DEV-116,v5,0,0,TN,1,markdown_code_fence;comparison_not_string,stop,국가를 당사자로 하는 계약에 관한 법률 시행령 제21조제1항제6호 및 시행규칙 제24조제2항,230000000,165900000,"입찰추정가격 165,900,000원","본 공고는 국가계약법을 적용받는 물품(내자) 구매 건으로, 추정가격이 165,900,000원이다. 국가계약법 시행규칙 제24조제2항에 따른 물품 및 용역의 고시금액(2억 3천만 원) 미만에 해당하므로, 지역제한 및 자격 제한에 관한 법령 위반 사항이 발견되지 않았다.",False,,7848,203
PPS-DEV-116,v6,0,0,TN,1,markdown_code_fence;threshold_not_number_or_null,stop,국가를 당사자로 하는 계약에 관한 법률 시행령 제21조제1항제6호 및 시행규칙 제24조제2항제2호,"230,000,000원","165,900,000원","입찰추정가격 165,900,000원","본 공고의 입찰추정가격은 165,900,000원으로, 국가계약법령상 물품 및 용역의 국제입찰 대상 여부를 판단하는 기준 금액인 2억 3천만 원 미만에 해당합니다. 따라서 지역제한 등 입찰 참가 자격 제한에 관한 법령 위반 사항이 발견되지 않았습니다.",False,,9778,224
PPS-DEV-116,v7,0,0,TN,0,markdown_code_fence;comparison_not_string,stop,국가를 당사자로 하는 계약에 관한 법률 시행령 제21조제1항제6호 및 시행규칙 제24조제2항,230000000,165900000,"입찰추정가격 165,900,000원","본 공고는 국가계약법을 적용받는 물품(내자) 구매 건으로, 입찰참가자격 제한(지역제한 등)의 기준이 되는 '고시금액'은 물품 및 용역의 경우 2억 3천만 원이다. 해당 공고의 입찰추정가격은 165,900,000원으로 고시금액인 2억 3천만 원 미만에 해당하므로, 법령상 제한이 가능한 범위 내에 있다. 또한, 제공된 evidence 내의 '부산광역시' 관련 내용은 납품장소에 관한 사항으로 입찰참가자격 제한(지역제한) 여부를 판단하는 기준이 아니므로 위반사항이 없다.",False,,10331,265
PPS-DEV-117,v4,0,0,TN,1,markdown_code_fence;threshold_not_number_or_null,stop,(계약예규) 정부 입찰·계약 집행기준 제2장 제5조제1항,"230,000,000","27,272,727","추정가격 27,272,727원 (입찰금액 30,000,000원)","해당 용역의 추정가격은 27,272,727원으로, 재정경제부장관이 고시한 물품 및 용역의 고시금액인 2억 3천만 원 미만이다. (계약예규) 정부 입찰·계약 집행기준 제2장 제5조제1항에 따라, 추정가격이 고시금액 미만인 제조 또는 용역계약의 경우에는 실적으로 경쟁참가자의 자격을 제한할 수 없다. 본 공고는 실적 제한을 명시하고 있지 않으나, 고시금액 미만 계약이므로 실적 제한을 적용할 수 없는 대상이다.",False,,7992,259
PPS-DEV-117,v5,0,0,TN,0,markdown_code_fence;comparison_not_string,stop,국가를 당사자로 하는 계약에 관한 법률 시행령 제21조제1항제6호 및 시행규칙 제24조제2항제2호,27272727,27272727,"입찰추정가격 27,272,727원, [판로지원법 시행령] 중기업,소기업,소상공인 제한","본 공고는 국가계약법을 적용받는 일반용역 입찰로, 추정가격이 27,272,727원이다. 국가계약법 시행규칙 제24조제2항제2호에 따르면 용역의 경우 고시금액(물품 및 용역 2억 3천만 원) 미만인 경우 지역제한이 가능하며, 본 건은 고시금액 미만인 구간에 해당한다. 또한, 중소기업/소기업/소상공인 제한은 판로지원법에 따른 자격 제한이며, 이는 입찰참가자격 제한의 범주 내에서 적절히 적용된 것으로 판단된다.",False,,8534,275
PPS-DEV-117,v6,0,0,TN,0,markdown_code_fence;comparison_not_string,stop,국가를 당사자로 하는 계약에 관한 법률 시행령 제26조제1항제5호가목,20000000,27272727,"입찰추정가격 27,272,727원, 조항호내용: [판로지원법 시행령] 중기업,소기업,소상공인 제한","본 공고는 추정가격이 27,272,727원으로, 국가계약법 시행령 제26조제1항제5호가목 3)에 따른 '추정가격 2천만원 초과 1억원 이하인 계약으로서 소기업 또는 소상공인과 체결하는 용역계약'에 해당합니다. 해당 법령에 따라 중기업, 소기업, 소상공인 제한을 설정하는 것은 적법한 제한경쟁 입찰 조건입니다.",False,,10464,228
PPS-DEV-117,v7,0,0,TN,0,markdown_code_fence;comparison_not_string,stop,국가를 당사자로 하는 계약에 관한 법률 시행령 제26조제1항제5호가목,20000000,27272727,"입찰추정가격 27,272,727원","본 공고는 국가계약법을 적용받는 일반용역(기타공공기관)으로, 추정가격이 2천만원을 초과하는 계약입니다. 제공된 법령(국가계약법 시행령 제26조제1항제5호가목 3번)에 따르면 추정가격이 2천만원 초과 1억원 이하인 계약으로서 소기업 또는 소상공인과 체결하는 용역계약의 경우 수의계약 대상에 해당할 수 있으나, 본 건은 '제한경쟁' 방식으로 진행되는 입찰이며, 입찰 참가 자격 제한에 대한 위반 사항이 발견되지 않았습니다.",False,,11017,238
PPS-DEV-118,v4,0,0,TN,0,markdown_code_fence;threshold_not_number_or_null,stop,국가를 당사자로 하는 계약에 관한 법률 시행령 제21조제1항제3호 및 (계약예규) 정부 입찰·계약 집행기준 제5조제1항,"230,000,000원","37,990,909원","입찰추정가격 37,990,909원, 물품(내자)","본 공고는 물품 구매 단가계약으로, 추정가격이 37,990,909원이다. 관련 법령 및 고시금액에 따르면 물품 및 용역의 경우 고시금액(2억 3천만 원) 이상인 경우에만 특수한 설비 또는 기술을 요건으로 한 제한이 가능하나, 본 건은 고시금액 미만이다. 또한 (계약예규) 정부 입찰·계약 집행기준 제5조제1항에 따라 추정가격이 고시금액 미만인 제조 또는 용역계약의 경우에는 실적으로 경쟁참가자의 자격을 제한할 수 없으나, 본 공고는 실적 제한이 아닌 '석유판매업 등록 여부'라는 업종 자격을 제한하고 있으므로 법령 위반에 해당하지 않는다.",False,,7169,310
PPS-DEV-118,v5,0,0,TN,0,markdown_code_fence;comparison_not_string,stop,국가를 당사자로 하는 계약에 관한 법률 시행령 제21조제1항제6호 및 시행규칙 제24조제2항제2호,230000000,37990909,"입찰추정가격 37,990,909원 (물품)","본 공고는 국가계약법을 적용받는 물품 구매 계약이며, 추정가격은 37,990,909원으로 재정경제부장고시금액(물품 및 용역 기준 2억 3천만 원) 미만입니다. 따라서 지역제한이나 자격 제한을 설정할 수 있는 범위 내에 있으나, 현재 공고상에는 지역제한(지역제한여부: N) 및 업종제한(업종제한여부: Y)이 설정되어 있으며, 이는 법령 위반 사항이 아닌 정상적인 입찰 참가 자격 제한으로 판단됩니다.",False,,7711,246
PPS-DEV-118,v6,0,0,TN,0,markdown_code_fence;threshold_not_number_or_null,stop,국가를 당사자로 하는 계약에 관한 법률 시행령 제21조제1항제6호 및 시행규칙 제24조제2항,"230,000,000","37,990,909","입찰추정가격 37,990,909원","본 공고의 입찰추정가격은 37,990,909원으로, 국가계약법 시행령 제21조제1항제6호 및 시행규칙 제24조제2항에 따른 물품/용역의 고시금액(230,000,000원) 미만입니다. 따라서 지역제한 또는 자격 제한이 가능하며, 현재 공고상 별도의 지역 제한이나 위반 사항이 발견되지 않았습니다.",False,,9641,214
PPS-DEV-118,v7,0,0,TN,0,markdown_code_fence;comparison_not_string,stop,국가를 당사자로 하는 계약에 관한 법률 시행령 제21조제1항제6호 및 시행규칙 제24조제2항,230000000,37990909,"입찰추정가격 37,990,909원","본 공고는 국가계약법을 적용받는 물품 구매 계약으로, 추정가격이 37,990,909원이다. 국가계약법 시행규칙 제24조제2항에 따라 물품의 경우 고시금액(230,000,000원) 미만인 경우 지역제한이 가능하나, 본 공고는 '지역제한여부: N'으로 설정되어 있어 법령 위반 사항이 없다.",False,,10194,210
PPS-DEV-119,v4,0,1,FP,1,markdown_code_fence;comparison_not_string,stop,지방자치단체를 당사자로 하는 계약에 관한 법률 시행령 제20조제1항제5호 및 지방자치단체 입찰 및 계약 집행기준 제4장 제1절,230000000,72727273,"입찰추정가격 72,727,273원, 최근 5년 이내 사업수행 누계 실적(2억 이상, 1억 이상 등) 요구","지방자치단체 용역 계약에서 실적 제한을 하려면 해당 용역의 추정가격이 재정경제부장관이 고시하는 금액(물품 및 용역의 경우 2억 3천만 원) 이상이어야 하나, 본 공고의 입찰추정가격은 72,727,273원으로 고시금액 미만임에도 불구하고 실적 제한을 적용하고 있음.",False,,14433,229
PPS-DEV-119,v5,0,0,TN,1,markdown_code_fence;comparison_not_string,stop,지방자치단체를 당사자로 하는 계약에 관한 법률 시행규칙 제24조 제2항 제2호 나목,500000000,72727273,"입찰추정가격 72,727,273원","지방자치단체 입찰 시 지역제한(본점소재지) 기준은 추정가격이 행정안전부장관이 고시한 금액(일반용역의 경우 5억원) 미만인 경우에 해당하며, 본 공고의 추정가격은 72,727,273원으로 기준 금액인 5억원 미만이므로 법령 위반이 아님.",False,,14975,186
PPS-DEV-119,v6,0,0,TN,1,markdown_code_fence;threshold_not_number_or_null,stop,지방자치단체를 당사자로 하는 계약에 관한 법률 시행령 제20조제1항제6호 및 지방자치단체 입찰 및 계약 집행기준,330000000,72727273,"입찰추정가격 72,727,273원","본 공고의 입찰추정가격은 72,727,273원으로, 지방자치단체 일반용역의 지역제한 기준 금액인 3억 3천만원(행정안전부령 기준) 미만에 해당하므로, 강원특별자치도로 지역을 제한한 것은 법령 위반이 아니다.",False,,16905,178
PPS-DEV-119,v7,0,0,TN,1,markdown_code_fence;comparison_not_string,stop,지방자치단체를 당사자로 하는 계약에 관한 법률 시행규칙 제24조 제2호 나목,330000000,80000000,"입찰추정가격 72,727,273원 (배정예산 80,000,000원)","본 공고는 일반용역(공연기획 운영 대행)으로, 지방자치단체 입찰 시 지역제한을 적용할 수 있는 기준 금액은 행정안전부령에 따라 3억 3천만원(용역 기준)입니다. 현재 추정가격은 약 7,272만원으로, 지역제한 기준 금액인 3억 3천만원 미만에 해당하므로 강원특별자치도로 지역 제한을 설정한 것은 법령 위반이 아닙니다.",False,,17458,219
PPS-DEV-120,v4,0,0,TN,0,markdown_code_fence;comparison_not_string,stop,[정부 입찰·계약 집행기준] 제2장 제5조제1항 및 [국가를 당사자로 하는 계약에 관한 법률] 관련 법령,230000000,2000000,"입찰추정가격 2원(실제로는 2,000,000원 또는 2원 단위로 보이나 제공된 메타데이터 기준 적용), 고시금액 2억 3천만 원","본 공고는 물품(내자) 계약으로, 추정가격이 2원(또는 2백만 원)으로 고시금액(2억 3천만 원) 미만입니다. [정부 입찰·계약 집행기준] 제2장 제5조제1항 단서에 따라 추정가격이 고시금액 미만인 제조 또는 용역(물품 포함) 계약의 경우 실적으로 경쟁참가자의 자격을 제한할 수 없으나, 본 공고의 추출된 내용(evidence)에는 실적 제한에 대한 구체적인 수치나 위반 사항이 나타나지 않으며, 입찰참가자격 제한(소기업, 소상공인 제한)은 법령 위반 여부를 판단하는 실적 제한 기준과는 별개의 사항입니다. 제공된 데이터상 실적 제한을 통한 자격 제한 위반 정황이 발견되지 않습니다.",False,,5780,335
PPS-DEV-120,v5,0,0,TN,0,markdown_code_fence;comparison_not_string,stop,[국가를 당사자로 하는 계약에 관한 법률 시행령] 제21조제1항제6호 및 [국가를 당사자로 하는 계약에 관한 법률 시행규칙] 제24조제2항제2호,230000000,2000000,"입찰추정가격 2 (단위: 백만 원 추정 시 2,000,000원)","본 공고는 '소기업, 소상공인 제한'을 적용하고 있으며, 이는 [판로지원법]에 따른 제한사항이다. 국가계약법상 지역제한이나 소재지 제한을 위한 '고시금액(물품 및 용역 2억 3천만 원)' 기준을 검토하였을 때, 추정가격 2(백만 원)는 고시금액 미만에 해당하여 법령 위반 사항이 없다.",False,,6322,230
PPS-DEV-120,v6,0,0,TN,0,markdown_code_fence;comparison_not_string,stop,국가를 당사자로 하는 계약에 관한 법률 시행령 제26조제1항제5호가목 3),100000000,2,"[판로지원법 시행령] 소기업,소상공인제한 / 입찰추정가격 2 (단위: 원 또는 관련 단위 기준)","본 공고는 추정가격이 2(단위)로, 국가계약법 시행령 제26조제1항제5호가목 3)에 따른 소기업 또는 소상공인 대상 수의계약 범위(추정가격 2천만원 초과 1억원 이하)에 해당하지 않으나, 해당 조항은 수의계약 시의 기준이며, 본 공고는 '제한경쟁' 방식으로 진행되고 있음. 또한, 제공된 메타데이터상 '중,소기업제한' 문구가 있으나, 이는 입찰 참가 자격의 제한 사항으로서 법령 위반을 판단할 근거가 부족함. 추정가격이 매우 낮아(2) 일반적인 제한경쟁의 위반 여부를 판단할 수 있는 기준 금액 미만임.",False,,8252,280
PPS-DEV-120,v7,0,0,TN,0,markdown_code_fence;comparison_not_string,stop,[국가를 당사자로 하는 계약에 관한 법률 시행령] 제26조제1항제5호가목3),20000000,2000000,입찰추정가격 2원 (단위: 원 추정),"본 공고는 국가계약법을 적용받는 물품 구매 계약이며, 추정가격이 2원(실제로는 2원 또는 2단위로 보임)으로 매우 낮다. 판로지원법에 따른 소기업/소상공인 제한을 적용하고 있으나, 이는 수의계약 및 제한경쟁의 적법한 범위 내에 있으며, 제공된 법령상 추정가격 2천만원 이하의 물품 계약에 대한 제한 규정을 위반하지 않았다.",False,,8805,203
PPS-DEV-121,v4,0,0,TN,1,markdown_code_fence;comparison_not_string,stop,지방자치단체를 당사자로 하는 계약에 관한 법률 시행령 제20조제1항제5호 및 제25조제2항,230000000,158000000,"지방자치단체를 당사자로 하는 계약에 관한 법률 시행령 제20조제1항제5호에 따라 특수한 기술이 요구되는 용역계약의 경우, 해당 용역계약의 추정가격이 재정경제부장관이 정하여 고시한 금액(2억 3천만 원) 이상이어야 실적으로 제한할 수 있음. 본 공고의 입찰추정가격은 158,000,000원으로 고시금액 미만임.","본 공고는 용역 계약으로, 지방계약법 및 관련 규정에 따라 추정가격이 고시금액(2억 3천만 원) 미만인 경우 실적을 통한 제한경쟁 입찰 자격 제한이 불가함에도 불구하고, 입찰참가자격에 특정 업종(요양보호사교육기관) 및 지역 제한을 설정하고 있으나, 이는 실적 제한에 대한 위반 여부를 판단하는 기준인 '고시금액 미만 시 실적 제한 금지' 원칙을 위반한 것으로 보이지 않음. 다만, 제공된 법령상 고시금액(2.3억)보다 낮은 추정가격(1.58억)을 가지고 있으므로 실적 제한을 적용할 수 없는 대상임. 현재 공고문상에는 구체적인 '실적'을 요구하는 문구가 명시되어 있지 않으므로 위반사항이 없음.",False,,18300,398
PPS-DEV-121,v5,0,0,TN,1,markdown_code_fence;comparison_not_string,stop,지방자치단체를 당사자로 하는 계약에 관한 법률 시행규칙 제24조 제2항 제2호 나목,500000000,158000000,"입찰추정가격 158,000,000원","지방자치단체 일반용역의 지역제한 기준 금액은 행정안전부장관이 고시한 금액(서울특별시, 부산광역시, 인천광역시의 군·구의 경우 5억 원)입니다. 본 공고의 추정가격은 158,000,000원으로, 지역제한 기준 금액인 5억 원 미만에 해당하므로 법령 위반이 아닙니다.",False,,18842,189
PPS-DEV-121,v6,0,0,TN,1,markdown_code_fence;threshold_not_number_or_null,stop,지방자치단체를 당사자로 하는 계약에 관한 법률 시행령 제20조제1항제6호 및 시행규칙 제24조,"500,000,000","158,000,000","입찰추정가격 158,000,000원, 지역제한: 서울특별시","본 공고의 입찰추정가격은 158,000,000원으로, 지방자치단체 계약법 시행규칙 제24조 제1항 제2호에 따른 일반용역 지역제한 기준 금액(행정안전부장관이 고시한 금액, 서울특별시 관할 구역 내 군·구의 경우 5억원) 미만에 해당하므로, 서울특별시로 지역을 제한한 것은 법령상 적정한 제한입니다.",False,,20772,217
PPS-DEV-121,v7,0,0,TN,1,markdown_code_fence;threshold_not_number_or_null,stop,지방자치단체를 당사자로 하는 계약에 관한 법률 시행령 제20조제1항제6호 및 지방자치단체 입찰 및 계약 집행기준,행정안전부장관이 고시한 금액 (일반용역의 경우 5억원 미만),"158,000,000원","입찰추정가격 158,000,000원, 지역제한(서울특별시)","본 공고의 추정가격은 158,000,000원으로, 지방자치단체 입찰 및 계약 집행기준에 따른 일반용역 지역제한 기준 금액(5억원 미만) 이내에 해당하며, 서울특별시로 지역을 제한한 것은 법령상 적절한 범위 내의 제한임.",False,,21325,232
PPS-DEV-122,v4,0,0,TN,0,markdown_code_fence;threshold_not_number_or_null,stop,지방자치단체를 당사자로 하는 계약에 관한 법률 시행령 제20조제1항제3호,"230,000,000","33,823,636","추정가격(a) 33,823,636원","지방계약법령상 특수한 설비 또는 기술이 요구되는 물품제조계약의 경우, 해당 물품제조실적을 기준으로 자격을 제한하려면 추정가격이 재정경제부장관이 정하여 고시한 금액(고시금액) 이상이어야 합니다. 본 건의 추정가격은 33,823,636원으로 고시금액인 230,000,000원 미만이므로, 실적을 통한 입찰참가자격 제한은 법령 위반에 해당하지 않습니다.",False,,11367,225
PPS-DEV-122,v5,0,0,TN,1,markdown_code_fence;comparison_not_string,stop,지방자치단체를 당사자로 하는 계약에 관한 법률 시행규칙 제24조 제2호 나목,500000000,33823636,"추정가격(a) 33,823,636원","본 공고는 지방정부의 물품(내자) 계약으로, 지역제한(제주특별자치도)을 적용하고 있다. 지방계약법 시행규칙 제24조 제2호 나목에 따르면 물품의 제조·구매 등의 경우 행정안전부장관이 고시한 금액(5억원)을 기준으로 지역제한을 할 수 있다. 본 건의 추정가격은 33,823,636원으로 기준금액인 5억원 미만에 해당하므로 지역제한 설정은 법령상 위반 사항이 없다.",False,,11909,222
PPS-DEV-122,v6,0,0,TN,1,markdown_code_fence,stop,지방자치단체를 당사자로 하는 계약에 관한 법률 시행령 제30조 및 제20조,,"추정가격 33,823,636원 (제주특별자치도 소재 제한)",제주특별자치도 소재 제한 및 직접생산확인증명서 소지 업체,"본 공고는 추정가격이 2천만원 초과 1억원 이하인 물품 제조·구매 계약으로, 지방자치단체 수의계약(소액수의견적) 대상입니다. 지역제한 범위인 '제주특별자치도'에 본점 소재지를 둔 업체로 제한한 것은 적법하며, 직접생산확인증명서 소지 요건 또한 물품 제조 계약의 특성상 적절한 자격 제한으로 판단됩니다.",False,,13839,204
PPS-DEV-122,v7,0,0,TN,1,markdown_code_fence,stop,지방자치단체를 당사자로 하는 계약에 관한 법률 시행령 제30조 제1항 및 제2항,100000000,33823636,"추정가격 33,823,636원 (입찰추정가격 기준)","본 건은 추정가격이 2천만원 초과 1억원 이하인 물품 제조·구매 계약으로, 소기업 또는 소상공인과 체결하는 수의계약 대상에 해당하며, 지방계약법령상 해당 금액 범위 내에서 지역제한(제주특별자치도) 및 직접생산확인증명서 소지 조건을 설정한 것은 적법함.",False,,14392,185
PPS-DEV-123,v4,0,0,TN,1,markdown_code_fence;threshold_not_number_or_null,stop,(구)정부 입찰·계약 집행기준 제2장 제5조제1항 및 (지방자치단체 입찰 및 계약 집행기준) 제4장 제1절,"230,000,000","259,211,818","최근 5년 이내 국가, 지방자치단체, 공공기관에서 단일 건으로 1억원 이상 미술작품 납품·제작·설치 실적만 작성","본 공고의 입찰추정가격은 259,211,818원으로, 물품 및 용역 고시금액인 2억 3천만 원 이상에 해당한다. 실적 제한 기준인 '단일 건 1억원 이상'은 추정가격(259,211,818원)의 1배 이내(100% 이내)에 해당하므로 법령 위반이 아니다.",False,,12979,240
PPS-DEV-123,v5,0,0,TN,1,markdown_code_fence;comparison_not_string,stop,국가를 당사자로 하는 계약에 관한 법률 시행령 제21조제1항제6호 및 시행규칙 제24조제2항,230000000,259211818,"입찰추정가격 259,211,818원","본 공고의 입찰추정가격은 259,211,818원으로, 국가계약법상 물품 및 용역의 국제입찰 대상 여부를 판단하는 고시금액인 2억 3천만 원을 초과합니다. 따라서 본 계약은 국제입찰 대상에 해당하며, 입찰참가자격 제한(지역제한 등)의 적용 기준이 되는 금액 기준을 검토한 결과 법령 위반 사항이 발견되지 않았습니다.",False,,13521,211
PPS-DEV-123,v6,0,0,TN,1,markdown_code_fence;comparison_not_string,stop,국가를 당사자로 하는 계약에 관한 법률 시행령 제21조제1항제6호 및 시행규칙 제24조제2항제2호,230000000,259211818,"입찰추정가격 259,211,818원","본 공고는 국가기관이 발주한 일반용역으로, 국가계약법 시행령 제21조제1항제6호 및 시행규칙 제24조제2항제2호에 따라 지역제한을 할 수 있는 기준 금액(고시금액 2억 3천만 원)을 초과하므로, 지역제한을 적용하지 않은 현재의 '지역제한여부: N' 설정은 법령 위반이 아님.",False,,15451,209
PPS-DEV-123,v7,0,0,TN,1,markdown_code_fence;comparison_not_string,stop,국가를 당사자로 하는 계약에 관한 법률 시행령 제21조제1항 및 시행규칙 제24조제2항,230000000,259211818,"입찰추정가격 259,211,818원","본 공고는 국가기관이 발주한 일반용역(미술작품 제작·설치)으로, 추정가격이 259,211,818원이다. 국가계약법 시행규칙 제24조제2항에 따르면 물품의 제조·구매 및 용역의 경우 고시금액(2억 3천만 원)을 기준으로 제한할 수 있으나, 본 건은 지역제한(지역제한여부 'N')을 적용하지 않았으므로 법령 위반 사항이 없다.",False,,16004,220
PPS-DEV-124,v4,0,0,TN,1,markdown_code_fence;threshold_not_number_or_null,stop,지방자치단체를 당사자로 하는 계약에 관한 법률 시행령 제20조제1항제3호 및 제5호,"230,000,000","30,566,464","본 입찰에 참가하고자 하는 자는 중대재해 처벌 등에 관한 법률 제4조 1항에 따라 재해예방에 필요한 인력·예산·점검 등 안전보건관리체계를 구축(ex. 안전인력 및 예산 현황, 안전관리규정 지침·매뉴얼 현황, 재해대응체계 현황, 교육 및 훈련실적)하고","해당 공고는 물품(내자) 계약으로, 입찰참가자격으로 '재해예방을 위한 안전보건관리체계 구축(인력, 예산, 점검 등)'을 요구하고 있습니다. 지방계약법령상 물품제조/용역의 실적 제한은 고시금액 이상인 경우에 가능하며, 본 건의 추정가격(30,566,464원)은 고시금액(230,000,000원) 미만이므로 실적을 통한 자격 제한이 불가하나, 본 항목은 실적(경험)이 아닌 '안전보건관리체계 구축'이라는 상태/준비 요건을 요구하는 것으로 판단됩니다. 다만, 제공된 법령 기준상 추정가격이 고시금액 미만인 경우 실적 제한을 할 수 없다는 원칙이 있으나, 이는 '실적'에 대한 제한이며 본 건의 내용은 안전보건관리체계 구축 의무를 명시한 것이므로 법령 위반으로 보기 어렵습니다.",False,,7990,412
PPS-DEV-124,v5,0,0,TN,1,markdown_code_fence,stop,지방자치단체 입찰 및 계약 집행기준 제4장 제2절,500000000,30566464,"입찰추정가격 30,566,464원","해당 공고는 물품(내자) 계약으로, 지방자치단체 입찰 및 계약 집행기준에 따라 추정가격이 5억 원 미만인 경우 지역제한이 가능하며, 본 건의 추정가격(30,566,464원)은 기준 금액 미만이므로 법령 위반 사항이 없습니다.",False,,8532,161
PPS-DEV-124,v6,0,0,TN,1,markdown_code_fence;comparison_not_string,stop,지방자치단체를 당사자로 하는 계약에 관한 법률 시행령 제20조제1항제6호 및 지방자치단체 입찰 및 계약 집행기준,330000000,30566464,"입찰추정가격 30,566,464원","지방자치단체 입찰 및 계약 집행기준에 따르면 물품의 경우 행정안전부장관이 고시한 금액(고시금액) 미만 시 지역제한이 가능하며, 해당 공고의 추정가격(30,566,464원)은 관련 법령 및 고시금액 기준을 충족하므로 지역제한(지역제한여부 N이나 법령상 기준 검토 시) 위반이 아님.",False,,10462,208
PPS-DEV-124,v7,0,0,TN,0,markdown_code_fence;comparison_not_string,stop,지방자치단체를 당사자로 하는 계약에 관한 법률 시행령 제20조제1항제6호 및 지방자치단체 입찰 및 계약 집행기준 제4장 제2절,33623110,33623110,"입찰추정가격 30,566,464원 (배정예산금액 33,623,110원)","본 공고는 지방계약법을 적용받는 물품 구매 건으로, 추정가격이 30,566,464원이다. 지역제한 입찰의 경우 물품의 경우 행정안전부장관이 고시한 금액(고시금액) 미만이어야 하며, 고시금액은 5억원(지방자치단체 기준)이다. 본 건의 추정가격은 고시금액 미만이므로 지역제한 및 지역제한 입찰 자격 설정에 위반 사항이 없다.",False,,11015,249
PPS-DEV-125,v4,0,1,FP,1,markdown_code_fence;comparison_not_string,stop,(구) 재정경제부령(현 기획재정부령) 및 (계약예규) 정부 입찰·계약 집행기준 제2장 제5조제1항,230000000,32727273,"※ 해당 사업규모(36,000천원) 대비 입찰공고일 기준 최근 3년간 사업수행실적(금액 기준)을 합산 적용","국가계약법령 및 계약예규에 따르면, 추정가격이 고시금액(물품 및 용역의 경우 2억 3천만 원) 미만인 제조 또는 용역계약의 경우에는 실적으로 경쟁참가자의 자격을 제한하여서는 아니 된다고 명시되어 있다. 본 공고의 입찰추정가격은 32,727,273원으로 고시금액인 230,000,000원 미만임에도 불구하고, 최근 3년간의 사업수행실적(금액 기준)을 입찰 참가 자격 제한 조건으로 제시하였으므로 법령 위반이다.",True,,13208,278
PPS-DEV-125,v5,0,0,TN,1,markdown_code_fence;comparison_not_string,stop,국가를 당사자로 하는 계약에 관한 법률 시행령 제21조제1항제6호,230000000,32727273,"입찰추정가격 32,727,273원","해당 공고의 추정가격은 32,727,273원으로, 국가계약법 시행령 제21조제1항제6호 및 관련 고시금액(물품 및 용역 2억 3천만 원) 미만에 해당하여 지역제한 등 자격 제한이 가능한 범위 내에 있으나, 본 공고는 지역제한을 적용하지 않는 '지역제한여부: N' 상태이므로 법령 위반 사항이 없습니다.",False,,13750,198
PPS-DEV-125,v6,0,0,TN,1,markdown_code_fence;comparison_not_string,stop,국가를 당사자로 하는 계약에 관한 법률 시행령 제26조제1항제5호가목 3),100000000,32727273,"입찰추정가격 32,727,273원, 조항호내용: 추정가격 1억원 미만 물품·용역(소기업, 소상공인, 벤처기업, 창업자)","본 공고의 입찰추정가격은 32,727,273원으로, 국가계약법 시행령 제26조제1항제5호가목 3)에 따른 소기업·소상공인 대상 수의계약 범위(추정가격 2천만원 초과 1억원 이하)에 해당합니다. 해당 조항은 경쟁 입찰의 형태를 띠고 있으나, 추정가격 기준이 1억원 미만인 구간에 속하므로 법령 위반 사항이 발견되지 않았습니다.",False,,15680,253
PPS-DEV-125,v7,0,0,TN,1,markdown_code_fence;comparison_not_string,stop,국가를 당사자로 하는 계약에 관한 법률 시행령 제21조제1항제6호 및 동법 시행규칙 제24조제2항제2호,230000000,32727273,"입찰추정가격 32,727,273원","본 공고의 입찰추정가격은 32,727,273원으로, 국가계약법 시행령 제21조제1항제6호 및 시행규칙 제24조제2항제2호에 따른 물품·용역의 고시금액(2억 3천만 원) 미만입니다. 따라서 지역제한 또는 소재지 제한을 적용하더라도 법령 위반 사항이 발견되지 않았습니다.",False,,16233,206
PPS-DEV-126,v4,0,0,TN,0,markdown_code_fence;threshold_not_number_or_null,stop,지방자치단체를 당사자로 하는 계약에 관한 법률 시행령 제20조제1항제3호,"230,000,000","99,654,545",[수요기관(지방정부)] [지역:r1|단위=기초|광역=전북특별자치도] [지역:r2|단위=기초|광역=전북특별자치도] 효자로 225 ... 3-1-2 국가종합전자조달시스템 입찰참가자격등록규정에 의하여 반드시 개찰일 전일까지 아스팔트(세부품명번호 10자리 : 3012160101)를 공급 또는 제조 물품으로 입찰참가 등록한 자.,"해당 공고는 물품 제조/공급에 관한 계약으로, 지방계약법령상 물품제조계약의 실적 제한을 하려면 추정가격이 재정경제부장관이 고시한 금액(물품 및 용역 기준 2억 3천만 원) 이상이어야 합니다. 본 건의 입찰추정가격은 99,654,545원으로 고시금액 미만에 해당하므로, 실적을 통한 입찰참가자격 제한이 발생하지 않는 구간입니다. 현재 공고문에는 실적 제한에 대한 내용이 없으므로 법령 위반에 해당하지 않습니다.",False,,10526,354
PPS-DEV-126,v5,0,0,TN,1,markdown_code_fence,stop,지방자치단체 입찰 및 계약 집행기준 제4장 제2절,500000000,99654545,"[수요기관(지방정부)] [지역:r1|단위=기초|광역=전북특별자치도] [지역:r2|단위=기초|광역=전북특별자치도] 효자로 225, 3-1-1 지방자치단체 입찰 및 계약집행기준에 따라 지역업체 기준일은 입찰공고일 전일이며, 입찰일(낙찰자는 계약체결일)까지 법인등기부등본 상 본점 소재지...가 전북특별자치도 내에 있어야 합니다.","지방자치단체 물품 구매 계약에서 지역제한을 적용할 때, 추정가격이 5억 원 미만(지방자치단체 물품/용역 고시금액 기준)인 경우 지역제한이 가능하며, 본 건의 입찰추정가격은 99,654,545원으로 해당 기준을 충족하므로 법령 위반이 아니다.",False,,11068,282
PPS-DEV-126,v6,0,0,TN,1,markdown_code_fence;threshold_not_number_or_null,stop,지방자치단체를 당사자로 하는 계약에 관한 법률 시행령 제20조제1항제6호 및 지방자치단체 입찰 및 계약 집행기준,"500,000,000원","99,654,545원","3-1-1 지방자치단체 입찰 및 계약집행기준에 따라 지역업체 기준일은 입찰공고일 전일이며, 입찰일(낙찰자는 계약체결일)까지 법인등기부등본 상 본점 소재지(개인의 경우에는 사업자등록증 또는 관련 법령에 따른 허가·인가·면허·등록·신고 등에 관련된 서류에 기재된 사업자의 소재)가 전북특별자치도 내에 있어야 합니다.","본 공고의 입찰참가자격으로 설정된 지역제한(전북특별자치도)은 추정가격 99,654,545원으로, 지방자치단체 입찰 및 계약 집행기준상 물품/용역의 지역제한 기준 금액인 5억원(또는 행정안전부장관이 고시한 금액) 미만에 해당하므로 법령상 적절한 제한으로 판단됨.",True,,12998,324
PPS-DEV-126,v7,0,0,TN,1,markdown_code_fence;comparison_not_string,stop,지방자치단체를 당사자로 하는 계약에 관한 법률 시행규칙 제24조 및 제25조,500000000,99654545,"입찰참가자격 3-1-1에 따라 입찰공고일 전일 기준 법인등기부등본 상 본점 소재지가 전북특별자치도 내에 있어야 함. 입찰추정가격은 99,654,545원임.","지방자치단체 입찰 및 계약 집행기준에 따르면 물품의 경우 행정안전부장관이 고시한 금액 미만 시 시·도 단위로 지역제한이 가능함. 본 건의 추정가격(99,654,545원)은 물품의 경우 지역제한 기준 금액(5억 원 미만) 이내에 해당하며, 전북특별자치도로 지역을 제한한 것은 법령상 위반 사항이 아님.",False,,13551,245
PPS-DEV-127,v4,0,1,FP,1,markdown_code_fence;comparison_not_string,stop,(계약예규) 정부 입찰·계약 집행기준 제2장 제5조제1항 및 제4절,29960000,58229672,"가. 중간 처리 : 58,229,672원(부가세별도)","용역의 추정가격(90,800,000원)이 고시금액(230,000,000원) 미만인 경우, (계약예규) 정부 입찰·계약 집행기준 제5조제1항에 따라 실적으로 경쟁참가자의 자격을 제한할 수 없으나, 본 공고는 중간 처리 실적을 58,229,672원으로 제한하여 입찰참가자격을 제한하고 있음.",True,,11113,212
PPS-DEV-127,v5,0,0,TN,1,markdown_code_fence;comparison_not_string,stop,국가를 당사자로 하는 계약에 관한 법률 시행령 제21조제1항제6호 및 시행규칙 제24조제2항제2호,230000000,90800000,"입찰추정가격 90,800,000원","본 공고는 국가계약법을 적용받는 일반용역으로, 지역제한을 위한 기준 금액은 재정경제부장고시금액(물품 및 용역의 경우 2억 3천만 원) 미만인 경우에 해당한다. 입찰추정가격이 90,800,000원으로 고시금액인 230,000,000원 미만이므로, 경상북도 지역으로 입찰참가자격을 제한하는 것은 법령상 적법하다.",False,,11655,223
PPS-DEV-127,v6,0,0,TN,1,markdown_code_fence;comparison_not_string,stop,국가를 당사자로 하는 계약에 관한 법률 시행령 제21조제1항제6호 및 시행규칙 제24조제2항제2호,200000000,90800000,"입찰추정가격 90,800,000원","본 공고의 입찰추정가격은 90,800,000원으로, 국가계약법령상 용역의 경우 재정경제부령으로 정하는 금액(고시금액 2억 3천만 원) 미만인 계약에 해당하여 지역제한(경상북도)을 적용하는 것은 법령상 위반 사항이 없음.",False,,13585,186
PPS-DEV-127,v7,0,0,TN,1,markdown_code_fence;threshold_not_number_or_null,stop,국가를 당사자로 하는 계약에 관한 법률 시행령 제21조제1항제6호 및 시행규칙 제24조제2항제2호,2억 3천만 원,"9,080만 원","입찰추정가격 90,800,000원","본 공고의 입찰추정가격은 90,800,000원으로, 국가계약법령상 물품 및 용역의 고시금액(2억 3천만 원) 미만에 해당합니다. 따라서 지역제한(경상북도) 설정은 법령상 적절하며 위반 사항이 없습니다.",False,,14138,204
PPS-DEV-128,v4,0,0,TN,0,markdown_code_fence;threshold_not_number_or_null,stop,지방자치단체를 당사자로 하는 계약에 관한 법률 시행령 제20조제1항제3호,230000000,173620000,"추정가격 173,620,000원","지방계약법령에 따라 특수한 설비 또는 기술이 요구되는 물품제조계약의 경우, 해당 물품제조실적을 기준으로 자격을 제한하려면 추정가격이 재정경제부장관이 정하여 고시한 금액(고시금액: 물품 및 용역 2억 3천만 원) 이상이어야 합니다. 본 건의 추정가격은 173,620,000원으로 고시금액인 230,000,000원 미만입니다. 따라서 실적을 통한 입찰참가자격 제한은 법령 위반 소지가 있으나, 본 공고는 지역제한(충청북도) 및 업종제한(농업기계 사후관리업 등)을 적용하였으며, 실적 제한을 명시적으로 요구하지 않았으므로 위반이 아닙니다.",False,,9152,288
PPS-DEV-128,v5,0,0,TN,1,markdown_code_fence;comparison_not_string,stop,지방자치단체를 당사자로 하는 계약에 관한 법률 시행규칙 제24조 및 지방자치단체 입찰 및 계약 집행기준 제4장,500000000,173620000,"입찰추정가격 173,620,000원, 지역제한(충청북도) 적용","본 공고는 지방자치단체가 체결하는 물품 구매 계약으로, 추정가격이 173,620,000원이다. 지방자치단체 입찰 및 계약 집행기준에 따르면 물품/용역의 경우 행정안전부장관이 고시한 금액(5억원) 미만인 경우 지역제한이 가능하다. 또한, 제한입찰의 기본원칙에 따라 지역제한과 중소기업/소상공인 제한을 중복 적용할 수 있으나, 본 공고는 지역제한(충청북도)을 적용하고 있으며, 이는 법령상 허용되는 범위 내의 제한이다. 추정가격이 5억원 미만이므로 지역제한 설정에 위반 사항이 없다.",False,,9694,278
PPS-DEV-128,v6,0,0,TN,0,markdown_code_fence;threshold_not_number_or_null,stop,지방자치단체를 당사자로 하는 계약에 관한 법률 시행령 제20조제1항제6호 및 시행규칙 제24조제2호,"500,000,000","173,620,000","추정가격 173,620,000원, 지역제한: 충청북도","본 공고의 추정가격은 173,620,000원으로, 지방자치단체 물품 계약의 지역제한 기준 금액인 5억원 미만에 해당하므로 충청북도 내로 지역을 제한한 것은 법령상 적합함.",False,,11624,175
PPS-DEV-128,v7,0,0,TN,0,markdown_code_fence,stop,지방자치단체를 당사자로 하는 계약에 관한 법률 시행령 제20조제1항제6호 및 시행규칙 제24조,500000000,173620000,"추정가격 173,620,000원, 지역제한 충청북도","본 공고의 추정가격은 173,620,000원으로, 지방자치단체 입찰 및 계약 집행기준에 따른 물품/용역 지역제한 기준 금액(행정안전부장관이 고시한 고시금액 미만)을 충족하며, 충청북도 내에 주된 영업소를 둔 업체로 제한한 것은 법령상 적절한 제한 범위 내에 있음.",False,,12177,203
PPS-DEV-129,v4,0,0,TN,1,markdown_code_fence;comparison_not_string,stop,지방자치단체를 당사자로 하는 계약에 관한 법률 시행령 제20조제1항제5호 및 지방자치단체 입찰 및 계약 집행기준 제4장,230000000,54545455,지속가능경영보고서 발간 실적은 입찰공고일 기준 최근 3년간 단독 수행하여 완료된 과업 실적에 한함,"해당 공고는 추정가격이 54,545,455원으로, 물품 및 용역의 고시금액(230,000,000원) 미만입니다. 지방자치단체 입찰 및 계약 집행기준 제4장에 따르면, 추정가격이 고시금액 미만인 제조 또는 용역계약의 경우 실적으로 경쟁참가자의 자격을 제한하여서는 안 됩니다. 다만, 본 건은 실적의 범위를 '최근 3년간 단독 수행'으로 규정하고 있으나, 이는 입찰 참가 자격을 제한하는 '최소 실적 금액'이나 '규모'를 명시한 것이 아니라 실적의 인정 기간 및 단독 수행 여부를 규정한 것이므로 법령 위반으로 보기 어렵습니다.",True,,10830,298
PPS-DEV-129,v5,0,0,TN,1,markdown_code_fence,stop,지방자치단체를 당사자로 하는 계약에 관한 법률 시행규칙 제24조 제2항 제2호,500000000,54545455,"입찰추정가격 54,545,455원 (배정예산금액 60,000,000원)","해당 공고는 지방자치단체 계약법을 적용받는 일반용역(지속가능경영보고서 발간 용역)으로, 지역제한을 적용할 수 있는 기준 금액은 지방자치단체법령상 행정안전부장관이 고시한 금액(서울특별시, 부산광역시 또는 인천광역시의 각 관할구역 안의 군·구는 5억원)입니다. 본 건의 추정가격은 약 5,454만원으로 고시금액인 5억원 미만에 해당하여 지역제한 설정이 가능하며, 현재 공고상 지역제한 여부는 'N'으로 되어 있으나 이는 입찰참가자격 제한 여부에 대한 위반 여부를 판단하는 기준이 됩니다. 제공된 법령상 금액 기준을 충족하므로 위반사항이 없습니다.",False,,11372,291
PPS-DEV-129,v6,0,0,TN,1,markdown_code_fence;comparison_not_string,stop,지방자치단체를 당사자로 하는 계약에 관한 법률 시행령 제20조제1항제6호 및 관련 규칙,50000000,54545455,"입찰추정가격 54,545,455원","본 공고의 입찰추정가격은 54,545,455원으로, 지방자치단체 계약에서 지역제한을 적용할 수 있는 기준 금액(행정안전부령으로 정하는 금액) 내에 있으나, 제공된 데이터상 지역제한 여부가 'N'(아니오)으로 설정되어 있어 지역제한을 적용하지 않은 것으로 판단됨. 다만, v6 항목의 핵심인 '지역제한' 위반 여부를 판단할 때, 추정가격이 5천만원을 초과하므로 지역제한 대상에 해당할 수 있으나, 공고 메타데이터상 지역제한 여부가 'N'이므로 법령 위반으로 보지 않음.",False,,13302,251
PPS-DEV-129,v7,0,0,TN,1,markdown_code_fence,stop,지방자치단체를 당사자로 하는 계약에 관한 법률 시행령 제20조제1항제6호 및 관련 규칙,,"추정가격 54,545,455원","입찰추정가격 54,545,455원, 지역제한여부 N (메타데이터 기준)","본 공고는 지방계약법을 적용받는 일반용역 건으로, 추정가격이 54,545,455원입니다. 지방자치단체 계약 시행규칙 제24조 제2항에 따르면 용역의 경우 고시금액(물품 및 용역의 경우 2억 3천만 원) 미만인 경우 지역제한이 가능합니다. 현재 메타데이터상 지역제한여부가 'N'으로 되어 있으나, 이는 입찰참가자격 제한(지역제한)을 설정하지 않았음을 의미하며, 법령상 금액 기준을 위반한 것이 아니라 입찰 참가 자격을 제한하지 않은 상태이므로 위반으로 판정할 수 없습니다.",False,,13855,265
PPS-DEV-130,v4,0,0,TN,0,markdown_code_fence;comparison_not_string,stop,지방자치단체를 당사자로 하는 계약에 관한 법률 시행령 제20조제1항제3호,230000000,50000000,"지방자치단체를 당사자로 하는 계약에 관한 법률 시행령 제20조제1항제3호에 따라 물품제조계약의 경우 추정가격이 재정경제부장관이 정하여 고시한 금액 이상이어야 함. 고시금액(물품 및 용역)은 2억 3천만 원임. 본 공고의 추정가격은 5,000만 원임.","본 공고는 물품 구매(소액수의) 건으로, 지방계약법령상 물품제조 관련 실적 제한을 하려면 추정가격이 고시금액(2억 3천만 원) 이상이어야 하나, 본 건은 5,000만 원으로 고시금액 미만임. 다만, 본 공고는 실적 제한을 명시하고 있지 않으며, 지역제한 및 업종제한(농약판매업)을 적용하고 있으므로 법령 위반 사항이 없음.",False,,9220,291
PPS-DEV-130,v5,0,0,TN,1,markdown_code_fence,stop,지방자치단체를 당사자로 하는 계약에 관한 법률 시행규칙 제24조 제2호 나목,500000000,50000000,"입찰추정가격 50,000,000원, 지역제한 [지역:r1|단위=기초|광역=충청남도]","지방자치단체 물품/용역의 지역제한 기준 금액은 행정안전부장관이 고시한 금액(서울특별시, 부산광역시, 인천광역시 관할 군·구의 경우 5억원)을 기준으로 한다. 본 공고의 추정가격은 5천만원으로, 해당 기준 금액(5억원) 미만에 해당하므로 충청남도 지역으로 제한하는 것은 법령상 위반이 아니다.",False,,9762,208
PPS-DEV-130,v6,0,0,TN,1,markdown_code_fence;comparison_not_string,stop,지방자치단체를 당사자로 하는 계약에 관한 법률 시행령 제30조제1항제2호 및 제24조제2호,50000000,50000000,"추정가격 50,000,000원, 지역제한(충청남도)","본 공고는 지방자치단체 수의계약(소액수의)으로, 추정가격이 5천만원인 물품 구매 건이다. 지방계약법 시행령 제30조제1항제2호에 따라 소기업·소상공인 대상 물품 계약의 경우 추정가격 5천만원 이하까지 2인 이상 견적 제출이 가능하다. 또한, 지역제한 범위인 '충청남도'는 지방자치단체 입찰 및 계약 집행기준에 따른 시·도 단위 제한 규정을 준수하고 있으며, 법령상 제한 금액(고시금액) 미만인 계약으로서 적법한 지역제한을 적용하고 있다.",False,,11692,253
PPS-DEV-130,v7,0,0,TN,1,markdown_code_fence;comparison_not_string,stop,지방자치단체를 당사자로 하는 계약에 관한 법률 시행령 제30조제1항제2호 및 제26조제1항제5호가목,50000000,50000000,"추정가격 2천만원 초과 1억원 이하인 계약으로서 「중소기업기본법」 제2조제2항에 따른 소기업 또는 「소상공인기본법」 제2조에 따른 소상공인과 체결하는 물품의 제조ㆍ구매ㆍ임차계약 또는 용역계약. (입찰추정가격 50,000,000원)","본 공고는 추정가격 5천만원인 물품 구매 소액수의 계약으로, 지방계약법령상 소기업 또는 소상공인 대상 수의계약 범위(2천만원 초과 1억원 이하)에 해당하며, 지역제한(충청남도) 및 업종제한(농약판매업)을 적절히 설정하고 있으므로 법령 위반 사항이 없음.",False,,12245,270
PPS-DEV-131,v4,0,0,TN,0,markdown_code_fence;comparison_not_string,stop,(계약예규) 정부 입찰·계약 집행기준 제2장 제5조제1항 및 제4장 제1절,230000000,2138181818,"입찰추정가격 2,138,181,818원 (고시금액 230,000,000원 이상)","해당 공고는 일반용역(소프트웨어사업자)으로, 추정가격이 고시금액(2억 3천만 원)을 초과하는 계약입니다. 관련 법령 및 지침에 따르면 고시금액 이상인 용역 계약의 경우 실적 제한이 가능하며, 본 공고의 메타데이터상 별도의 실적 제한(경험/실적)에 대한 위반 사항이 발견되지 않았습니다.",False,,7828,220
PPS-DEV-131,v5,0,0,TN,0,markdown_code_fence;comparison_not_string,stop,국가를 당사자로 하는 계약에 관한 법률 시행령 제21조 제1항 제6호 및 시행규칙 제24조 제2항,230000000,2138181818,"입찰추정가격 2,138,181,818원","본 공고의 적용 법령은 국가계약법이며, 추정가격은 2,138,181,818원이다. 국가계약법령상 물품 및 용역의 경우 재정경제부장관이 고시하는 금액(고시금액)을 기준으로 제한경쟁 입찰 여부를 판단한다. 제공된 고시금액(물품 및 용역)은 2억 3천만 원이다. 본 공고의 추정가격(약 21.3억 원)은 고시금액(2.3억 원)보다 크므로, 지역제한이나 규모에 따른 제한 사항에 대한 위반 여부를 검토하였으나, 입찰참가자격(소프트웨어사업자) 제한 외에 법령상 금지된 제한 사항이 발견되지 않았다.",False,,8370,288
PPS-DEV-131,v6,0,0,TN,0,markdown_code_fence;threshold_not_number_or_null,stop,국가를 당사자로 하는 계약에 관한 법률 시행령 제21조 제1항 제6호 및 시행규칙 제24조 제2항,"230,000,000원","2,138,181,818원","입찰추정가격 2,138,181,818원","본 공고는 국가계약법을 적용받는 일반용역 사업으로, 추정가격이 2,138,181,818원이다. 관련 법령상 물품·용역의 경우 고시금액(2억 3천만 원)을 기준으로 제한 사항을 검토하나, 본 공고는 지역제한을 'N'으로 설정하고 있으며, 면허업종 제한(소프트웨어사업자) 외에 별도의 입찰참가자격 제한(지역, 실적 등)을 두지 않았으므로 법령 위반 사항이 없다.",False,,10300,244
PPS-DEV-131,v7,0,0,TN,0,markdown_code_fence,stop,국가를 당사자로 하는 계약에 관한 법률 시행령 제21조제1항제6호 및 시행규칙 제24조제2항,230000000,2138181818,"입찰추정가격 2138181818원, 물품 및 용역 고시금액 2억 3천만 원","본 공고는 국가계약법을 적용받는 일반용역으로, 추정가격이 2,138,181,818원으로 재정경제부장관이 고시한 물품 및 용역의 고시금액인 2억 3천만 원을 초과한다. 따라서 지역제한이나 특정 자격 제한에 관한 법령 위반 사항이 발견되지 않으며, 입찰참가자격(소프트웨어사업자) 제한 또한 적법한 것으로 판단된다.",False,,10853,234
PPS-DEV-132,v4,0,0,TN,0,markdown_code_fence;comparison_not_string,stop,(계약예규) 정부 입찰·계약 집행기준 제2장 제5조제1항 및 제4항,230000000,166680000,"입찰추정가격 166,680,000원","해당 공고는 일반용역 사업으로, 추정가격이 166,680,000원이다. (계약예규) 정부 입찰·계약 집행기준 제2장 제5조제1항 및 제4항에 따르면, 추정가격이 고시금액(물품 및 용역의 경우 2억 3천만 원) 미만인 제조 또는 용역계약의 경우에는 실적으로 경쟁참가자의 자격을 제한하여서는 아니 된다. 본 건의 추정가격은 고시금액인 2억 3천만 원 미만이므로 실적을 통한 자격 제한을 할 수 없으나, 제공된 evidence 상에서 실적 제한에 대한 구체적인 위반 사항(실적 요구 여부 등)이 나타나지 않으므로 위반으로 판정할 수 없다.",False,,8440,283
PPS-DEV-132,v5,0,0,TN,1,markdown_code_fence;comparison_not_string,stop,국가를 당사자로 하는 계약에 관한 법률 시행령 제21조제1항제6호 및 시행규칙 제24조제2항,230000000,166680000,"입찰추정가격 166,680,000원","본 공고는 국가계약법을 적용받는 일반용역(기타공공기관)으로, 지역제한을 적용하기 위한 기준 금액은 '물품 및 용역'의 경우 재정경제부장관이 고시한 금액인 2억 3천만 원이다. 현재 입찰추정가격(166,680,000원)은 고시금액(230,000,000원) 미만이므로 지역제한 적용이 가능하며, 법령 위반 사항이 없다.",False,,8982,225
PPS-DEV-132,v6,0,0,TN,1,markdown_code_fence;comparison_not_string,stop,국가를 당사자로 하는 계약에 관한 법률 시행령 제21조제1항제6호 및 동 시행규칙 제24조제2항제2호,166680000,230000000,"입찰추정가격 166,680,000원","본 공고는 국가계약법을 적용받는 일반용역으로, 추정가격이 166,680,000원이다. 국가계약법 시행령 제21조제1항제6호 및 시행규칙 제24조제2항제2호에 따르면, 물품·용역의 경우 '고시금액(2억 3천만 원)' 미만인 경우 지역제한이 가능하며, 본 건의 추정가격은 고시금액인 2억 3천만 원 미만이므로 법령상 제한 범위 내에 해당하여 위반 사항이 없다.",False,,10912,245
PPS-DEV-132,v7,0,0,TN,1,markdown_code_fence;comparison_not_string,stop,국가를 당사자로 하는 계약에 관한 법률 시행령 제21조제1항제6호 및 시행규칙 제24조제2항,166680000,166680000,"입찰추정가격 166,680,000원","본 공고는 국가계약법을 적용받는 일반용역으로, 지역제한(지역제한여부: N) 설정이 되어 있으나, 제공된 정보상 지역제한을 위반한 정황은 발견되지 않음. 추정가격이 1.66억 원으로, 국가계약법상 고시금액(물품 및 용역 2.3억 원) 미만임에도 불구하고 지역제한을 적용하지 않은 것은 법령 위반이 아니며, 입찰참가자격 제한(면허업종제한) 또한 적절히 명시되어 있음.",False,,11465,236
PPS-DEV-133,v4,0,0,TN,0,markdown_code_fence;comparison_not_string,stop,(계약예규) 정부 입찰·계약 집행기준 제2장 제5조제1항,230000000,123775000,"추정가격 123,775,000원 (입찰추정가격 기준)","해당 공고는 물품(내자) 구매 건으로, 추정가격이 123,775,000원이다. (계약예규) 정부 입찰·계약 집행기준 제2장 제5조제1항에 따르면, 제조 또는 용역(물품 포함)의 경우 추정가격이 고시금액(물품 및 용역 기준 2억 3천만 원) 미만인 경우 실적으로 경쟁참가자의 자격을 제한할 수 없으나, 본 건은 실적 제한을 직접적으로 명시하고 있지 않으며, 추정가격이 고시금액 미만이므로 실적 제한을 적용하지 않는 것이 원칙이다. 현재 공고상에는 면허(소프트웨어사업자)에 의한 업종 제한만 존재하며, 실적에 의한 제한 사항이 발견되지 않으므로 법령 위반이 아니다.",False,,7161,293
PPS-DEV-133,v5,0,0,TN,0,markdown_code_fence;comparison_not_string,stop,국가를 당사자로 하는 계약에 관한 법률 시행령 제21조제1항제6호 및 시행규칙 제24조제2항,710000000,123775000,"입찰추정가격 123,775,000원, 적용계약법 국가계약법, 소관구분 공기업","본 공고는 국가계약법을 적용받는 공기업의 물품 구매 입찰로, 추정가격이 123,775,000원이다. 관련 법령 및 고시금액(물품 및 용역 기준 7억 1천만 원)에 비추어 볼 때, 해당 금액은 국제입찰 대상 금액을 초과하지 않으므로 지역제한 또는 자격 제한의 위반 사항이 발견되지 않는다.",False,,7703,221
PPS-DEV-133,v6,0,0,TN,0,markdown_code_fence;comparison_not_string,stop,국가를 당사자로 하는 계약에 관한 법률 시행령 제21조제1항제6호 및 시행규칙 제24조제2항,230000000,123775000,"입찰추정가격 123,775,000원","본 공고는 국가계약법을 적용받는 물품 구매 계약으로, 지역제한 입찰 시 적용되는 고시금액 기준은 물품 및 용역의 경우 2억 3천만 원이다. 현재 입찰추정가격은 123,775,000원으로 고시금액(230,000,000원) 미만에 해당하므로 법령상 제한 규정에 위반되지 않는다.",False,,9633,205
PPS-DEV-133,v7,0,0,TN,0,markdown_code_fence;comparison_not_string,stop,국가를 당사자로 하는 계약에 관한 법률 시행령 제21조제1항제6호 및 시행규칙 제24조제2항제2호,230000000,123775000,"입찰추정가격 123,775,000원, 물품의 제조·구매 및 용역의 경우 고시금액(230,000,000원) 미만","본 공고의 추정가격은 123,775,000원으로, 국가계약법령상 물품 및 용역의 제한경쟁 입찰 시 지역제한 등을 판단하는 기준이 되는 고시금액(230,000,000원) 미만에 해당함. 따라서 지역제한이나 자격 제한이 법령 범위 내에서 적절히 적용될 수 있는 구간임.",False,,10186,233
PPS-DEV-134,v4,0,0,TN,1,markdown_code_fence;comparison_not_string,stop,(구) 재정경제부 계약예규 협상에 의한 계약체결기준 및 국가계약법 시행령 제21조,710000000,4954545455,"입찰추정가격 4,954,545,455원","본 공고는 용역(일반용역) 사업으로, 추정가격이 고시금액(물품 및 용역 7.1억 원)을 초과하는 대규모 사업입니다. 제공된 추출 근거(experience)를 검토한 결과, 특정 은행 거래 실적이나 특정 은행의 신용도 등을 입찰 참가 자격(실적 제한)으로 명시한 내용이 발견되지 않았습니다. 추출된 '6개 은행' 관련 내용은 대출 심사 시 발생할 수 있는 부대 조건에 대한 안내일 뿐, 입찰 참가 자격을 제한하는 실적 제한 규정으로 보기 어렵습니다. 따라서 법령 위반 사항이 없습니다.",False,,8158,246
PPS-DEV-134,v5,0,0,TN,1,markdown_code_fence;comparison_not_string,stop,국가를 당사자로 하는 계약에 관한 법률 시행령 제21조제1항제6호 및 시행규칙 제24조제2항,710000000,4954545455,"입찰추정가격 4,954,545,455원","본 공고는 국가계약법을 적용받는 준정부기관의 용역 입찰로, 추정가격이 4,954,545,455원이다. 국가계약법 시행규칙 제24조제2항제2호에 따라 물품 및 용역의 경우 고시금액(710,000,000원)을 기준으로 지역제한 등을 판단하나, 본 공고는 '일반경쟁' 방식으로 진행되고 있으며 지역제한(지역제한여부: N)을 두지 않았으므로 법령 위반 사항이 없다.",False,,8700,242
PPS-DEV-134,v6,0,0,TN,1,markdown_code_fence;comparison_not_string,stop,[국가를 당사자로 하는 계약에 관한 법률 시행령] 제21조제1항제6호 및 [국가를 당사자로 하는 계약에 관한 법률 시행규칙] 제24조제2항,230000000,4954545455,"입찰추정가격 4,954,545,455원","본 공고의 입찰추정가격은 4,954,545,455원으로, 국가계약법상 물품 및 용역의 고시금액인 2억 3천만 원을 초과한다. 따라서 지역제한(본점 소재지 제한)을 적용할 수 있는 기준 금액을 초과하므로, 해당 금액 규모에서 지역제한을 설정한 것이 법령 위반인지 검토하였으나, 현재 메타데이터상 '지역제한여부: N'으로 설정되어 있어 지역제한을 적용하지 않은 상태이므로 법령 위반이 발생하지 않았다.",False,,10630,257
PPS-DEV-134,v7,0,0,TN,1,markdown_code_fence,stop,국가를 당사자로 하는 계약에 관한 법률 시행령 제21조제1항제6호 및 시행규칙 제24조제2항,230000000,4954545455,"입찰추정가격 4954545455원, 물품 및 용역 고시금액 2억 3천만 원","본 공고는 국가계약법을 적용받는 일반용역으로, 추정가격이 4,954,545,455원으로 고시금액(2억 3천만 원)을 초과한다. 지역제한 입찰 여부를 판단할 때, 고시금액을 초과하는 계약은 원칙적으로 지역제한을 할 수 없으나, 본 공고의 메타데이터상 '지역제한여부: N'으로 명시되어 있어 법령 위반 사항이 없다.",False,,11183,237
PPS-DEV-135,v4,0,0,TN,0,markdown_code_fence,stop,지방자치단체를 당사자로 하는 계약에 관한 법률 시행령 제20조제1항제5호,230000000,63632000,"입찰추정가격 63,632,000원","본 공고는 용역 계약으로, 지방자치단체 입찰 및 계약 집행기준 및 관련 법령에 따라 실적 제한을 하려면 추정가격이 고시금액(2억 3천만 원) 이상이어야 합니다. 현재 추정가격은 63,632,000원으로 고시금액 미만이며, 제공된 데이터상 실적 제한에 대한 위반 사항이 발견되지 않았습니다.",False,,8742,188
PPS-DEV-135,v5,0,0,TN,1,markdown_code_fence;threshold_not_number_or_null,stop,지방자치단체를 당사자로 하는 계약에 관한 법률 시행령 제20조제1항제6호 및 시행규칙 제24조제2호나목,"500,000,000","63,632,000",입찰참가자격 1) 주된 영업소의 소재지(등기부등본상 본점 소재지)가 경상북도에 소재한 업체,"본 공고는 지방자치단체(지방정부)가 발주한 일반용역으로, 입찰참가자격을 '경상북도' 소재 업체로 제한하고 있습니다. 지방자치단체 계약법령상 지역제한은 추정가격이 행정안전부령으로 정하는 금액(용역의 경우 5억 원 또는 고시금액) 미만인 경우 가능합니다. 본 공고의 입찰추정가격은 63,632,000원으로, 지역제한 기준 금액인 5억 원 미만에 해당하므로 지역제한 설정은 법령 위반이 아닙니다.",False,,9284,265
PPS-DEV-135,v6,0,0,TN,1,markdown_code_fence;comparison_not_string,stop,지방자치단체를 당사자로 하는 계약에 관한 법률 시행령 제20조제1항제6호 및 시행규칙 제24조제2호,330000000,63632000,"입찰추정가격 63,632,000원, 지역제한(경상북도) 적용","지방자치단체 계약에서 물품·용역의 경우 지역제한 기준 금액은 행정안전부령으로 정하며, 해당 공고의 추정가격(63,632,000원)은 지역제한 적용 기준인 3.3억 원(또는 고시금액 기준) 미만이므로 법령 위반 사항이 없음.",False,,11214,194
PPS-DEV-135,v7,0,0,TN,1,markdown_code_fence;comparison_not_string,stop,지방자치단체를 당사자로 하는 계약에 관한 법률 시행령 제20조제1항제6호 및 시행규칙 제24조,330000000,63632000,"입찰추정가격 63,632,000원은 지방자치단체 일반용역 지역제한 기준인 3.3억원 미만에 해당함","본 공고는 지방정부(경상북도)에서 발주한 일반용역으로, 추정가격이 63,632,000원이다. 지방자치단체 입찰 및 계약 집행기준 및 관련 법령에 따르면 일반용역의 지역제한 기준 금액은 3.3억원(건설기술용역 등 제외 시)이며, 본 건의 추정가격은 이 기준 미만에 해당하므로 경상북도 지역으로 제한한 것은 법령 위반이 아니다.",False,,11767,230
PPS-DEV-136,v4,0,0,TN,0,markdown_code_fence;threshold_not_number_or_null,stop,지방자치단체를 당사자로 하는 계약에 관한 법률 시행령 제20조제1항제5호 및 제25조제2항,"230,000,000","66,056,363","입찰추정가격 66,056,363원, 고시금액 230,000,000원","본 공고는 용역 계약으로, 지방계약법령 및 관련 고시금액에 따르면 추정가격이 고시금액(2억 3천만 원) 미만인 경우 실적을 통한 입찰참가자격 제한을 할 수 없습니다. 현재 공고는 실적 제한을 요구하고 있지 않으므로 법령 위반 사항이 없습니다.",False,,9871,203
PPS-DEV-136,v5,0,0,TN,1,markdown_code_fence;threshold_not_number_or_null,stop,지방자치단체를 당사자로 하는 계약에 관한 법률 시행규칙 제24조 제2항 제2호 나목,"500,000,000","66,056,363","입찰추정가격 66,056,363원, 지역제한(서울특별시) 적용","지방계약법 적용 용역 입찰에서 지역제한(서울특별시)을 적용하기 위한 추정가격 기준은 5억 원(서울특별시 관할구역 기준)입니다. 본 공고의 입찰추정가격은 66,056,363원으로 기준 금액인 5억 원 미만에 해당하므로 지역제한 설정은 적법합니다.",False,,10413,190
PPS-DEV-136,v6,0,0,TN,0,markdown_code_fence;comparison_not_string,stop,지방자치단체를 당사자로 하는 계약에 관한 법률 시행령 제20조제1항제6호 및 지방자치단체 입찰 및 계약 집행기준,230000000,66056363,"입찰추정가격 66,056,363원","본 공고는 추정가격이 66,056,363원으로, 지방자치단체 입찰 및 계약 집행기준에 따른 일반용역 지역제한 기준(행정안전부장관이 고시한 금액 미만)을 충족하며, 서울특별시로 지역을 제한한 것은 법령상 적절한 제한임.",False,,12343,181
PPS-DEV-136,v7,0,0,TN,0,markdown_code_fence;comparison_not_string,stop,지방자치단체를 당사자로 하는 계약에 관한 법률 시행령 제20조제1항제6호 및 지방자치단체 입찰 및 계약 집행기준,330000000,66056363,"입찰추정가격 66,056,363원, 지역제한(서울특별시) 적용","본 공고는 지방자치단체 계약으로, 지역제한 범위는 추정가격이 행정안전부령으로 정하는 금액 미만인 경우에 해당한다. 지방자치단체 입찰 및 계약 집행기준에 따르면 일반용역의 경우 행정안전부장관이 고시한 금액(3.3억원) 미만 시 시·도 단위로 제한할 수 있다. 본 건의 추정가격은 약 6,600만원으로 3.3억원 미만이며, 서울특별시로 지역을 제한한 것은 법령 및 기준에 부합하므로 위반 사항이 없다.",False,,12896,244
PPS-DEV-137,v4,0,0,TN,1,markdown_code_fence;comparison_not_string,stop,(계약예규) 정부 입찰·계약 집행기준 제2장 제5조제1항,230000000,45513441,최근 5년 이내 '단독계약' 건으로 5천만원(부가가치세 포함) 이상 용역수행 준공실적,"본 공고의 입찰추정가격은 45,513,441원으로, 물품 및 용역 고시금액인 2억 3천만 원(국가계약법 기준) 미만입니다. (계약예규) 정부 입찰·계약 집행기준 제2장 제5조제1항에 따라 추정가격이 고시금액 미만인 제조 또는 용역계약의 경우에는 실적으로 경쟁참가자의 자격을 제한할 수 없으나, 본 건은 실적 제한을 '입찰참가자격'이 아닌 '제안서 평가(기술능력평가)'를 위한 '수행 실적' 항목으로 기술하고 있으므로 입찰참가자격 제한 위반에 해당하지 않습니다.",False,,11729,277
PPS-DEV-137,v5,0,0,TN,1,markdown_code_fence;comparison_not_string,stop,국가를 당사자로 하는 계약에 관한 법률 시행령 제21조제1항제6호 및 시행규칙 제24조제2항,710000000,45513441,"입찰추정가격 45,513,441원","본 공고는 '국가계약법'을 적용받는 준정부기관의 일반용역 입찰로, 추정가격이 45,513,441원이다. 국가계약법 시행규칙 제24조제2항에 따른 물품 및 용역의 고시금액(세계무역기구 정부조달협정상 개방대상금액)은 2억 3천만 원이다. 현재 추정가격이 고시금액(2.3억) 미만이므로 지역제한(본점 소재지 제한)을 적용하는 것은 법령상 위반 사항이 없다.",False,,12271,241
PPS-DEV-137,v6,0,0,TN,1,markdown_code_fence;comparison_not_string,stop,국가를 당사자로 하는 계약에 관한 법률 시행령 제21조제1항제6호 및 시행규칙 제24조제2항,230000000,45513441,"입찰추정가격 45,513,441원","본 공고는 국가계약법을 적용받는 일반용역으로, 추정가격이 45,513,441원이다. 국가계약법 시행규칙 제24조제2항에 따르면 물품의 제조·구매 및 용역의 경우 고시금액(2억 3천만 원) 미만인 경우 지역제한이 가능하나, 본 건은 지역제한 여부가 'N'으로 설정되어 있어 법령 위반 사항이 없다.",False,,14201,209
PPS-DEV-137,v7,0,0,TN,1,markdown_code_fence;comparison_not_string,stop,국가를 당사자로 하는 계약에 관한 법률 시행령 제21조제1항제6호 및 시행규칙 제24조제2항,230000000,45513441,"입찰추정가격 45,513,441원 (국가계약법 적용)","본 공고의 입찰추정가격은 45,513,441원으로, 국가계약법상 물품 및 용역의 고시금액(2억 3천만 원) 미만입니다. 따라서 지역제한을 설정할 수 있는 범위 내에 있으나, 현재 메타데이터상 '지역제한여부'가 'N'으로 되어 있어 법령 위반 사항은 발견되지 않았습니다.",False,,14754,204
PPS-DEV-138,v4,0,0,TN,1,markdown_code_fence,stop,지방자치단체를 당사자로 하는 계약에 관한 법률 시행령 제20조제1항제5호 및 지방자치단체 입찰 및 계약 집행기준 제4장 제1절,230000000,70000000,최근 3년 이내 단일계약 건으로 7천만 원 이상 사업을 수행한 실적,"본 용역의 추정가격은 127,363,636원으로, 지방자치단체 입찰 및 계약 집행기준에 따른 고시금액(2억 3천만 원) 미만입니다. 다만, 실적 제한의 기준이 되는 '단일 계약 금액 7천만 원 이상'은 추정가격의 1배 이내(127,363,636원 이하)에 해당하므로 법령상 제한 범위 내에 있어 위반이 아닙니다.",False,,13753,232
PPS-DEV-138,v5,0,0,TN,1,markdown_code_fence,stop,지방자치단체를 당사자로 하는 계약에 관한 법률 시행령 제20조제1항제6호 및 지방자치단체 입찰 및 계약 집행기준 제4장,500000000,127363636,"입찰추정가격 127,363,636원","해당 공고는 지방계약법을 적용받는 용역 입찰로, 지역제한 입찰 시 추정가격이 행정안전부령으로 정하는 금액(일반용역의 경우 5억원) 미만인 경우에 해당한다. 본 건의 입찰추정가격은 127,363,636원으로 기준금액인 5억원 미만이므로 지역제한 설정이 가능하며, 현재 공고상 지역제한 여부는 'N'으로 되어 있어 법령 위반 사항이 없다.",False,,14295,229
PPS-DEV-138,v6,0,0,TN,1,markdown_code_fence;comparison_not_string,stop,지방자치단체를 당사자로 하는 계약에 관한 법률 시행령 제20조제1항제6호 및 지방자치단체 입찰 및 계약 집행기준 제4장 제2절,330000000,127363636,"입찰추정가격 127,363,636원","본 공고의 입찰추정가격은 127,363,636원으로, 지방자치단체 일반용역의 지역제한 기준 금액인 3억 3천만 원 미만에 해당하므로 지역제한(본점 소재지 제한) 설정이 법령상 적절함.",False,,16225,180
PPS-DEV-138,v7,0,0,TN,1,markdown_code_fence;comparison_not_string,stop,지방자치단체를 당사자로 하는 계약에 관한 법률 시행령 제20조제1항제6호 및 지방자치단체 입찰 및 계약 집행기준,330000000,127363636,"입찰추정가격 127,363,636원","본 공고의 입찰추정가격은 127,363,636원으로, 지방자치단체 일반용역의 지역제한 기준 금액인 3억 3천만 원 미만에 해당하므로 지역제한 입찰이 가능합니다. 또한, 요구되는 수행실적(단일계약 7천만 원 이상)은 입찰참가자격 제한이 아닌 평가 항목(경험/실적)에 해당하므로 법령 위반이 아닙니다.",False,,16778,214
PPS-DEV-139,v4,0,0,TN,0,markdown_code_fence,stop,지방자치단체를 당사자로 하는 계약에 관한 법률 시행령 제20조제1항제5호,230000000,90000000,"입찰추정가격 90,000,000원","본 공고는 용역 계약으로, 지방자치단체 계약 법령상 특수한 기술이 요구되는 용역의 경우 추정가격이 재정경제부장관이 정하여 고시한 금액(고시금액: 2억 3천만 원) 이상일 때 실적 제한이 가능합니다. 본 건의 추정가격은 9,000만 원으로 고시금액 미만이므로 실적을 통한 제한이 불가하나, 현재 공고문상에는 실적 제한을 위한 별도의 실적 요구 사항이 나타나지 않으므로 법령 위반에 해당하지 않습니다.",False,,9485,225
PPS-DEV-139,v5,0,0,TN,1,markdown_code_fence;threshold_not_number_or_null,stop,지방자치단체를 당사자로 하는 계약에 관한 법률 시행규칙 제24조 제2항 나목,"500,000,000","90,000,000","입찰추정가격 90,000,000원, 지역제한 대구광역시, 지역제한 조건(본점 소재지 대구광역시)","본 공고는 지방계약법을 적용받는 일반용역 건으로, 추정가격이 9천만 원이다. 지방자치단체 입찰 및 계약 집행기준에 따르면 일반용역의 경우 행정안전부장관이 고시한 금액(5억 원) 미만일 때 지역제한이 가능하다. 본 건의 추정가격(9천만 원)은 기준 금액인 5억 원 미만이므로 대구광역시로 지역을 제한하는 것은 법령상 위반 사항이 없다.",False,,10027,231
PPS-DEV-139,v6,0,0,TN,1,markdown_code_fence;threshold_not_number_or_null,stop,지방자치단체를 당사자로 하는 계약에 관한 법률 시행령 제20조제1항제6호 및 지방자치단체 입찰 및 계약 집행기준,행정안전부장관이 고시한 금액,"90,000,000원 (추정가격)",입찰공고일 전일부터 주된 영업소의 소재지가 대구광역시여야 함,"본 공고의 추정가격은 90,000,000원으로, 지방자치단체 입찰 및 계약 집행기준에 따른 일반용역 지역제한 대상 금액(행정안전부장관 고시 금액 미만)에 해당하며, 입찰 참가 자격으로 대구광역시 소재지를 제한하는 것은 적법한 지역제한 사항임.",False,,11957,199
PPS-DEV-139,v7,0,0,TN,1,markdown_code_fence;comparison_not_string,stop,지방자치단체를 당사자로 하는 계약에 관한 법률 시행령 제20조제1항제6호 및 지방자치단체 입찰 및 계약 집행기준,500000000,90000000,입찰참가자격 중 지역제한 조건: '입찰공고일 전일부터 주된 영업소의 소재지가 대구광역시여야 하고 입찰일(낙찰자는 계약체결일)까지 당해 자격을 유지한 자',"본 공고의 입찰참가자격 제한(지역제한)은 추정가격 90,000,000원으로, 지방자치단체 일반용역의 경우 지역제한이 가능한 기준금액(행정안전부장관 고시 금액 기준, 통상 5억원 미만) 범위 내에 있으므로 법령 위반이 아님.",False,,12510,223
PPS-DEV-140,v4,0,0,TN,1,markdown_code_fence;comparison_not_string,stop,지방자치단체를 당사자로 하는 계약에 관한 법률 시행령 제20조제1항제5호 및 지방자치단체 입찰 및 계약 집행기준,230000000,718480909,"입찰추정가격 718,480,909원","본 공고는 일반용역(지방정부 소관)으로, 지방계약법령상 특수한 기술이 요구되는 용역의 실적 제한을 하려면 추정가격이 고시금액(물품 및 용역 2억 3천만 원) 이상이어야 합니다. 현재 입찰추정가격은 약 7.18억 원으로 고시금액인 2.3억 원을 초과하므로 실적 제한이 가능한 범위 내에 있습니다. 또한, 추출된 근거 내용 중 '상담활동비 하한 보장'이나 '보고서 제출' 등은 계약 이행 및 평가를 위한 조건(과업 내용)에 해당하며, 입찰 참가 자격(업종 제한)을 제한하는 요소가 아니므로 법령 위반에 해당하지 않습니다.",False,,12000,282
PPS-DEV-140,v5,0,0,TN,1,markdown_code_fence;comparison_not_string,stop,지방자치단체를 당사자로 하는 계약에 관한 법률 시행규칙 제24조 제2항 제2호 나목,500000000,718480909,"입찰추정가격 718,480,909원","지방자치단체 계약에서 용역의 경우, 행정안전부령으로 정하는 금액 기준은 물품/용역의 경우 5억원(또는 고시금액)이나, 본 공고의 추정가격(718,480,909원)은 지역제한을 적용할 수 있는 기준 금액인 5억원을 초과하므로 지역제한(지역제한여부 N) 설정 자체는 법령 위반이 아니며, 입찰 참가 자격으로 제시된 업종 제한(학술·연구용역 등) 또한 적법한 범위 내의 자격 제한으로 판단됨.",False,,12542,237
PPS-DEV-140,v6,0,0,TN,0,markdown_code_fence,stop,지방자치단체를 당사자로 하는 계약에 관한 법률 시행령 제20조제1항제6호 및 지방자치단체 입찰 및 계약 집행기준,,"718,480,909","입찰추정가격 718,480,909원","본 공고는 지방자치단체가 주체인 일반용역(협상에 의한 계약)으로, 지역제한 입찰의 기준이 되는 추정가격이 718,480,909원이다. 지방자치단체 입찰 및 계약 집행기준에 따르면 일반용역의 경우 행정안전부장관이 고시한 금액 미만일 때 지역제한이 가능하나, 본 건은 지역제한 여부가 'N'(아니오)으로 설정되어 있으며, 제공된 법령상 지역제한을 위한 금액 기준(고시금액 등)을 위반하여 입찰 참가 자격을 제한하고 있지 않으므로 위반 사항이 없다.",False,,14472,250
PPS-DEV-140,v7,0,0,TN,0,markdown_code_fence;comparison_not_string,stop,지방자치단체를 당사자로 하는 계약에 관한 법률 시행령 제20조제1항제6호 및 지방자치단체 입찰 및 계약 집행기준,330000000,718480909,"입찰추정가격 718,480,909원","본 공고는 지방자치단체가 체결하는 일반용역 계약으로, 추정가격이 718,480,909원이다. 지방자치단체 입찰 및 계약 집행기준에 따르면 일반용역의 지역제한 범위는 행정안전부장관이 고시한 금액 미만이어야 하나, 본 공고는 지역제한 여부가 'N'(아니오)으로 설정되어 있어 지역제한을 적용하지 않았으므로 법령 위반에 해당하지 않는다.",False,,15025,218
PPS-DEV-141,v4,0,,INVALID,1,not_strict_json,stop,,,,,,False,,13502,669
PPS-DEV-141,v5,0,0,TN,1,markdown_code_fence;comparison_not_string,stop,지방자치단체를 당사자로 하는 계약에 관한 법률 시행령 제20조제1항제6호 및 지방자치단체 입찰 및 계약 집행기준 제4장,500000000,3272727273,"입찰추정가격 3,272,727,273원","해당 공고는 지방자치단체(지방정부)가 발주하는 일반용역으로, 추정가격이 3,272,727,273원입니다. 지방자치단체 입찰 및 계약 집행기준에 따르면 지역제한을 위한 기준 금액(고시금액)은 물품·용역의 경우 행정안전부장관이 고시한 금액을 따르며, 통상적으로 5억 원(지방자치단체 적용 시)을 기준으로 합니다. 본 공고의 추정가격은 32.7억 원으로 기준 금액을 초과하여 지역제한을 적용할 수 있는 범위 내에 있으나, 제시된 법령상 지역제한(지역제한 입찰)에 대한 위반 여부를 판단할 때, 입찰참가자격에 '지역제한'에 대한 명시적 제한 문구가 없으므로(지역제한여부: N) 법령 위반에 해당하지 않습니다.",False,,14044,326
PPS-DEV-141,v6,0,0,TN,0,markdown_code_fence,stop,지방자치단체를 당사자로 하는 계약에 관한 법률 시행령 제20조제1항제6호 및 지방자치단체 입찰 및 계약 집행기준,330000000,3272727273,"입찰추정가격 3,272,727,273원","본 공고의 입찰추정가격은 약 32.7억원으로, 지방자치단체 입찰 및 계약 집행기준에 따른 지역제한 대상 금액(일반용역의 경우 행정안전부장관이 고시한 금액 미만) 기준을 초과하지 않으며, 지역제한 여부가 'N'으로 설정되어 있어 법령 위반 사항이 없음.",False,,15974,194
PPS-DEV-141,v7,0,0,TN,0,markdown_code_fence;comparison_not_string,stop,지방자치단체를 당사자로 하는 계약에 관한 법률 시행령 제20조제1항제6호 및 지방자치단체 입찰 및 계약 집행기준,330000000,3272727273,"입찰추정가격 3,272,727,273원","본 공고는 지방자치단체가 체 당사자인 일반용역 계약으로, 추정가격이 3,272,727,273원이다. 지방자치단체 입찰 및 계약 집행기준에 따르면 일반용역의 지역제한 기준은 행정안전부장관이 고시한 금액(약 3.3억원 미만 등)을 기준으로 하나, 본 건은 추정가격이 고시금액(3.3억원)을 초과하므로 지역제한을 적용할 수 있는 범위에 해당하며, 공고문상 지역제한 여부가 'N'으로 설정되어 있어 법령 위반 사항이 없다.",False,,16527,254
PPS-DEV-142,v4,0,0,TN,0,markdown_code_fence;comparison_not_string,stop,[정부 입찰·계약 집행기준] 제2장 제5조제1항 단서,230000000,1,추정가격 1원 (입찰추정가격 1),"본 공고는 추정가격이 1원으로, [정부 입찰·계약 집행기준] 제2장 제5조제1항 단서에 따라 '추정가격이 고시금액 미만인 제조 또는 용역계약의 경우에는 실적으로 경쟁참가자의 자격을 제한하여서는 아니 된다'는 규정에 해당함. 그러나 공고 내용상 '소기업, 소상공인 제한' 등 자격 제한 사항이 존재하며, 실적 제한을 적용할 경우 고시금액(2억 3천만 원) 미만인 경우 실적 제한이 금지되나, 현재 제공된 데이터상 실적 제한에 대한 구체적인 위반 사항은 확인되지 않음. 다만, 추정가격이 매우 낮아 실적 제한 자체가 불가능한 구간임.",False,,5620,255
PPS-DEV-142,v5,0,0,TN,0,markdown_code_fence;comparison_not_string,stop,국가를 당사자로 하는 계약에 관한 법률 시행령 제21조제1항제6호 및 시행규칙 제24조제2항제2호,230000000,1,"입찰추정가격 1원, 적용계약법 국가계약법, 고시금액(물품 및 용역) 2억 3천만 원","본 공고의 추정가격은 1원(입력값 1)으로, 국가계약법상 물품 및 용역의 고시금액인 2억 3천만 원 미만에 해당한다. 따라서 소기업·소상공인 제한(중소기업제품 구매촉진 및 판로지원에 관한 법률에 따른 제한)을 적용하는 것은 법령상 허용되는 범위 내의 제한경쟁이며, 지역제한(본점 소재지 제한)을 적용하지 않았으므로 위반 사항이 없다.",False,,6162,234
PPS-DEV-142,v6,0,0,TN,0,markdown_code_fence;comparison_not_string,stop,국가를 당사자로 하는 계약에 관한 법률 시행령 제26조제1항제5호가목,100000000,1,추정가격 1 (입찰추정가격 기준),"본 공고는 소기업 및 소상공인 제한을 명시하고 있으며, 추정가격이 1원으로 설정되어 있습니다. 국가계약법 시행령 제26조제1항제5호가목에 따르면 추정가격이 2천만원 초과 1억원 이하인 계약으로서 소기업 또는 소상공인과 체결하는 물품의 제조·구매·임차계약이 가능합니다. 본 건은 추정가격이 매우 낮아 해당 제한 규정의 범위 내에 있으며, 법령 위반 사항이 발견되지 않습니다.",False,,8092,202
PPS-DEV-142,v7,0,0,TN,0,markdown_code_fence;comparison_not_string,stop,국가를 당사자로 하는 계약에 관한 법률 시행령 제26조제1항제5호가목,20000000,1,입찰추정가격 1원 (입찰추정가격 1),"본 공고는 '소기업, 소상공인 제한'을 명시하고 있으며, 추정가격이 1원으로 매우 낮다. 국가계약법 시행령 제26조제1항제5호가목에 따르면 추정가격이 2천만원 이하인 물품의 제조·구매·임차계약은 수의계약 대상에 해당하며, 본 건은 소기업/소상공인 제한을 통한 적법한 제한경쟁 또는 수의계약 범위 내에 있으므로 법령 위반이 아니다.",False,,8645,201
PPS-DEV-143,v4,0,0,TN,1,markdown_code_fence;comparison_not_string,stop,지방자치단체를 당사자로 하는 계약에 관한 법률 시행규칙 제25조제1항 및 제2항,561454545,30000000,"최근 3년 이내 실적, 단일 건 3,000만원 이상(계약기준)","용역 실적 제한 시 규모(양) 또는 금액을 기준으로 할 수 있으며, 본 공고의 추정가격(561,454,545원) 대비 단일 건 3,000만원 이상의 실적 요구는 법령상 허용되는 범위(추정가격의 1배 이내) 내에 있으므로 위반이 아님.",True,,14513,186
PPS-DEV-143,v5,0,0,TN,1,markdown_code_fence;comparison_not_string,stop,지방자치단체를 당사자로 하는 계약에 관한 법률 시행령 제20조제1항제6호 및 지방자치단체 입찰 및 계약 집행기준 제4장 제2절,500000000,561454545,"사업수행 실적 (6) ■ 최근 3년간 사업수행 건수(공고일 기준) ※ 공고일 기준 최근 3년 이내 실적, 단일 건 3,000만원 이상(계약기준)","해당 공고는 지방자치단체 일반용역(간판 디자인 및 제작·설치)으로, 추정가격이 561,454,545원입니다. 지방자치단체 입찰 및 계약 집행기준에 따르면, 일반용역의 경우 행정안전부장관이 고시한 금액(고시금액) 미만인 경우 지역제한이 가능합니다. 본 건의 추정가격은 5.6억원으로, 지역제한 기준 금액(고시금액)을 초과하지 않으므로 법령 위반 사항이 없습니다.",False,,15055,276
PPS-DEV-143,v6,0,0,TN,1,markdown_code_fence;comparison_not_string,stop,지방자치단체를 당사자로 하는 계약에 관한 법률 시행령 제20조제1항제6호 및 지방자치단체 입찰 및 계약 집행기준,500000000,561454545,"입찰추정가격 561,454,545원","본 공고의 입찰추정가격은 561,454,545원으로, 지방자치단체 입찰 및 계약 집행기준에 따른 일반용역의 지역제한 기준 금액(행정안전부장관이 고시한 금액 미만)을 초과하여 설정되어 있으나, 해당 기준은 지역제한 입찰의 대상 여부를 판단하는 기준일 뿐, 추정가격이 높다고 하여 지역제한을 할 수 없는 것은 아니다. 또한, 제공된 메타데이터상 '지역제한여부: N'으로 되어 있어 지역제한을 적용하지 않은 상태이므로 법령 위반에 해당하지 않는다.",False,,16985,249
PPS-DEV-143,v7,0,0,TN,1,markdown_code_fence,stop,지방자치단체를 당사자로 하는 계약에 관한 법률 시행령 제20조제1항제6호 및 지방자치단체 입찰 및 계약 집행기준,,"561,454,545원","입찰추정가격 561,454,545원","본 공고의 입찰추정가격은 561,454,545원으로, 지방자치단체 입찰 및 계약 집행기준상 일반용역의 지역제한 기준 금액(행정안전부령으로 정하는 고시금액)을 초과하므로 지역제한 입찰 대상 여부를 검토하였으나, 해당 공고는 '지역제한여부: N'으로 설정되어 있어 법령 위반 사항이 없음.",False,,17538,202
PPS-DEV-144,v4,0,0,TN,0,markdown_code_fence;comparison_not_string,stop,지방자치단체를 당사자로 하는 계약에 관한 법률 시행령 제20조제1항제3호,230000000,118136364,"입찰추정가격 118,136,364원","해당 공고는 물품제조 계약으로서 특수한 설비 또는 기술이 요구되는 경우를 상정하고 있으나, 지방계약법 시행령 제20조제1항제3호에 따라 실적으로 제한하기 위해서는 해당 물품제조계약의 추정가격이 재정경제부장관이 고시하는 금액(물품 및 용역의 경우 2억 3천만 원) 이상이어야 합니다. 본 건의 입찰추정가격은 118,136,364원으로 고시금액인 230,000,000원 미만입니다. 다만, 현재 제공된 메타데이터와 추출 근거상으로는 실적 제한에 대한 구체적인 제한 조건(어떤 실적을 요구하는지)이 명시되어 있지 않으므로, 실적 제한을 적용하더라도 법령 위반 여부를 확정할 수 있는 '제한 조건' 자체가 식별되지 않아 위반으로 판정하지 않습니다.",False,,11521,313
PPS-DEV-144,v5,0,0,TN,1,markdown_code_fence;threshold_not_number_or_null,stop,지방자치단체를 당사자로 하는 계약에 관한 법률 시행규칙 제24조 제2항 제2호 나목,"500,000,000","118,136,364","입찰추정가격 118,136,364원","본 공고는 지방계약법을 적용받는 물품 구매 건으로, 지역제한 입찰을 위한 기준 금액은 지방자치단체법 시행규칙에 따라 물품의 경우 행정안전부장관이 고시한 금액(5억원) 또는 해당 지자체 기준(5억원)을 적용한다. 입찰추정가격(118,136,364원)이 기준 금액인 5억원 미만이므로 지역제한 설정은 법령상 위반 사항이 없다.",False,,12063,215
PPS-DEV-144,v6,0,0,TN,1,markdown_code_fence,stop,지방자치단체를 당사자로 하는 계약에 관한 법률 시행규칙 제25조제3항 및 지방자치단체 입찰 및 계약 집행기준,,경상남도,납 품 장 소 [지역:r1|단위=기초|광역=경상남도] [지역:r2|단위=기초|광역=경상남도] [상세주소] [수요기관(지방공기업)] [부서] 내 지정장소,"본 공고는 추정가격이 118,136,364원으로 지방자치단체 입찰 및 계약 집행기준에 따른 지역제한 대상이며, 납품 장소가 경상남도 내로 지정되어 있습니다. 관련 법령상 지역제한은 납품지 소재 시·도 관할구역 내의 자로 제한할 수 있으나, 본 건은 입찰참가자격으로서의 지역 제한 위반 여부를 판단할 때 납품 장소와 지역 제한의 일치 여부를 확인하였으며, 제공된 정보상 법령 위반 사항이 발견되지 않았습니다.",True,,13993,266
PPS-DEV-144,v7,0,0,TN,1,markdown_code_fence;comparison_not_string,stop,지방자치단체를 당사자로 하는 계약에 관한 법률 시행령 제26조제1항제5호가목3) 및 제30조제1항,100000000,118136364,"[조항호내용] [판로지원법 시행령] 중기업,소기업,소상공인 제한 / [입찰추정가격] 118136364","본 공고는 추정가격 118,136,364원으로, 지방계약법령상 수의계약(견적제출) 대상인 '추정가격 2천만원 초과 1억원 이하인 계약으로서 소기업 또는 소상공인과 체결하는 물품의 제조·구매·임차계약'의 범위를 초과합니다. 따라서 수의계약 안내공고 형식을 취하고 있으나, 추정가격이 1억원을 초과하므로 일반적인 제한경쟁입찰 절차를 따라야 하며, 수의계약 관련 조항(제26조제1항제5호가목3)의 적용 범위(1억원 이하)를 벗어난 것으로 판단됩니다. 다만, 입찰 참여 자격 제한(지역제한 등)에 대한 위반 여부를 묻는 v7 항목의 관점에서는 법령상 정해진 금액 기준을 초과하여 공고된 것이므로 위반 여부를 판단할 수 있습니다.",False,,14546,353
PPS-DEV-145,v4,0,0,TN,1,markdown_code_fence;comparison_not_string,stop,지방자치단체를 당사자로 하는 계약에 관한 법률 시행령 제20조제1항제5호 및 지방자치단체 입찰 및 계약 집행기준 제4장 제1절,239800000,218000000,"최근 3년간 (2억이상 규모)행사 수행실적, 최근 3년간 바이오헬스 분야 비즈니스 파트너링 프로그램(데모데이, 밋업, 기술매칭 등, 1천만원 이상 규모) 수행실적","본 공고는 지방계약법을 적용받는 용역 입찰로, 실적 제한을 설정할 수 있다. 제공된 실적 기준(2억 이상 규모 또는 1천만원 이상 규모)은 추정가격(218,000,000원) 및 고시금액(230,000,000원)을 고려할 때, 지방자치단체 입찰 및 계약 집행기준에 따라 계약 목적물의 규모나 금액을 기준으로 적절히 제한하고 있으며, 특정 기관의 실적만을 요구하거나 부당하게 자격을 제한하는 위반 사항이 발견되지 않았다.",False,,11073,288
PPS-DEV-145,v5,0,0,TN,1,markdown_code_fence;comparison_not_string,stop,지방자치단체를 당사자로 하는 계약에 관한 법률 시행령 제20조제1항제6호 및 지방자치단체 입찰 및 계약 집행기준 제4장 제2절,330000000,218000000,"입찰추정가격 218,000,000원","본 공고는 지방계약법을 적용받는 일반용역 입찰로, 지역제한을 적용할 경우 추정가격이 행정안전부령으로 정하는 금액(용역의 경우 3.3억 원) 미만이어야 함. 현재 추정가격은 218,000,000원으로 기준금액인 330,000,000원 미만에 해당하여 지역제한 입찰이 가능하므로 법령 위반이 아님.",False,,11615,225
PPS-DEV-145,v6,0,0,TN,1,markdown_code_fence,stop,지방자치단체를 당사자로 하는 계약에 관한 법률 시행령 제20조제1항제6호 및 지방자치단체 입찰 및 계약 집행기준,,"218,000,000원 < 500,000,000원","입찰추정가격 218,000,000원, 지역제한여부 N","본 공고는 지방계약법을 적용받는 용역 입찰로, 지역제한 입찰의 경우 추정가격이 행정안전부령으로 정하는 금액 미만인 경우에 한하여 지역 제한이 가능합니다. 지방자치단체 입찰 및 계약 집행기준에 따르면 일반용역의 경우 추정가격 5.0억원 미만 시 시·군·구 단위의 제한이 가능하나, 본 공고는 '지역제한여부: N'으로 설정되어 있어 지역 제한을 두지 않았으므로 법령 위반 사항이 없습니다.",False,,13545,246
PPS-DEV-145,v7,0,0,TN,1,markdown_code_fence;comparison_not_string,stop,지방자치단체를 당사자로 하는 계약에 관한 법률 시행령 제20조제1항제6호 및 지방자치단체 입찰 및 계약 집행기준,218000000,218000000,"입찰추정가격 218,000,000원","본 공고는 지방계약법을 적용받는 일반용역으로, 지역제한 입찰 시 추정가격이 행정안전부령으로 정하는 금액 미만인 경우 지역제한이 가능함. 지방자치단체 입찰 및 계약 집행기준에 따르면 일반용역의 경우 행정안전부장관이 고시한 금액(5억원) 미만 시 시·도 단위의 지역제한이 가능함. 본 건의 추정가격은 2억 1,800만원으로 기준 금액 미만에 해당하므로 지역제한 설정에 위반 사항이 없음.",False,,14098,237
PPS-DEV-146,v4,0,0,TN,0,markdown_code_fence;comparison_not_string,stop,지방자치단체를 당사자로 하는 계약에 관한 법률 시행령 제20조제1항제3호,230000000,165454545,"지방자치단체를 당사자로 하는 계약에 관한 법률 시행령 제20조제1항제3호에 따르면, 특수한 설비 또는 기술이 요구되는 물품제조계약의 경우 해당 물품제조계약의 추정가격이 재정경제부장관이 정하여 고시한 금액 이상이어야 합니다. 고시금액(물품 및 용역)은 2억 3천만 원입니다. 본 공고의 입찰추정가격은 165,454,545원으로 고시금액인 230,000,000원 미만입니다. 따라서 실적 제한을 적용할 수 없는 대상입니다. 다만, 본 공고는 실적 제한을 하지 않고 지역 및 업종 제한만을 적용하고 있으므로 법령 위반이 아닙니다.","본 공고는 추정가격이 고시금액(2.3억 원) 미만인 물품 계약으로, 실적에 의한 자격 제한을 할 수 없는 대상이나, 공고문상에서 별도의 실적 제한을 두지 않고 지역(경기도) 및 업종(자동펌프 제조/공급) 제한만을 규정하고 있으므로 법령 위반 사항이 없습니다.",False,,11216,347
PPS-DEV-146,v5,0,0,TN,1,markdown_code_fence;comparison_not_string,stop,지방자치단체를 당사자로 하는 계약에 관한 법률 시행령 제20조제1항제6호 및 지방자치단체 입찰 및 계약 집행기준 제4장,500000000,165454545,입찰 참가 자격(공동수급 불허) 가. ... 1) 입찰공고일 전일부터 입찰일 ... 까지 법인등기부상 본점소재지 ... 가 경기도 내에 소재한 업체,"본 공고는 지방자치단체가 수요기관인 물품 구매 건으로, 지역제한의 기준은 추정가격이 행정안전부장고시금액(5억원) 미만인 경우 해당 시·도(경기도)로 제한할 수 있다. 해당 공고의 추정가격은 165,454,545원으로, 지역제한 기준 금액인 5억 원 미만에 해당하므로 경기도 내 소재 업체로 제한한 것은 법령 위반이 아니다.",False,,11758,252
PPS-DEV-146,v6,0,0,TN,0,markdown_code_fence;comparison_not_string,stop,지방자치단체를 당사자로 하는 계약에 관한 법률 시행령 제20조제1항제6호 및 지방자치단체 입찰 및 계약 집행기준,500000000,165454545,입찰참가자격 1) 입찰공고일 전일부터 입찰일까지 법인등기부상 본점소재지가 경기도 내에 소재한 업체,"본 공고의 입찰참가자격은 법인등기부상 본점 소재지를 '경기도'로 제한하고 있다. 지방자치단체 입찰 및 계약 집행기준 및 관련 법령에 따르면, 물품의 제조·구매 계약 시 지역제한은 납품지 소재 시·도로 제한할 수 있다. 본 건의 추정가격은 165,454,545원으로, 지방자치단체 입찰 및 계약 집행기준 상 물품/용역의 지역제한 기준인 5억원 미만(세종시 제외 일반 용역·물품 기준) 범위 내에 있으므로 경기도로의 지역 제한은 적법하다.",False,,13688,272
PPS-DEV-146,v7,0,0,TN,1,markdown_code_fence;comparison_not_string,stop,지방자치단체를 당사자로 하는 계약에 관한 법률 시행령 제20조제1항제6호 및 지방자치단체 입찰 및 계약 집행기준,165454545,165454545,"입찰추정가격 165,454,545원, 지역제한(경기도) 적용","본 공고는 지방자치단체 계약으로, 추정가격이 165,454,545원이다. 지방자치단체 입찰 및 계약 집행기준에 따르면 물품의 경우 행정안전부장관이 고시한 금액(고시금액) 미만 시 시·도 단위의 지역제한이 가능하다. 해당 공고는 경기도 내 소재 업체로 제한하고 있으며, 이는 법령상 허용되는 범위 내의 적법한 제한이다.",False,,14241,220
PPS-DEV-147,v4,0,0,TN,1,markdown_code_fence;comparison_not_string,stop,지방자치단체를 당사자로 하는 계약에 관한 법률 시행령 제20조제1항제5호 및 제4장 제한입찰 운영요령,230000000,24272727,"입찰추정가격 24,272,727원 (제공된 법령상 용역 실적 제한을 위한 고시금액 기준 미달)","본 공고의 입찰추정가격은 24,272,727원으로, 지방계약법 및 관련 고시금액(물품 및 용역 2억 3천만 원)에 비해 현저히 낮습니다. 제공된 법령 및 운영요령에 따르면, 추정가격이 고시금액 미만인 용역계약의 경우 실적으로 경쟁참가자의 자격을 제한할 수 없으나, 본 공고의 추출된 내용 중 '최근 5년 이내 유사용역 수행실적'을 요구하는 부분은 실적 제한의 적절성을 검토 대상이나, 고시금액 미만 계약에서 실적 제한을 적용하는 것 자체가 법령 위반은 아니나 고시금액 기준 미달로 인해 실적 제한의 근거가 되는 '특수한 기술' 요건을 충족하기 어렵습니다. 다만, 현재 데이터상으로는 실적 제한의 구체적인 '수치'가 명시되지 않았으므로 위반으로 단정할 수 없습니다.",False,,15357,349
PPS-DEV-147,v5,0,0,TN,1,markdown_code_fence;comparison_not_string,stop,지방자치단체를 당사자로 하는 계약에 관한 법률 시행규칙 제24조 제2항 제2호 나목 및 지방자치단체 입찰 및 계약 집행기준 제4장 제2절,500000000,24272727,"입찰추정가격 24,272,727원 (배정예산금액 26,700,000원) 및 지역제한(경상북도) 적용","본 공고는 지방자치단체가 주체인 일반용역(행사 대행)으로, 지역제한 입찰을 적용하고 있습니다. 지방자치단체 입찰 및 계약 집행기준에 따르면, 일반용역의 경우 행정안전부장관이 고시한 금액(고시금액) 미만일 때 지역제한이 가능합니다. 해당 법령상 일반용역의 기준 금액은 5억 원(또는 지자체별 고시금액)이며, 본 건의 추정가격은 약 2,427만 원으로 기준 금액인 5억 원 미만에 해당하여 지역제한(경상북도) 설정은 법령 위반이 아닙니다. 또한, 중소기업/소상공인 제한과 지역제한을 중복 적용한 것은 '지방자치단체 입찰 및 계약 집행기준'의 중복 제한 금지 원칙(2개 항목 이상 중복 제한 불가)을 검토해야 하나, 본 건은 지역제한과 중소기업 제한을 적용하고 있으나, 해당 지침의 예외 규정 및 지역제한의 특수성을 고려할 때 위반으로 단정하기 어렵습니다. 다만, 추정가격이 매우 낮아 지역제한의 정당성은 확보됩니다.",False,,15899,416
PPS-DEV-147,v6,0,0,TN,1,markdown_code_fence;comparison_not_string,stop,지방자치단체를 당사자로 하는 계약에 관한 법률 시행령 제20조제1항제6호 및 관련 법령,230000000,24272727,"입찰추정가격 24,272,727원","본 공고의 입찰추정가격은 24,272,727원으로, 이는 지방자치단체 입찰 시 지역제한을 적용할 수 있는 기준 금액(물품·용역의 경우 행정안전부 고시 금액 미만) 범위 내에 있으며, 지역제한(경상북도) 설정에 법령 위반 사항이 발견되지 않음.",False,,17829,180
PPS-DEV-147,v7,0,0,TN,1,markdown_code_fence,stop,지방자치단체를 당사자로 하는 계약에 관한 법률 시행령 제20조제1항제6호 및 시행규칙 제24조,,경상북도,입찰공고일 전일부터 입찰일까지 법인등기부상 본점소재지를 경상북도에 둔 자,"본 공고는 추정가격이 24,272,727원으로, 지방자치단체 입찰 시 지역제한을 할 수 있는 금액 범위(용역의 경우 5억원 미만) 내에 있으며, 입찰 참가 자격으로 경상북도 소재지를 제한하는 것은 법령상 허용되는 범위 내의 적정한 지역제한으로 판단됨.",True,,18382,180
PPS-DEV-148,v4,0,0,TN,0,markdown_code_fence;comparison_not_string,stop,(계약예규) 정부 입찰·계약 집행기준 제5조제1항 제호,230000000,13630000,"추정가격 13,630,000원 (물품 및 용역 고시금액 230,000,000원 미만)","해당 공고는 물품 구매 건으로, 추정가격이 13,630,000원이다. (계약예규) 정부 입찰·계약 집행기준 제5조제1항에 따르면, 추정가격이 고시금액(230,000,000원) 미만인 제조 또는 용역계약의 경우 실적으로 경쟁참가자의 자격을 제한할 수 없으나, 본 공고는 실적 제한을 요구하고 있지 않으므로 법령 위반 사항이 없다.",False,,7229,235
PPS-DEV-148,v5,0,0,TN,0,markdown_code_fence;comparison_not_string,stop,국가를 당사자로 하는 계약에 관한 법률 시행령 제21조제1항제6호 및 시행규칙 제24조제2항,230000000,13630000,"입찰추정가격 13,630,000원 (물품 및 용역 고시금액 230,000,000원 미만)","본 공고는 국가계약법을 적용받는 기타공공기관의 물품 구매 건으로, 추정가격이 13,630,000원이다. 관련 법령(국가계약법 시행령 제21조제1항제6호 및 시행규칙 제24조제2항)에 따르면 물품 및 용역의 경우 재정경제부장관이 고시하는 금액(2억 3천만 원) 미만인 경우 제한경쟁입찰이 가능하다. 본 건은 추정가격이 고시금액인 2억 3천만 원보다 현저히 낮으므로 법령 위반 사항이 없다.",False,,7771,276
PPS-DEV-148,v6,0,0,TN,0,markdown_code_fence;comparison_not_string,stop,국가를 당사자로 하는 계약에 관한 법률 시행령 제26조제1항제5호가목2),20000000,13630000,가. 입찰건명 : 기타공공기관 PC 세트 구매(수의계약·2천만원미만),"본 공고의 입찰추정가격은 13,630,000원으로, 국가계약법 시행령 제26조제1항제5호가목2)에 따른 수의계약 범위인 '추정가격 2천만원 이하인 물품의 제조·구매·임차계약 또는 용역계약'에 해당하므로 법령 위반 사항이 없습니다.",True,,9701,191
PPS-DEV-148,v7,0,0,TN,0,markdown_code_fence;comparison_not_string,stop,국가를 당사자로 하는 계약에 관한 법률 시행령 제26조제1항제5호가목2),20000000,13630000,가. 입찰건명 : 기타공방기관 PC 세트 구매(수의계약·2천만원미만),"본 공고는 추정가격이 13,630,000원으로, 국가계약법 시행령 제26조제1항제5호가목2)에 따른 수의계약 범위(추정가격 2천만원 이하인 물품의 제조·구매·임차계약 또는 용역계약) 내에 해당하므로 적법한 수의계약 공고임.",False,,10254,192
PPS-DEV-149,v4,0,0,TN,1,markdown_code_fence;comparison_not_string,stop,지방자치단체를 당사자로 하는 계약에 관한 법률 시행령 제20조제1항제5호 및 지방자치단체 입찰 및 계약 집행기준 제4장 제2절,230000000,117909091,"추정가격 117,909,091원 (고시금액 230,000,000원 미만)","본 용역의 추정가격은 117,909,091원으로, 지방자치단체 입찰 및 계약 집행기준에 따른 용역 실적 제한을 위한 고시금액(2억 3천만 원) 미만입니다. 해당 규정에 따라 추정가격이 고시금액 미만인 제조 또는 용역계약의 경우에는 실적으로 경쟁참가자의 자격을 제한할 수 없으므로, 실적 제한 설정은 위반이 아닙니다.",False,,15059,237
PPS-DEV-149,v5,0,0,TN,1,markdown_code_fence;comparison_not_string,stop,지방자치단체를 당사자로 하는 계약에 관한 법률 시행규칙 제24조 제2항 제2호 가목,330000000,117909091,용 역 명 : 지방정부 일원 노후 상수도관 교체공사 폐기물처리 용역(제한경쟁·3억원미만),"본 공고의 입찰추정가격은 117,909,091원으로, 지방자치단체 입찰 시 지역제한(본점 소재지 제한)을 적용할 수 있는 기준 금액인 3억 3천만 원(용역 기준) 미만에 해당하므로, 전라남도 지역으로 제한한 것은 법령상 위반 사항이 없습니다.",True,,15601,198
PPS-DEV-149,v6,0,0,TN,1,markdown_code_fence;threshold_not_number_or_null,stop,지방자치단체를 당사자로 하는 계약에 관한 법률 시행규칙 제24조 및 지방자치단체 입찰 및 계약 집행기준,"330,000,000원","117,909,091원","입찰추정가격 117,909,091원","본 공고의 입찰추정가격은 117,909,091원으로, 지방자치단체 입찰 및 계약 집행기준상 일반용역의 지역제한 기준 금액인 3억 3천만 원 미만에 해당하므로, 전라남도 지역으로 제한하는 것은 법령 위반이 아닙니다.",False,,17531,210
PPS-DEV-149,v7,0,0,TN,1,markdown_code_fence;comparison_not_string,stop,지방자치단체를 당사자로 하는 계약에 관한 법률 시행규칙 제24조 제2호,330000000,117909091,"입찰추정가격 117,909,091원","본 공고는 일반용역(폐기물처리 용역)으로, 지방자치단체 입찰 및 계약 집행기준에 따라 지역제한 범위는 행정안전부장관이 고시한 금액 미만인 경우 적용됩니다. 관련 법령상 일반용역의 지역제한 기준 금액은 3억 3천만원(또는 고시금액)이나, 본 건의 추정가격(117,909,091원)은 해당 기준 금액 미만이므로 지역제한(전라남도) 설정에 법적 위반 사항이 없습니다.",False,,18084,221
PPS-DEV-150,v4,0,1,FP,0,markdown_code_fence,stop,(계약예규) 정부 입찰·계약 집행기준 제2장 제5조제1항 및 제4장 제1절,220000000,5000000,"추정가격 5,000,000원 (입찰추정가격 5 기준)","제공된 법령에 따르면, 제조 또는 용역의 경우 추정가격이 고시금액(물품 및 용역의 경우 2억 3천만 원) 미만인 경우에는 실적으로 경쟁참가자의 자격을 제한할 수 없다고 명시되어 있습니다. 본 건의 추정가격은 5,000,000원으로 고시금액인 230,000,000원에 미달하므로, 실적을 통한 입찰참가자격 제한이 불가능함에도 불구하고 입찰자/계약상대자의 금액 비율(5%, 10%)을 통한 실적 제한 조건을 제시한 것으로 판단되어 위반 가능성이 있습니다.",False,,5650,257
PPS-DEV-150,v5,0,,INVALID,0,not_strict_json,stop,,,,,,False,,6192,459
PPS-DEV-150,v6,0,0,TN,0,markdown_code_fence;comparison_not_string,stop,국가를 당사자로 하는 계약에 관한 법률 시행령 제21조제1항제6호 및 시행규칙 제24조제2항제2호,230000000,50000000,"입찰추정가격 50,000,000원 (5백만 원)","본 공고의 입찰추정가격은 5,000만 원으로, 국가계약법상 물품 및 용역의 고시금액(2억 3천만 원) 미만입니다. 따라서 지역제한을 적용할 수 있는 대상이나, 제공된 메타데이터상 '지역제한여부: N'으로 설정되어 있으며, 추출된 내용에서도 특정 지역으로의 제한을 명시한 입찰참가자격 제한 사항이 발견되지 않으므로 법령 위반에 해당하지 않습니다.",False,,8122,225
PPS-DEV-150,v7,0,0,TN,0,markdown_code_fence;comparison_not_string,stop,국가를 당사자로 하는 계약에 관한 법률 시행령 제21조제1항제6호 및 동법 시행규칙 제24조제2항,200000000,50000000,"입찰추정가격 5 (단위: 백만원 추정, 실제 금액 50,000,000원)","본 공고는 국가계약법을 적용받는 물품(내자) 계약으로, 추정가격이 5,000만원이다. 국가계약법 시행규칙 제24조제2항에 따르면 물품의 제조·구매 등에서의 고시금액(기준금액)은 2억 3천만원이다. 현재 공고의 입찰참가자격 제한 사항 중 지역제한이나 특정 자격 제한에 대한 위반 사항이 발견되지 않았으며, 추정가격이 고시금액 미만이므로 법령 위반에 해당하지 않는다.",False,,8675,245
PPS-DEV-151,v4,0,0,TN,1,markdown_code_fence,stop,(구)정부 입찰·계약 집행기준 제2장 제5조제1항,230000000,5880000,"추정가격 5,880,000원 (고시금액 2억 3천만 원 미만)","해당 용역의 추정가격(5,880,000원)이 재정경제부령이 정하는 고시금액(2억 3천만 원) 미만이므로, (구)정부 입찰·계약 집행기준 제2장 제5조제1항에 따라 실적으로 입찰참가자격을 제한할 수 없습니다. 다만, 본 공고는 실적 제한을 명시하고 있지 않으므로 위반 사항이 없습니다.",False,,13655,206
PPS-DEV-151,v5,0,0,TN,1,markdown_code_fence;output_keys_differ;comparison_not_string,stop,국가를 당사자로 하는 계약에 관한 법률 시행령 제21조제1항제6호 및 시행규칙 제24조제2항,230000000,5880000,"입찰추정가격 5,880,000원 (물품 및 용역 고시금액 2억 3천만 원 미만)","본 공고는 국가계약법을 적용받는 일반용역으로, 추정가격이 5,880,000원으로 재정경제부장관이 고시한 물품 및 용역의 고시금액(2억 3천만 원) 미만에 해당합니다. 따라서 법인등기부상 본점 소재지를 충청북도로 제한하는 것은 법령상 허용되는 범위 내의 적법한 지역제한입니다.",False,,14197,227
PPS-DEV-151,v6,0,0,TN,1,markdown_code_fence;comparison_not_string,stop,국가를 당사자로 하는 계약에 관한 법률 시행령 제21조제1항제6호 및 시행규칙 제24조제2항,230000000,5880000,"입찰추정가격 5,880,000원","국가계약법령상 용역의 경우 지역제한을 위한 기준금액(고시금액)은 2억 3천만 원이다. 본 공고의 추정가격은 5,880,000원으로 고시금액 미만에 해당하므로, 법인등기부상 본점 소재지를 충청북도(시·도 단위)로 제한하는 것은 법령 위반이 아니다.",False,,16127,193
PPS-DEV-151,v7,0,0,TN,1,markdown_code_fence;comparison_not_string,stop,국가를 당사자로 하는 계약에 관한 법률 시행령 제21조제1항제6호 및 시행규칙 제24조제2항제2호,20000000,5880000,"입찰추정가격 5,880,000원, 지역제한(충청북도) 적용","본 공고는 국가계약법을 적용받는 용역 계약으로, 추정가격이 5,880,000원이다. 국가계약법 시행규칙 제24조제2항제2호에 따라 용역의 경우 고시금액(2억 3천만 원) 미만인 경우 지역제한이 가능하다. 또한, 본 공고에서 설정한 지역제한(충청북도)은 해당 금액 범위 내에서 적법하게 설정된 것으로 판단된다.",False,,16680,221
PPS-DEV-152,v4,0,0,TN,1,markdown_code_fence;comparison_not_string,stop,지방자치단체를 당사자로 하는 계약에 관한 법률 시행령 제20조제1항제3호 및 지방자치단체 입찰 및 계약 집행기준 제4장,710000000,26101818,"추정가격 26,101,818원 (물품)","해당 공고는 물품(내자) 계약으로, 지방자치단체 계약법령에 따라 특수한 설비 또는 기술이 요구되는 물품제조계약의 경우 해당 물품제조계약의 추정가격이 재정경제부장관이 정하여 고시한 금액(고시금액) 이상이어야 실적 제한이 가능함. 고시금액(물품 및 용역)은 7억 1천만 원이나, 본 건의 추정가격은 26,101,818원으로 고시금액 미만에 해당함. 따라서 실적으로 입찰참가자격을 제한할 수 없으나, 본 공고는 실적 제한을 직접적으로 명시하고 있지 않으므로 법령 위반에 해당하지 않음.",False,,7718,280
PPS-DEV-152,v5,0,0,TN,1,markdown_code_fence;comparison_not_string,stop,지방자치단체 입찰 및 계약 집행기준 제4장 제2절,500000000,26101818,"입찰추정가격 26,101,818원","본 공고는 지방계약법을 적용받는 물품 구매 건으로, 추정가격이 26,101,818원이다. 지방자치단체 입찰 및 계약 집행기준에 따르면 물품의 경우 행정안전부장관이 고시한 금액(5억원) 미만인 경우 지역제한이 가능하다. 본 건은 추정가격이 5억 원 미만이므로 지역제한 및 소기업·소상공인 제한을 적용하는 데 법적 위반 사항이 없다.",False,,8260,199
PPS-DEV-152,v6,0,0,TN,1,markdown_code_fence,stop,지방자치단체를 당사자로 하는 계약에 관한 법률 시행령 제20조제1항제6호 및 지방자치단체 입찰 및 계약 집행기준,,"26,101,818원","입찰추정가격 26,101,818원","본 공고는 지방자치단체(지방공기업)가 발주한 물품 구매 계약으로, 지역제한 입찰의 기준이 되는 추정가격은 26,101,818원입니다. 지방자치단체 입찰 및 계약 집행기준에 따르면 물품/용역의 경우 행정안전부장관이 고시한 금액(고시금액) 미만일 때 지역제한이 가능합니다. 제공된 법령 및 고시금액 기준상 물품/용역의 고시금액은 통상적으로 억 단위(예: 3.3억 또는 5억 등)로 설정되어 있으나, 본 건의 추정가격은 약 2,610만 원으로 매우 낮습니다. 지역제한 입찰 시 본점 소재지를 특정 시·도로 제한하는 것은 법령상 허용되는 범위 내에 있으며, 입찰 참가 자격 제한 사항 중 '안전보건관리체계 구축' 등은 계약 이행 및 안전 관리를 위한 조건이지 입찰 참가 자격 자체를 위반한 것으로 보기 어렵습니다.",False,,10190,338
PPS-DEV-152,v7,0,0,TN,0,markdown_code_fence,stop,지방자치단체를 당사자로 하는 계약에 관한 법률 시행령 제20조제1항제6호 및 관련 규정,,"추정가격 26,101,818원 < 5억 원","입찰추정가격 26,101,818원, 지역제한 여부 N (지역제한 없음)","본 공고는 지역제한을 적용하지 않는 '지역제한여부: N' 상태이며, 추정가격이 26,101,818원으로 지방자치단체 계약 관련 법령상 지역제한이 가능한 범위(물품/용역 5억 원 미만 등) 내에 있으나, 공고 자체에서 지역제한을 설정하지 않았으므로 법령 위반 사항이 없음.",False,,10743,206
PPS-DEV-153,v4,0,1,FP,1,markdown_code_fence;comparison_not_string,stop,지방자치단체를 당사자로 하는 계약에 관한 법률 시행령 제20조제1항제5호 및 지방자치단체 입찰 및 계약 집행기준 제4장 제1절,230000000,45454546,"③ 관련분야 수행경험(6점) - 유사용역 수행실적은 공고일 기준, 최근 5년 이내 2천만원 이상의 용역 준공분을 대상으로 하며...","지방자치단체 용역 계약에서 실적 제한을 하려면 해당 용역의 추정가격이 재정경제부장관이 정하여 고시하는 금액(고시금액) 이상이어야 합니다. 본 공고의 입찰추정가격은 45,454,546원으로, 고시금액인 230,000,000원(물품 및 용역 기준) 미만입니다. 따라서 고시금액 미만인 경우 실적으로 경쟁참가자의 자격을 제한할 수 없으므로 법령 위반입니다.",False,,14217,263
PPS-DEV-153,v5,0,0,TN,1,markdown_code_fence;comparison_not_string,stop,지방자치단체를 당사자로 하는 계약에 관한 법률 시행규칙 제24조 제2항 제2호 나목,500000000,45454546,"조항호내용: 행정안전부령 금액 미만 본점소재지, 입찰추정가격: 45454546, 배정예산금액: 50000000","본 공고의 추정가격은 45,454,546원으로, 지방자치단체 일반용역의 지역제한 기준 금액인 5억 원(서울특별시 관할구역 내 군·구 기준 5억 원) 미만입니다. 따라서 본점 소재지 제한이 가능하며 법령 위반 사항이 발견되지 않았습니다.",False,,14759,209
PPS-DEV-153,v6,0,0,TN,1,markdown_code_fence;comparison_not_string,stop,지방자치단체를 당사자로 하는 계약에 관한 법률 시행규칙 제24조 및 지방자치단체 입찰 및 계약 집행기준,230000000,45454546,"추정가격 45,454,546원 (입찰추정가격 기준)","지방자치단체 일반용역의 지역제한 기준 금액은 행정안전부장관이 고시한 금액(물품 및 용역의 경우 2억 3천만 원) 미만인 경우에 해당하며, 본 공고의 추정가격은 45,454,546원으로 해당 기준 금액보다 낮으므로 지역제한 적용이 가능함.",False,,16689,190
PPS-DEV-153,v7,0,0,TN,1,markdown_code_fence;comparison_not_string,stop,지방자치단체를 당사자로 하는 계약에 관한 법률 시행규칙 제24조 제2호 나목,330000000,45454546,"추정가격 45,454,546원 (입찰추정가격)","본 공고의 추정가격은 45,454,546원으로, 지방자치단체 입찰 및 계약 집행기준 및 관련 법령에 따른 일반용역 지역제한 기준 금액(행정안전부장관이 고시한 금액, 통상 3.3억 원 또는 5억 원 등) 미만에 해당하므로 법령 위반 사항이 없음.",False,,17242,184
PPS-DEV-154,v4,0,0,TN,0,markdown_code_fence;threshold_not_number_or_null,stop,(계약예규) 정부 입찰·계약 집행기준 제2장 제5조제1항,"230,000,000원","35,400,000원","입찰추정가격 35,400,000원","해당 공고는 물품(내자) 구매 건으로, 추정가격이 고시금액(2억 3천만 원) 미만인 경우 실적으로 입찰참가자격을 제한할 수 없다는 규정에 따라 실적 제한을 두지 않았으므로 위반 사항이 없음.",False,,9134,163
PPS-DEV-154,v5,0,0,TN,1,markdown_code_fence;threshold_not_number_or_null,stop,국가계약법 시행령 제21조 제1항 제6호 및 국가계약법 제7조 제1항,"230,000,000원","35,400,000원","입찰추정가격 35,400,000원","본 공고는 국가계약법을 적용받는 물품 구매 건으로, 추정가격이 35,400,000원이다. 국가계약법 및 관련 고시에 따르면 물품 및 용역의 경우 고시금액(2억 3천만 원) 미만인 경우 지역제한 등을 고려할 수 있으나, 본 공고는 '지역제한여부: N'으로 설정되어 있으며, 입찰참가자격으로 '항공기비품(세부품명번호: 2520151701) 등록'을 요구하고 있다. 이는 특정 업종(세부품명)에 대한 자격 제한이며, 법령에서 금지하는 부당한 지역제한이나 추정가격 기준 위반에 해당하지 않는다.",False,,9676,276
PPS-DEV-154,v6,0,0,TN,1,markdown_code_fence;comparison_not_string,stop,국가를 당사자로 하는 계약에 관한 법률 시행령 제21조제1항제6호 및 시행규칙 제24조제2항,230000000,35400000,"입찰추정가격 35,400,000원 (세부품명번호: 2520151701, 항공기비품)","본 공고는 국가기관이 발주하는 물품 구매 건으로, 입찰참가자격 제한(지역제한 등)의 기준이 되는 추정가격은 35,400,000원이다. 국가계약법 시행규칙 제24조제2항에 따라 물품의 경우 고시금액(2억 3천만 원) 미만인 경우 지역제한이 가능하나, 본 공고는 '지역제한여부: N'으로 설정되어 있으며, 입찰참가자격으로 '항공기비품' 등록을 요구하는 것은 업종 제한에 해당하며 지역(본점 소재지)에 대한 제한을 두지 않았으므로 법령 위반 사항이 없다.",False,,11606,285
PPS-DEV-154,v7,0,0,TN,1,markdown_code_fence;comparison_not_string,stop,국가를 당사자로 하는 계약에 관한 법률 시행령 제21조제1항제6호 및 시행규칙 제24조제2항제2호,230000000,35400000,"입찰추정가격 35,400,000원, 물품 및 용역 고시금액 230,000,000원","본 공고의 입찰추정가격은 35,400,000원으로, 국가계약법상 물품 및 용역의 고시금액인 230,000,000원 미만입니다. 따라서 지역제한을 설정할 수 있는 기준 금액 범위 내에 있으나, 현재 공고문상에 별도의 지역제한(본점 소재지 제한)에 대한 명시적 조항이 없으므로 법령 위반으로 판단되지 않습니다.",False,,12159,237
PPS-DEV-155,v4,0,1,FP,1,markdown_code_fence;comparison_not_string,stop,지방자치단체를 당사자로 하는 계약에 관한 법률 시행령 제20조제1항제5호 및 지방자치단체 입찰 및 계약 집행기준 제4장 제1절,227272727,100000000,"입찰 공고문 내 '최근 5년 이내 축제, 공연, 대중음악 페스티벌 등 유사사업의 단일 계약 1억원 이상(부가세 포함)의 행사대행 실적' 요구","지방자치단체 입찰 및 계약 집행기준 제4장 제1절 제2절(제한입찰의 범위와 구분)에 따르면, 용역의 경우 고시금액(물품 및 용역 2억 3천만 원) 이상인 경우 특수한 기술이 요구되는 경우에 한하여 제한할 수 있으나, 본 건은 추정가격이 227,272,727원으로 고시금액(230,000,000원) 미만임에도 불구하고 실적을 제한하고 있음. 또한, 용역 실적 제한 시 계약목적물의 추정가격 1배 이내에서 제한해야 하나, 본 공고는 단일 계약 1억원 이상을 요구하여 추정가격 대비 과도한 제한을 적용함.",False,,14345,319
PPS-DEV-155,v5,0,0,TN,1,markdown_code_fence,stop,지방자치단체를 당사자로 하는 계약에 관한 법률 시행령 제20조제1항제6호 및 지방자치단체 입찰 및 계약 집행기준 제4장,500000000,227272727,"입찰추정가격 227,272,727원","본 공고는 지방계약법을 적용받는 일반용역(행사대행)으로, 지역제한을 설정할 수 있는 기준 금액은 5억 원(지방자치단체 입찰 및 계약 집행기준 기준)입니다. 현재 추정가격이 227,272,727원으로 기준 금액인 5억 원 미만에 해당하므로 지역제한 설정이 가능하며, 현재 공고상 지역제한 여부는 'N'으로 되어 있으나 이는 입찰 참가 자격 제한 위반과는 무관합니다.",False,,14887,230
PPS-DEV-155,v6,0,0,TN,1,markdown_code_fence;threshold_not_number_or_null,stop,지방자치단체를 당사자로 하는 계약에 관한 법률 시행령 제20조제1항제6호 및 지방자치단체 입찰 및 계약 집행기준,"500,000,000","227,272,727","입찰추정가격 227,272,727원 (입찰공고상 '3억원 미만' 명시)","본 공고의 추정가격은 227,272,727원으로, 지방자치단체 입찰 및 계약 집행기준에 따른 일반용역 지역제한 기준 금액(행정안전부장관이 고시한 금액 미만) 내에 해당하므로 지역제한 설정은 적법함.",False,,16817,196
PPS-DEV-155,v7,0,0,TN,1,markdown_code_fence;comparison_not_string,stop,지방자치단체를 당사자로 하는 계약에 관한 법률 시행령 제20조제1항제6호 및 관련 규칙,500000000,227272727,"입찰추정가격 227,272,727원","지방자치단체 계약에서 지역제한 입찰을 위한 용역의 기준 금액은 행정안전부령으로 정하는 금액(고시금액 등)을 기준으로 하며, 본 공고의 추정가격(227,272,727원)은 지역제한이 가능한 범위 내에 있으나, 제공된 법령 및 지침상 지역제한의 범위 설정에 위반되는 사항이 발견되지 않음.",False,,17370,195
PPS-DEV-156,v4,0,0,TN,0,markdown_code_fence;threshold_not_number_or_null,stop,지방자치단체를 당사자로 하는 계약에 관한 법률 시행령 제20조제1항제3호,"230,000,000원","134,436,100원","본 공고는 물품(내자) 구매 계약으로, 추정가격이 134,436,100원이다. 지방계약법령상 특수한 설비 또는 기술이 요구되는 물품제조계약의 경우 추정가격이 재정경제부장관이 고시한 금액(2억 3천만 원) 이상이어야 실적 제한이 가능하다.","본 공고는 지역제한(경상남도) 및 업종제한(농약판매업)을 적용하고 있으나, 이는 법령에서 허용하는 범위 내의 자격 제한이며, 고시금액 미만인 경우 실적 제한을 하지 않는다는 규정 위반 사항이 발견되지 않음.",False,,11345,240
PPS-DEV-156,v5,0,0,TN,1,markdown_code_fence,stop,지방자치단체를 당사자로 하는 계약에 관한 법률 시행규칙 제24조 제2항 제2호 나목,500000000,134436100,"입찰추정가격 134,436,100원 및 지역제한(경상남도) 설정","지방자치단체 계약에서 물품의 제조·구매 시 지역제한을 적용하기 위한 기준 금액은 행정안전부령으로 정하는 금액(5억원) 미만이어야 함. 본 공고의 입찰추정가격은 134,436,100원으로 기준 금액인 5억원 미만에 해당하므로 경상남도 지역으로 제한한 것은 법령상 적절함.",False,,11887,198
PPS-DEV-156,v6,0,0,TN,1,markdown_code_fence;threshold_not_number_or_null,stop,지방자치단체를 당사자로 하는 계약에 관한 법률 시행규칙 제24조 제2호 가목,"500,000,000","134,436,100","입찰추정가격 134,436,100원, 지역제한 경상남도","본 공고의 입찰추정가격은 134,436,100원으로, 지방자치단체 물품 구매 시 지역제한 기준 금액인 5억원 미만(행정안전부장관 고시 금액 기준)에 해당하므로, 경상남도 소재 업체로 제한한 것은 법령 위반이 아님.",False,,13817,182
PPS-DEV-156,v7,0,0,TN,1,markdown_code_fence;comparison_not_string,stop,지방자치단체를 당사자로 하는 계약에 관한 법률 시행령 제20조제1항제6호 및 시행규칙 제24조,134436100,134436100,입찰 제출 참가자격 나 항목: 법인등기부상 본점소재지가 공고일 전일부터 입찰일까지 경상남도 도내에 소재한 업체,"본 공고의 입찰참가자격은 경상남도 지역제한을 두고 있다. 지방자치단체 계약 관련 법령에 따르면 물품의 경우 행정안전부령으로 정하는 금액(고시금액) 미만 시 지역제한이 가능하다. 본 건의 추정가격은 134,436,100원으로, 물품의 경우 고시금액(5억원 또는 3.3억원 등 관련 기준) 미만에 해당하므로 경상남도 지역으로 제한하는 것은 법령 위반이 아니다.",False,,14370,242
PPS-DEV-157,v4,0,0,TN,1,markdown_code_fence;comparison_not_string,stop,(계약예규) 정부 입찰·계약 집행기준 제5조제1항,230000000,306790909,"추정가격 306,790,909원 (입찰추정가격 기준)","용역 실적 제한 시 추정가격이 고시금액(2억 3천만 원) 이상인 경우 실적 제한이 가능하나, 본 건은 추정가격이 고시금액을 초과하므로 법령상 제한이 가능함. 또한, 제공된 evidence 상에서 특정 기관의 실적만을 요구하거나 부당하게 자격을 제한하는 위반 사항이 발견되지 않음.",False,,10388,183
PPS-DEV-157,v5,0,0,TN,1,markdown_code_fence;comparison_not_string,stop,국가를 당사자로 하는 계약에 관한 법률 시행령 제21조제1항제6호 및 시행규칙 제24조제2항,230000000,306790909,"입찰추정가격 306,790,909원 (추정가격은 2억 3천만 원 초과)","본 공고의 입찰추정가격은 306,790,909원으로, 국가계약법상 물품 및 용역의 국제입찰 대상 여부를 판단하는 고시금액인 2억 3천만 원을 초과한다. 따라서 지역제한이나 기타 자격 제한을 적용하더라도 국제입찰 대상에 해당할 수 있으나, 현재 공고상 '지역제한여부: N'으로 설정되어 있어 법령 위반 사항이 발견되지 않는다.",False,,10930,230
PPS-DEV-157,v6,0,0,TN,1,markdown_code_fence;comparison_not_string,stop,국가를 당사자로 하는 계약에 관한 법률 시행령 제21조제1항제6호 및 시행규칙 제24조제2항,230000000,306790909,"입찰추정가격 306,790,909원","본 공고의 입찰추정가격은 306,790,909원으로, 국가계약법령상 지역제한을 적용할 수 있는 기준 금액(고시금액 2억 3천만 원 초과)을 상회하므로, 지역제한 입찰이 아닌 일반경쟁 입찰로 진행되는 것이 적절함. 다만, 제공된 메타데이터상 지역제한여부가 'N'으로 되어 있어 법령 위반 사항은 발견되지 않음.",False,,12860,214
PPS-DEV-157,v7,0,0,TN,1,markdown_code_fence;comparison_not_string,stop,국가를 당사자로 하는 계약에 관한 법률 시행령 제21조제1항제6호 및 시행규칙 제24조제2항,230000000,306790909,"입찰추정가격 306,790,909원","본 공고의 입찰추정가격은 306,790,909원으로, 국가계약법상 물품의 제조·구매 및 용역의 경우 고시금액(2억 3천만 원)을 초과하므로 지역제한 입찰 대상에 해당하나, 현재 공고상 지역제한 여부는 'N'(제한 없음)으로 설정되어 있어 법령 위반 사항이 발견되지 않음.",False,,13413,201
PPS-DEV-158,v4,0,0,TN,0,markdown_code_fence;comparison_not_string,stop,(계약예규) 정부 입찰·계약 집행기준 제2장 제5조제1항,230000000,234000000,"추정가격 234,000,000원, 물품 및 용역 고시금액 230,000,000원","해당 공고는 물품(내자) 계약으로, 추정가격이 234,000,000원이다. (계약예규) 정부 입찰·계약 집행기준 제2장 제5조제1항에 따르면, 제조 또는 용역의 경우 추정가격이 고시금액 이상인 계약에 한하여 실적 제한이 가능하다. 본 건의 고시금액(물품 및 용역)은 230,000,000원이므로, 추정가격(234,000,000원)이 고시금액 이상에 해당하여 실적 제한 적용이 가능한 범위 내에 있다. 따라서 법령 위반 사항이 없다.",False,,11660,275
PPS-DEV-158,v5,0,0,TN,1,markdown_code_fence;comparison_not_string,stop,국가를 당사자로 하는 계약에 관한 법률 시행령 제21조제1항제6호 및 시행규칙 제24조제2항제2호,234000000,234000000,"입찰추정가격 234,000,000원","본 공고는 국가계약법을 적용받는 기타공공기관의 물품 구매 입찰로, 추정가격이 234,000,000원이다. 국가계약법 시행규칙 제24조제2항제2호에 따르면 물품의 제조·구매 등에서의 고시금액(국제입찰 대상 여부 판단 기준)은 230,000,000원이다. 현재 공고상 지역제한 여부는 'N'으로 표시되어 있으며, 추정가격이 고시금액(2.3억)을 초과하므로 지역제한을 적용할 수 있는 금액 기준을 검토하였으나, 본 항목(v5)은 지역제한 위반 여부를 판정하는 항목으로서 위반 사항이 발견되지 않았다.",False,,12202,285
PPS-DEV-158,v6,0,0,TN,1,markdown_code_fence;comparison_not_string,stop,국가를 당사자로 하는 계약에 관한 법률 시행령 제21조제1항제6호 및 시행규칙 제24조제2항,234000000,234000000,"입찰추정가격 234,000,000원","본 공고는 국가계약법을 적용받는 물품 구매 계약으로, 추정가격이 234,000,000원이다. 국가계약법 시행령 제21조제1항제6호 및 시행규칙 제24조제2항에 따르면, 물품의 제조·구매·용역의 경우 고시금액(2억 3천만 원)을 기준으로 제한할 수 있으나, 본 건의 추정가격(234,000,000원)은 고시금액(234,000,000원) 이상이므로 지역제한 입찰의 대상이 될 수 있는 금액 범위 내에 있다. 다만, 현재 제공된 메타데이터상 '지역제한여부'가 'N'으로 되어 있고, 입찰참가자격 제한에 관한 구체적인 지역 제한 규정이 확인되지 않으므로 법령 위반 사항이 없다.",False,,14132,313
PPS-DEV-158,v7,0,0,TN,1,markdown_code_fence;comparison_not_string,stop,국가를 당사자로 하는 계약에 관한 법률 시행령 제21조제1항제6호 및 동법 시행규칙 제24조제2항,234000000,234000000,"입찰추정가격: 234,000,000원","본 공고는 국가계약법을 적용받는 물품 구매 계약으로, 추정가격이 234,000,000원이다. 국가계약법 시행규칙 제24조제2항에 따르면 물품의 제조·구매 시 재정경제부장관이 고시하는 금액(물품 및 용역의 경우 2억 3천만 원)을 기준으로 제한경쟁 입찰 여부를 판단한다. 현재 추정가격이 고시금액인 2억 3천만 원과 동일하므로 법령 위반 사항이 없다.",False,,14685,235
PPS-DEV-159,v4,0,0,TN,1,markdown_code_fence;comparison_not_string,stop,(가상) 정부 입찰·계약 집행기준 제2장 제5조제1항,230000000,352454545,"제3절: 과제와 유사한 제안사가 수행한 유사 연구 또는 제작 실적 (추정가격 352,454,545원)","해당 공고는 용역 계약으로, 추정가격이 352,454,545원입니다. 이는 고시금액(물품 및 용역 2억 3천만 원) 이상에 해당하므로 실적 제한이 가능합니다. 제공된 실적 관련 내용(유사 연구 또는 제작 실적 등)이 입찰 참가 자격으로서의 제한을 위반했다는 구체적인 수치적 제한(예: 1배 초과 등)이 추출되지 않았으므로 위반으로 판단되지 않습니다.",False,,10705,231
PPS-DEV-159,v5,0,0,TN,1,markdown_code_fence;comparison_not_string,stop,국가를 당사자로 하는 계약에 관한 법률 시행령 제21조제1항제6호 및 시행규칙 제24조제2항제2호,230000000,352454545,"입찰추정가격 352,454,545원","본 공고의 입찰추정가격은 352,454,545원으로, 국가계약법령상 물품 및 용역의 고시금액인 2억 3천만 원을 초과합니다. 따라서 지역제한(본점 소재지 제한)을 적용할 수 있는 기준 금액 미만(추정가격이 고시금액 미만인 경우)에 해당하지 않으므로, 지역제한을 통한 입찰참가자격 제한은 법령 위반이 아닙니다.",False,,11247,221
PPS-DEV-159,v6,0,0,TN,1,markdown_code_fence;comparison_not_string,stop,국가를 당사자로 하는 계약에 관한 법률 시행령 제21조제1항제6호 및 시행규칙 제24조제2항제2호,230000000,352454545,"입찰추정가격 352,454,545원","본 공고의 추정가격은 352,454,545원으로, 국가계약법령상 물품 및 용역의 경우 재정경제부장관이 고시하는 금액(2억 3천만 원)을 초과하여 국제입찰 대상에 해당할 수 있으나, 지역제한(지역제한여부: N) 및 업종제한(면허업종제한목록 존재) 등 입찰 참가 자격 제한에 관한 사항은 입찰 참가 자격의 제한 사항이 아니므로 법령 위반으로 판단되지 않음.",False,,13177,235
PPS-DEV-159,v7,0,0,TN,1,markdown_code_fence;comparison_not_string,stop,국가를 당사자로 하는 계약에 관한 법률 시행령 제21조제1항제6호 및 시행규칙 제24조제2항,230000000,352454545,"입찰추정가격: 352,454,545원","본 공고의 입찰추정가격은 352,454,545원으로, 국가계약법 시행규칙 제24조제2항에 따른 용역의 고시금액(230,000,000원)을 초과합니다. 따라서 지역제한(본점 소재지 제한)을 적용할 수 있는 기준 금액을 초과하므로 법령 위반 사항이 없습니다.",False,,13730,200
PPS-DEV-160,v4,0,0,TN,0,markdown_code_fence;threshold_not_number_or_null,stop,지방자치단체를 당사자로 하는 계약에 관한 법률 시행령 제20조제1항제3호,"230,000,000","94,000,000","[판로지원법 시행령] 소기업,소상공인제한 및 입찰참가자격: 1) AI서버(세부품명번호: 4321159201) 등록 업체, 2) 서울특별시 본점 소재 업체, 3) 소기업 또는 소상공인","본 공고는 물품 제조(AI서버) 계약으로, 지방계약법 시행령 제20조제1항제3호에 따라 특수한 설비 또는 기술을 요구하는 경우 입찰참가자격을 제한할 수 있으나, 해당 제한을 적용하기 위해서는 추정가격이 재정경제부장관이 고시한 금액(물품 및 용역 2억 3천만 원) 이상이어야 한다. 본 건의 입찰추정가격은 94,000,000원으로 고시금액 미만에 해당하여 실적에 의한 자격 제한을 할 수 없는 대상이나, 본 공고는 실적 제한이 아닌 '소기업·소상공인' 및 '지역제한(서울특별시)'을 적용하고 있으므로 법령 위반 사항이 없다.",False,,12902,330
PPS-DEV-160,v5,0,0,TN,1,markdown_code_fence;comparison_not_string,stop,지방자치단체를 당사자로 하는 계약에 관한 법률 시행규칙 제24조 제2항 나목 및 지방자치단체 입찰 및 계약 집행기준 제4장,500000000,94000000,"입찰추정가격 94,000,000원, 지역제한(서울특별시) 적용","지방자치단체 계약에서 물품의 제조·구매 시 지역제한을 적용하기 위한 기준 금액은 행정안전부장관이 고시한 금액(물품/용역의 경우 5억 원) 미만이어야 하나, 본 공고의 추정가격은 94,000,000원으로 해당 기준 미만에 해당하여 지역제한 적용이 적법함.",False,,13444,203
PPS-DEV-160,v6,0,0,TN,1,markdown_code_fence;threshold_not_number_or_null,stop,지방자치단체를 당사자로 하는 계약에 관한 법률 시행령 제20조제1항제6호 및 지방자치단체 입찰 및 계약 집행기준,"330,000,000","94,000,000",입찰참가자격: 2) 입찰공고일 전일부터 입찰일까지 서울특별시에 법인등기부상 본점이 있는 업체,"본 공고는 지역제한(서울특별시)을 적용하고 있으며, 추정가격(94,000,000원)이 지방자치단체 입찰 및 계약 집행기준에서 정한 물품/용역의 지역제한 기준인 3.3억원(또는 고시금액) 미만에 해당하므로 법령 위반 사항이 없습니다.",False,,15374,205
PPS-DEV-160,v7,0,0,TN,1,markdown_code_fence,stop,지방자치단체를 당사자로 하는 계약에 관한 법률 시행규칙 제24조 제2호 및 제25조 제3항,330000000,94000000,"입찰추정가격 94,000,000원, 지역제한(서울특별시)","본 공고의 입찰추정가격은 94,000,000원으로, 지방자치단체 물품/용역 지역제한 기준 금액인 3억 3천만 원(또는 고시금액 미만 기준) 이내에 해당하므로 서울특별시로 지역을 제한한 것은 법령상 적절함.",False,,15927,182
PPS-DEV-161,v4,0,1,FP,1,markdown_code_fence;comparison_not_string,stop,지방자치단체를 당사자로 하는 계약에 관한 법률 시행령 제20조제1항제5호 및 지방자치단체 입찰 및 계약 집행기준 제4장 제2절,230000000,49945455,최근 5년간 행정·조직·유보통합 관련 학술 용역연구 수행실적(10점) / 5건 이상,"지방계약법령 및 관련 예규에 따르면, 특수한 기술이 요구되는 용역의 경우 해당 용역의 추정가격이 재정경제부장관이 고시하는 금액(물품 및 용역의 경우 2억 3천만 원) 이상일 때만 실적에 의한 제한이 가능합니다. 본 공고의 입찰추정가격은 49,945,455원으로 고시금액인 230,000,000원 미만임에도 불구하고, '최근 5년간 학술 용역연구 수행실적 5건 이상'과 같이 실적을 입찰참가자격으로 제한하고 있으므로 법령 위반입니다.",False,,12997,285
PPS-DEV-161,v5,0,0,TN,1,markdown_code_fence;threshold_not_number_or_null,stop,지방자치단체를 당사자로 하는 계약에 관한 법률 시행규칙 제24조 제2항 제2호 나목 및 지방자치단체 입찰 및 계약 집행기준 제4장 제2절,"500,000,000","49,945,455","입찰추정가격 49,945,455원, 지역제한(전북특별자치도) 적용","본 공고의 입찰추정가격은 49,945,455원으로, 지방자치단체 입찰 및 계약 집행기준에 따른 지역제한 대상 금액(일반용역의 경우 행정안전부장관이 고시한 금액 미만) 범위 내에 있습니다. 또한, 지역제한 조건으로 '전북특별자치도'를 설정하였으나, 이는 추정가격이 고시금액(5억원) 미만인 경우에 해당하므로 법령 위반이 아닙니다.",False,,13539,243
PPS-DEV-161,v6,0,0,TN,0,markdown_code_fence;comparison_not_string,stop,지방자치단체를 당사자로 하는 계약에 관한 법률 시행령 제20조제1항제6호 및 동법 시행규칙 제24조제2호,330000000,49945455,입찰참가자격 나. 입찰 공고일 전일...부터 입찰일...까지 법인등기부상 본점소재지...를 계속 전북특별자치도에 둔 업체,"본 공고의 입찰추정가격은 49,945,455원으로, 지방자치단체 입찰에서 지역제한(시·도 단위 제한)이 가능한 기준 금액인 3억 3천만 원 미만에 해당합니다. 따라서 전북특별자치도로서의 지역제한은 법령 위반이 아닙니다.",False,,15469,210
PPS-DEV-161,v7,0,0,TN,0,markdown_code_fence,stop,지방자치단체를 당사자로 하는 계약에 관한 법률 시행규칙 제24조 및 제25조,500000000,"49,945,455","입찰추정가격 49,945,455원, 지역제한: 전북특별자치도","본 공고의 입찰추정가격은 49,945,455원으로, 지방자치단체 일반용역 지역제한 기준 금액인 5억 원(행정안전부령으로 정하는 금액) 미만에 해당하므로 전북특별자치도로 지역제한을 설정한 것은 법령상 적절함.",False,,16022,179
PPS-DEV-162,v4,0,0,TN,1,markdown_code_fence,stop,(계약예규) 정부 입찰·계약 집행기준 제2장 제5조제1항,710000000,89918181818,"입찰추정가격 89,918,181,818원 (배정예산 98,910,000,000원)","해당 공고는 물품(내자) 계약으로, 추정가격이 고시금액(7.1억 원)을 초과하는 대규모 계약이다. 제공된 근거 데이터상에서 실적 제한이나 특정 기관 실적만을 요구하는 등의 법령 위반 사항이 발견되지 않았으며, 입찰참가자격에 대한 제한 사항이 명시되어 있지 않으므로 위반으로 판단할 수 없다.",False,,8067,213
PPS-DEV-162,v5,0,0,TN,1,markdown_code_fence,stop,국가를 당사자로 하는 계약에 관한 법률 시행령 제21조제1항제6호,710000000,89918181818,"입찰추정가격 89,918,181,818원","본 공고의 입찰추정가격은 89,918,181,818원으로, 국가계약법령상 물품 및 용역의 고시금액(710,000,000원)을 초과한다. 따라서 지역제한 등 입찰참가자격 제한 규정 위반 여부를 검토하였으나, 제공된 메타데이터상 지역제한 여부가 'N'(No)으로 설정되어 있어 법령 위반 사항이 발견되지 않는다.",False,,8609,211
PPS-DEV-162,v6,0,0,TN,1,markdown_code_fence;comparison_not_string,stop,국가를 당사자로 하는 계약에 관한 법률 시행령 제21조제1항제6호,230000000,89918181818,입찰추정가격: 89918181818,"본 공고의 입찰추정가격은 89,918,181,818원으로, 국가계약법상 국제입찰 대상 여부를 판단하는 기준인 고시금액(물품 및 용역 기준 2억 3천만 원)을 초과합니다. 따라서 지역제한(지역제한 여부 'N'으로 설정됨)을 적용하지 않은 것은 법령 위반이 아닙니다.",False,,10539,219
PPS-DEV-162,v7,0,0,TN,1,markdown_code_fence;comparison_not_string,stop,국가를 당사자로 하는 계약에 관한 법률 시행령 제21조제1항제6호 및 시행규칙 제24조제2호,230000000,89918181818,"입찰추정가격 89,918,181,818원","본 공고의 입찰추정가격은 약 899억 원으로, 국가계약법상 국제입찰 대상 여부를 판단하는 기준 금액인 2억 3천만 원을 초과한다. 따라서 지역제한 입찰을 적용할 수 없는 대상이며, 제공된 법령상 지역제한(본점 소재지 제한)에 대한 위반 여부를 판단할 수 있는 기준 금액을 초과하는 대규모 계약이다.",False,,11092,205
PPS-DEV-163,v4,0,0,TN,0,markdown_code_fence,stop,지방자치단체를 당사자로 하는 계약에 관한 법률 시행령 제20조제1항제5호,230000000,45662727,"추정가격 (A) | 금45,662,727원","해당 공고는 추정가격이 45,662,727원으로, 지방자치단체 용역 계약에서 특수한 기술이 요구되는 용역의 실적 제한을 적용하기 위한 기준 금액(고시금액 2억 3천만 원) 미만입니다. 따라서 실적 제한을 적용할 수 없는 구간에 해당하며, 현재 공고문상 별도의 실적 제한(경험/실적)을 입찰 참가 자격으로 요구하고 있지 않으므로 법령 위반이 아닙니다.",True,,11720,211
PPS-DEV-163,v5,0,0,TN,1,markdown_code_fence;threshold_not_number_or_null,stop,지방자치단체를 당사자로 하는 계약에 관한 법률 시행규칙 제24조 제2호 나목,5억원,"45,662,727원","추정가격 (A) | 금45,662,727원","본 공고는 지방자치단체가 체결하는 용역 계약으로, 지역제한을 적용하기 위한 추정가격이 45,662,727원이다. 지방자치단체 입찰 및 계약 집행기준 및 시행규칙에 따르면 일반용역의 경우 행정안전부장관이 고시한 금액(고시금액)을 기준으로 지역제한을 할 수 있는데, 해당 금액(5억원 또는 3.3억원 등)에 미달하므로 지역제한 적용에 법령 위반 사항이 없다.",True,,12262,211
PPS-DEV-163,v6,0,0,TN,0,markdown_code_fence;threshold_not_number_or_null,stop,지방자치단체를 당사자로 하는 계약에 관한 법률 시행령 제20조제1항제6호 및 시행규칙 제24조,"330,000,000","45,662,727","추정가격 (A) | 금45,662,727원","본 공고는 추정가격 45,662,727원의 용역 계약으로, 지방자치단체 계약에서 지역제한을 할 수 있는 금액 기준(용역의 경우 3.3억 원 미만) 이내에 해당하며, 제주특별자치도로서의 지역제한 설정은 법령상 적절함.",True,,14192,182
PPS-DEV-163,v7,0,0,TN,1,markdown_code_fence,stop,지방자치단체를 당사자로 하는 계약에 관한 법률 시행령 제30조제1항제2호 및 제5장 제3절 1. 가.,100000000,45662727,마. 2인 견적 용역 수의계약(추정가격 2천만원 초과 1억원 이하)의 지역제한 - 입찰공고일 전일...부터 입찰일...까지 본점 영업소가 제주특별자치도에 위치한 업체,"본 공고는 추정가격 45,662,727원으로, 지방계약법령상 2인 이상 견적 제출 수의계약 대상(추정가격 2천만원 초과 1억원 이하)에 해당합니다. 해당 구간에서 지역제한을 설정하는 것은 법령 및 수의계약 운영요령에 부합하며, 제한된 지역(제주특별자치도) 설정 또한 적절합니다.",False,,14745,244
PPS-DEV-164,v4,0,0,TN,0,markdown_code_fence;threshold_not_number_or_null,stop,지방자치단체를 당사자로 하는 계약에 관한 법률 시행령 제20조제1항제3호,"230,000,000","224,269,091","지방자치단체를 당사자로 하는 계약에 관한 법률 시행령 제20조제1항제3호 및 제25조제1항에 따르면, 특수한 설비 또는 기술이 요구되는 물품제조계약의 경우 해당 물품제조계약의 추정가격이 재정경제부장관이 고시한 금액 이상이어야 한다. 고시금액(물품 및 용역)은 2억 3천만 원이다.","본 공고의 입찰추정가격은 224,269,091원으로, 재정경제부장관이 고시한 금액인 230,000,000원 미만이다. 따라서 실적 제한을 적용할 수 없는 대상이나, 현재 공고문상에는 별도의 실적 제한(경험/실적)을 요구하는 내용이 입찰참가자격에 포함되어 있지 않으므로 법령 위반에 해당하지 않는다.",False,,9528,294
PPS-DEV-164,v5,0,0,TN,1,markdown_code_fence;threshold_not_number_or_null,stop,지방자치단체를 당사자로 하는 계약에 관한 법률 시행규칙 제24조 제2항 나목,"500,000,000","224,269,091","입찰추정가격 224,269,091원, 지역제한 경상남도","지방자치단체 계약에서 물품의 제조·구매 시 지역제한을 위한 기준 금액은 행정안전부장관이 고시한 금액(고시금액)을 따르며, 해당 공고의 추정가격(224,269,091원)은 고시금액 기준(5억원 미만 시 해당 시·도 제한 가능) 범위 내에 있으므로 경상남도로 지역을 제한한 것은 법령 위반이 아니다.",False,,10070,210
PPS-DEV-164,v6,0,0,TN,0,markdown_code_fence;comparison_not_string,stop,지방자치단체를 당사자로 하는 계약에 관한 법률 시행규칙 제24조 제2호 나목,500000000,224269091,"입찰추정가격 224,269,091원","본 공고는 지방자치단체 계약으로, 지역제한을 적용하기 위한 물품의 제조·구매 기준 금액은 행정안전부령(시행규칙 제24조)에 따라 고시금액(5억원)을 기준으로 합니다. 입찰추정가격(224,269,091원)이 고시금액(500,000,000원) 미만이므로 경상남도 지역제한 설정은 법령상 위반 사항이 없습니다.",False,,12000,208
PPS-DEV-164,v7,0,0,TN,0,markdown_code_fence;comparison_not_string,stop,지방자치단체를 당사자로 하는 계약에 관한 법률 시행규칙 제24조 제2호 나목,500000000,224269091,"입찰추정가격 224,269,091원, 지역제한 경상남도","지방자치단체 계약에서 물품의 제조·구매 시 지역제한을 위한 기준 금액은 행정안전부령으로 정하며, 해당 공고의 추정가격(224,269,091원)은 물품 제조·구매 시 지역제한 기준 금액인 5억원 미만에 해당하므로 경상남도 지역제한 설정은 법령상 적절함.",False,,12553,189
PPS-DEV-165,v4,0,1,FP,1,markdown_code_fence;comparison_not_string,stop,지방자치단체를 당사자로 하는 계약에 관한 법률 시행령 제20조제1항제5호 및 지방자치단체 입찰 및 계약 집행기준 제4장 제1절,230000000,36363636,"입찰추정가격 36,363,636원, 유사사업수행경험(단일사업당) 3천만원 이상 실적 요구","지방자치단체 용역 계약에서 실적 제한을 하려면 해당 용역의 추정가격이 재정경제부장관이 정하여 고시하는 금액(물품 및 용역의 경우 2억 3천만 원) 이상이어야 합니다. 본 공고의 입찰추정가격은 36,363,636원으로 고시금액인 230,000,000원 미만임에도 불구하고, 단일 사업 3천만 원 이상의 실적을 입찰 참가 자격(유사사업수행경험)으로 제한하고 있으므로 법령 위반입니다.",False,,12654,270
PPS-DEV-165,v5,0,0,TN,1,markdown_code_fence;comparison_not_string,stop,지방자치단체 입찰 및 계약 집행기준 제4장 제2절,500000000,36363636,"입찰추정가격 36,363,636원","지방자치단체 입찰 및 계약 집행기준에 따르면 일반용역의 경우 행정안전부장관이 고시한 금액(5억원) 미만인 경우 지역제한이 가능하나, 본 공고는 지역제한을 설정하지 않았으므로(지역제한여부: N) 법령 위반에 해당하지 않음.",False,,13196,160
PPS-DEV-165,v6,0,0,TN,1,markdown_code_fence;comparison_not_string,stop,지방자치단체를 당사자로 하는 계약에 관한 법률 시행령 제20조제1항제6호 및 지방자치단체 입찰 및 계약 집행기준,330000000,36363636,"입찰추정가격 36,363,636원","본 공고의 추정가격은 36,363,636원으로, 지방자치단체 입찰 및 계약 집행기준상 일반용역 지역제한 기준 금액인 3억 3천만원(또는 고시금액 기준) 미만에 해당하므로 지역제한 설정이 가능하며, 법령 위반 사항이 발견되지 않음.",False,,15126,184
PPS-DEV-165,v7,0,0,TN,1,markdown_code_fence,stop,지방자치단체를 당사자로 하는 계약에 관한 법률 시행령 제20조제1항제6호 및 지방자치단체 입찰 및 계약 집행기준,,"330,000,000","입찰추정가격 36,363,636원, 지역제한여부 N","본 공고의 입찰추정가격은 36,363,636원으로, 지방자치단체 일반용역의 지역제한 기준 금액(고시금액 또는 3.3억원 등)에 해당하며, 지역제한을 설정하지 않았으므로(지역제한여부 N) 법령 위반 사항이 없음.",False,,15679,182
PPS-DEV-166,v4,0,0,TN,0,markdown_code_fence;threshold_not_number_or_null,stop,지방자치단체를 당사자로 하는 계약에 관한 법률 시행령 제20조제1항제3호,"230,000,000원","81,600,000원",지방자치단체를 당사자로 하는 계약에 관한 법률 시행령 제20조제1항제3호,"본 공고는 물품제조계약이며, 해당 물품의 추정가격은 81,600,000원이다. 지방계약법령상 특수한 설비 또는 기술이 요구되는 물품제조계약의 경우, 해당 물품제조계약의 추정가격이 재정경제부장관이 정하여 고시한 금액(물품 및 용역의 경우 2억 3천만 원) 이상이어야 실적으로 제한할 수 있다. 현재 추정가격이 81,600,000원으로 고시금액인 2억 3천만 원 미만이므로, 실적 제한을 적용할 수 없는 대상이나, 본 공고는 지역제한(인천광역시) 외에 별도의 실적 제한을 명시하지 않았으므로 법령 위반 사항이 없다.",False,,8204,296
PPS-DEV-166,v5,0,0,TN,1,markdown_code_fence;threshold_not_number_or_null,stop,지방자치단체를 당사자로 하는 계약에 관한 법률 시행규칙 제24조 제2항,"500,000,000","81,600,000","입찰추정가격 81,600,000원, 지역제한(인천광역시) 적용","지방자치단체 계약에서 물품의 제조·구매 시 지역제한 기준 금액은 행정안전부장관이 고시한 금액(고시금액)을 기준으로 한다. 해당 공고의 추정가격(81,600,000원)은 지방자치단체 적용 고시금액(인천광역시 관할 군·구의 경우 5억 원) 미만이므로, 인천광역시로 지역제한을 설정한 것은 법령 위반 사항이 없다.",False,,8746,212
PPS-DEV-166,v6,0,0,TN,1,markdown_code_fence;threshold_not_number_or_null,stop,지방자치단체를 당사자로 하는 계약에 관한 법률 시행령 제20조제1항제6호 및 지방자치단체 입찰 및 계약 집행기준,500000000,81600000,"입찰추정가격 81,600,000원, 지역제한(인천광역시)","본 공고의 입찰추정가격은 81,600,000원으로, 지방자치단체 물품/용역의 지역제한 기준 금액인 5억 원(지방자치단체 입찰 및 계약 집행기준 기준) 미만에 해당하며, 인천광역시로 지역을 제한한 것은 법령상 적절함.",False,,10676,188
PPS-DEV-166,v7,0,0,TN,1,markdown_code_fence,stop,지방자치단체를 당사자로 하는 계약에 관한 법률 시행령 제20조제1항제6호 및 시행규칙 제24조,,"81,600,000","입찰추정가격 81,600,000원, 지역제한(인천광역시)","본 공고의 입찰추정가격은 81,600,000원으로, 지방자치단체 계약에서 지역제한(본점 소재지 제한)을 적용할 수 있는 기준 금액 범위 내에 있습니다. 관련 법령에 따라 추정가격이 행정안전부령으로 정하는 금액 미만인 경우 지역제한이 가능하며, 본 건은 물품(내자) 계약으로서 적법한 지역제한 범위 내에 있습니다.",False,,11229,205
PPS-DEV-167,v4,0,0,TN,0,markdown_code_fence;threshold_not_number_or_null,stop,지방자치단체를 당사자로 하는 계약에 관한 법률 시행령 제20조제1항제5호,"230,000,000원","42,300,000원","추정가격 42,300,000원","본 공고는 용역 계약으로, 지방자치단체 계약법령상 특수한 기술이 요구되는 용역의 경우 추정가격이 재정경제부장관이 정하여 고시한 금액(2억 3천만 원) 이상일 때 실적 제한이 가능합니다. 현재 추정가격은 42,300,000원으로 고시금액 미만이며, 실적 제한을 위한 자격 요건을 설정하지 않았으므로 법령 위반이 아닙니다.",True,,10930,206
PPS-DEV-167,v5,0,0,TN,1,markdown_code_fence;comparison_not_string,stop,지방자치단체를 당사자로 하는 계약에 관한 법률 시행규칙 제24조 제2호 나목,500000000,42300000,"마. 기초금액 : 46,530,000원(추정가격 42,300,000원, 부가세 4,230,000원)","본 공고의 추정가격은 42,300,000원으로, 지방자치단체 입찰 및 계약 집행기준에 따른 지역제한 대상인 일반용역 고시금액(5억원) 미만에 해당하므로 광주광역시로 지역제한을 설정한 것은 법령 위반이 아니다.",True,,11472,197
PPS-DEV-167,v6,0,0,TN,1,markdown_code_fence;comparison_not_string,stop,지방자치단체를 당사자로 하는 계약에 관한 법률 시행령 제30조제1항제2호 및 제26조제1항제5호가목제3호,42300000,42300000,"추정가격 42,300,000원 (기초금액 46,530,000원)","본 공고는 지방자치단체 수의계약으로, 추정가격이 2천만원 초과 1억원 이하인 용역 계약입니다. 지방계약법령 및 관련 지침에 따라 소기업 또는 소상공인을 대상으로 하는 수의계약 범위 내에 해당하며, 지역제한(광주광역시) 또한 적절하게 설정되어 법령 위반 사항이 없습니다.",False,,13402,208
PPS-DEV-167,v7,0,0,TN,1,markdown_code_fence,stop,지방자치단체를 당사자로 하는 계약에 관한 법률 시행령 제30조 및 지방자치단체 입찰 및 계약 집행기준,,"추정가격 42,300,000원(4.23천만원)","입찰공고의 지역제한 범위는 '광주광역시'로 설정되어 있음. 지방자치단체 입찰 및 계약 집행기준 제4장 제3절 1. 가.에 따르면, 수의계약(2인 이상 견적제출) 시 지역제한은 시·도 단위로 가능함. 또한, 본 공고는 추정가격이 2천만원 초과 1억원 이하인 소기업·소상공인 대상 계약임.","본 공고는 추정가격 42,300,000원으로, 지방자치단체 수의계약(2인 이상 견적제출) 대상이며, 지역제한 범위를 '광주광역시'로 설정한 것은 관련 법령 및 지침상 적절한 범위 내에 있음.",False,,13955,257
PPS-DEV-168,v4,0,0,TN,0,markdown_code_fence;threshold_not_number_or_null,stop,(계약예규) 물품구매(제조)입찰유의서 제3조의2 및 (정부 입찰·계약 집행기준) 제2장 제5조,"230,000,000","18,160,000","추정가격 18,160,000원 (물품)","해당 공고는 물품(내자) 계약으로, 추정가격이 18,160,000원이다. (계약예규) 물품구매(제조)입찰유의서 및 (정부 입찰·계약 집행기준)에 따르면, 추정가격이 고시금액(물품 및 용역 2억 3천만 원) 미만인 제조 또는 용역계약의 경우에는 실적으로 경쟁참가자의 자격을 제한하여서는 안 된다. 본 공고는 지역제한(부산광역시)을 설정하고 있으나, 실적에 의한 자격 제한을 포함하고 있지 않으므로 법령 위반에 해당하지 않는다.",False,,8757,268
PPS-DEV-168,v5,0,0,TN,1,markdown_code_fence;comparison_not_string,stop,국가를 당사자로 하는 계약에 관한 법률 시행령 제21조제1항제6호 및 시행규칙 제24조제2항,230000000,18160000,"추정가격 18,160,000원 (입찰추정가격 기준)","국가계약법 적용 대상인 물품 계약에서 지역제한을 위한 기준 금액(고시금액)은 2억 3천만 원이다. 본 공고의 추정가격은 18,160,000원으로 고시금액 미만에 해당하므로, 부산광역시로 지역 제한을 설정한 것은 법령에 부합하며 위반 사항이 없다.",False,,9299,193
PPS-DEV-168,v6,0,0,TN,0,markdown_code_fence;comparison_not_string,stop,국가를 당사자로 하는 계약에 관한 법률 시행령 제26조제1항제5호가목2) 및 제30조제2항,20000000,18160000,추정가격 2천만원 이하 물품 또는 용역,"본 공고는 국가기관이 발주한 물품(내자) 수의계약 건으로, 추정가격이 18,160,000원으로 국가계약법 시행령 제26조제1항제5호가목2)에 따른 수의계약 범위(추정가격 2천만원 이하) 내에 해당하며, 지역제한(부산광역시) 또한 적절하게 설정되어 법령 위반 사항이 없음.",False,,11229,198
PPS-DEV-168,v7,0,0,TN,0,markdown_code_fence;comparison_not_string,stop,국가를 당사자로 하는 계약에 관한 법률 시행령 제26조제1항제5호가목2) 및 제30조제2항,20000000,18160000,추정가격 2천만원 이하인 물품의 제조ㆍ구매ㆍ임차계약 또는 용역계약,"본 공고는 국가계약법을 적용받는 수의계약(소액수의견적) 건으로, 추정가격이 18,160,000원이다. 관련 법령상 추정가격 2천만원 이하인 물품의 제조·구매·임차계약은 수의계약 대상이며, 지역제한(부산광역시) 설정 또한 적법하다.",False,,11782,197
PPS-DEV-169,v4,0,1,FP,1,markdown_code_fence;comparison_not_string,stop,지방자치단체를 당사자로 하는 계약에 관한 법률 시행령 제20조제1항제5호 및 지방자치단체 입찰 및 계약집행기준 제4장 제1절,230000000,200000000,"단독계약실적 200,000천원 이상의 건만 인정","지방계약법령 및 관련 예규에 따라 용역 실적 제한 시, 해당 용역의 추정가격이 고시금액(2억 3천만 원) 이상인 경우에만 실적 제한이 가능함. 본 공고의 입찰추정가격은 809,090,909원으로 고시금액 이상이나, 실적 제한 기준인 '단독계약실적 200,000천원 이상'은 추정가격의 1배 이내(809,090,909원) 범위 내에 있으나, 계약담당공무원은 계약의 특성 및 난이도를 고려하여 실적 규모를 정할 때 고시금액을 기준으로 판단해야 함. 또한, 특정 금액(2억 원)을 기준으로 단독 계약 실적을 제한하는 것은 실적의 규모나 양을 기준으로 하는 원칙보다 금액 제한을 우선시한 것으로 보이며, 고시금액(2.3억) 미만 기준을 적용한 것으로 판단될 소지가 있음.",True,,14381,346
PPS-DEV-169,v5,0,1,FP,1,markdown_code_fence;comparison_not_string,stop,지방자치단체를 당사자로 하는 계약에 관한 법률 시행령 제20조제1항제6호 및 지방자치단체 입찰 및 계약집행기준 제4장 제2절,500000000,809090909,"입찰추정가격 809,090,909원","지방자치단체 계약에서 용역의 경우 지역제한을 적용할 수 있는 기준 금액은 행정안전부 고시금액(5억원) 미만이어야 하나, 본 공고의 입찰추정가격은 809,090,909원으로 고시금액인 5억원을 초과하므로 지역제한을 적용할 수 없는 금액대임에도 불구하고 지역제한(광주광역시)을 적용한 것으로 판단됨.",False,,14923,215
PPS-DEV-169,v6,0,0,TN,1,markdown_code_fence;comparison_not_string,stop,지방자치단체를 당사자로 하는 계약에 관한 법률 시행령 제20조제1항제6호 및 지방자치단체 입찰 및 계약집행기준,500000000,809090909,"입찰추정가격 809,090,909원","본 공고의 입찰추정가격은 809,090,909원으로, 지방자치단체 입찰 및 계약집행기준상 일반용역의 지역제한 기준 금액인 5억 원(행정안전부 고시 금액)을 초과한다. 따라서 지역제한을 적용할 수 없는 금액 구간임에도 불구하고, 입찰참가자격(업종제한 등) 외에 별도의 지역제한을 두지 않았으므로 법령 위반 사항이 없다.",False,,16853,218
PPS-DEV-169,v7,0,0,TN,1,markdown_code_fence,stop,지방자치단체를 당사자로 하는 계약에 관한 법률 시행령 제20조제1항제6호 및 지방자치단체 입찰 및 계약 집행기준,,"809,090,909원(추정가격) > 500,000,000원(고시금액)","입찰추정가격 809,090,909원, 지역제한여부 N, 지역제한 없음","본 공고는 추정가격이 약 8.1억원으로, 지방자치단체 일반용역의 지역제한 고시금액 기준(5억원)을 초과하여 지역제한을 적용할 수 없는 대상이나, 메타데이터상 지역제한여부가 'N'으로 되어 있어 법령 위반 사항이 발견되지 않음.",False,,17406,213
PPS-DEV-170,v4,0,1,FP,1,markdown_code_fence;comparison_not_string,stop,[정부 입찰·계약 집행기준] 제2장 제5조제1항,147905232,10000000,가. 입찰 금액의 100% 이상 (최근 1년),"본 공고의 추정가격은 147,905,232원이나, 실적 제한 기준을 '입찰 금액의 100% 이상'으로 설정하고 있음. [정부 입찰·계약 집행기준] 제2장 제5조제1항에 따르면 제조 또는 용역의 경우 추정가격이 고시금액(2억 3천만 원) 미만인 경우 실적으로 경쟁참가자의 자격을 제한할 수 없으며, 설령 제한하더라도 추정가격의 1배 이내여야 함. 또한, 해당 공고의 추정가격(약 1.47억)이 고시금액(2.3억) 미만이므로 실적 제한을 통한 자격 제한이 금지됨.",False,,13467,261
PPS-DEV-170,v5,0,0,TN,1,markdown_code_fence,stop,지방자치단체 입찰 및 계약 집행기준 제4장 제한입찰 운영요령 제2절,500000000,147905232,"추정가격 147,905,232원","본 공고는 국가기관(법무부) 소관의 물품 구매 계약으로, 지방자치단체 입찰 및 계약 집행기준의 지역제한 기준(물품/용역의 경우 5억원 미만 시 시·군·구 단위 제한 가능 등)을 적용받는 대상이 아니며, 국가계약법상 추정가격이 고시금액(2억 3천만 원) 미만이므로 지역제한 및 중복제한 금지 원칙을 위반하지 않음. 또한, 지역제한(강원특별자치도)과 중소기업/소기업 제한을 중복 적용한 것으로 보이나, 이는 법령상 금지된 '중복 제한'의 위반 사항이 아닌 단순 자격 제한의 구성임.",False,,14009,256
PPS-DEV-170,v6,0,0,TN,1,markdown_code_fence;comparison_not_string,stop,국가를 당사자로 하는 계약에 관한 법률 시행령 제21조제1항제6호 및 시행규칙 제24조제2항제2호,230000000,147905232,"입찰추정가격 147,905,232원","본 공고는 국가계약법을 적용받는 물품 구매 계약으로, 지역제한을 위한 기준 금액은 물품 및 용역의 경우 고시금액(2억 3천만 원) 미만인 경우에 해당한다. 입찰추정가격(147,905,232원)이 고시금액(230,000,000원) 미만이므로 지역제한 설정은 법령상 위반 사항이 없다.",False,,15939,214
PPS-DEV-170,v7,0,0,TN,1,markdown_code_fence;comparison_not_string,stop,국가를 당사자로 하는 계약에 관한 법률 시행령 제21조 제1항 제6호,147905232,147905232,"입찰추정가격 147,905,232원","본 공고는 국가계약법을 적용받는 물품 구매 입찰로, 입찰추정가격이 147,905,232원이다. 국가계약법 시행령 제21조 제1항 제6호 및 관련 규정에 따르면, 추정가격이 재정경제부장관이 정하는 고시금액(물품 및 용역의 경우 2억 3천만 원) 미만인 경우 지역제한 입찰이 가능하다. 본 건의 추정가격은 고시금액인 230,000,000원 미만이므로 법령상 지역제한(강원특별자치도) 설정에 위반 사항이 없다.",False,,16492,248
PPS-DEV-171,v4,0,0,TN,1,markdown_code_fence;comparison_not_string,stop,(계약예규) 정부 입찰·계약 집행기준 제2장 제5조제1항,230000000,100000000,"최근 5년 이내 국가, 지방자치단체, 공공기관 또는 민간기업에서 발주한 단일건 계약금액 1억원(VAT포함) 이상의 유사 콘텐츠·교육 영상 제작 용역을 수행 완료한 실적","용역 실적 제한 시 추정가격이 고시금액(2억 3천만 원) 이상인 경우, 실적 규모는 추정가격의 1배 이내로 제한할 수 있다. 본 건의 입찰추정가격은 205,454,545원으로 고시금액인 230,000,000원 미만이다. 다만, (계약예규) 정부 입찰·계약 집행기준 제2장 제5조제1항에 따르면 추정가격이 고시금액 미만인 제조 또는 용역계약의 경우에는 실적으로 경쟁참가자의 자격을 제한할 수 없으나, 본 공고는 '제한경쟁' 방식으로 진행 중이며 실적 기준을 1억 원으로 설정하고 있다. 하지만 고시금액 미만 계약에서 실적 제한을 두는 것 자체가 법령 위반은 아니며, 제시된 1억 원은 추정가격(약 2.05억)의 1배 이내에 해당하므로 위반으로 보기 어렵다.",True,,11819,366
PPS-DEV-171,v5,0,0,TN,1,markdown_code_fence;comparison_not_string,stop,국가를 당사자로 하는 계약에 관한 법률 시행령 제21조제1항제6호 및 시행규칙 제24조제2항,230000000,205454545,"입찰추정가격 205,454,545원","본 공고는 국가계약법을 적용받는 일반용역 건으로, 추정가격(205,454,545원)이 재정경제부장관이 고시한 금액(물품 및 용역의 경우 2억 3천만 원) 미만인 경우에 해당한다. 따라서 지역제한 등 입찰 참가 자격을 제한하는 데 법적 위반 사항이 없다.",False,,12361,195
PPS-DEV-171,v6,0,0,TN,1,markdown_code_fence;comparison_not_string,stop,국가를 당사자로 하는 계약에 관한 법률 시행령 제21조제1항제6호 및 시행규칙 제24조제2항,230000000,205454545,"입찰추정가격 205,454,545원","본 공고의 입찰추정가격은 205,454,545원이다. 국가계약법 시행규칙 제24조제2항제2호에 따르면 용역의 경우 고시금액(물품 및 용역 2억 3천만 원)을 기준으로 제한을 두는데, 본 건의 추정가격은 고시금액인 230,000,000원 미만이므로 지역제한 입찰이 가능하며, 법령 위반 사항이 발견되지 않는다.",False,,14291,223
PPS-DEV-171,v7,0,0,TN,1,markdown_code_fence;comparison_not_string,stop,국가를 당사자로 하는 계약에 관한 법률 시행령 제21조제1항제6호 및 동법 시행규칙 제24조제2항,230000000,205454545,"입찰추정가격 205,454,545원","본 공고의 입찰추정가격은 205,454,545원이며, 이는 국가계약법상 물품 및 용역의 고시금액(2억 3천만 원) 미만에 해당하므로 지역제한 및 자격 제한의 기준 금액 범위 내에 있어 법령 위반 사항이 없음.",False,,14844,181
PPS-DEV-172,v4,0,0,TN,0,markdown_code_fence;comparison_not_string,stop,(계약예규) 정부 입찰·계약 집행기준 제2장 제5조제1항,230000000,28600000,"입찰추정가격 28,600,000원","해당 공고는 물품(내자) 계약으로, 추정가격이 고시금액(물품 및 용역 2억 3천만 원) 미만인 경우 실적으로 입찰참가자격을 제한할 수 없으나, 본 공고의 메타데이터상 별도의 실적 제한 조건이 명시되어 있지 않으므로 법령 위반 사항이 없음.",False,,7281,175
PPS-DEV-172,v5,0,0,TN,1,markdown_code_fence;threshold_not_number_or_null,stop,국가를 당사자로 하는 계약에 관한 법률 시행령 제21조제1항제6호 및 시행규칙 제24조제2항,"230,000,000원","28,600,000원","입찰추정가격 28,600,000원","본 공고는 국가계약법을 적용받는 공기업의 물품 구매 건으로, 추정가격이 고시금액(2억 3천만 원) 미만입니다. 지역제한 입찰의 기준이 되는 고시금액 미만 계약에 해당하므로 법령 위반 사항이 없습니다.",False,,7823,176
PPS-DEV-172,v6,0,0,TN,1,markdown_code_fence;comparison_not_string,stop,국가를 당사자로 하는 계약에 관한 법률 시행령 제26조제1항제5호가목3),20000000,28600000,조항호내용: 추정가격 2천만원 초과 1억원 이하 물품·용역(여성기업.장애인기업.사회적기업.사회적협동조합.자활기업.마을기업),"본 공고는 추정가격 28,600,000원으로, 국가계약법 시행령 제26조제1항제5호가목3)에 따른 '추정가격 2천만원 초과 1억원 이하인 계약으로서 소기업 또는 소상공인과 체결하는 물품의 제조·구매·임차계약' 범위에 해당하며, 해당 조항에 따른 수의계약 요건을 충족하므로 법령 위반이 아님.",False,,9753,239
PPS-DEV-172,v7,0,0,TN,0,markdown_code_fence;comparison_not_string,stop,국가를 당사자로 하는 계약에 관한 법률 시행령 제26조제1항제5호가목5),100000000,28600000,조항호내용: 추정가격 2천만원 초과 1억원 이하 물품·용역(여성기업.장애인기업.사회적기업.사회적협동조합.자활기업.마을기업),"본 공고는 추정가격 28,600,000원으로, 국가계약법 시행령 제26조제1항제5호가목5)에 따른 수의계약 대상(추정가격 2천만원 초과 1억원 이하)에 해당하며, 여성기업·장애인기업 등 특정 자격을 요건으로 하는 적법한 수의계약 공고임.",False,,10306,221
PPS-DEV-173,v4,0,0,TN,1,markdown_code_fence;comparison_not_string,stop,(계약예규) 정부 입찰·계약 집행기준 제2장 제5조제1항,227000000,86287273,"추정가격 86,287,273원 (입찰추정가격 기준)","해당 공고는 용역 계약이며, 추정가격이 86,287,273원으로 재정경제부장관이 고시한 금액(물품 및 용역: 2억 3천만 원) 미만입니다. (계약예규) 정부 입찰·계약 집행기준 제5조제1항에 따라, 추정가격이 고시금액 미만인 용역계약의 경우에는 실적으로 경쟁참가자의 자격을 제한할 수 없으나, 본 공고의 메타데이터상 '조항호내용'에 '소기업, 소상공인 제한'이 명시되어 있고 실적 제한에 대한 직접적인 위반 사항(금액 기준 미달 시 실적 제한 금지 위반 등)이 추출된 텍스트 내에 명시되지 않았으므로 위반으로 판단할 근거가 없습니다.",False,,11734,289
PPS-DEV-173,v5,0,0,TN,1,markdown_code_fence;comparison_not_string,stop,국가를 당사자로 하는 계약에 관한 법률 시행령 제21조제1항제6호 및 시행규칙 제24조제2항,230000000,86287273,"입찰추정가격 86,287,273원","본 공고는 국가계약법을 적용받는 일반용역이며, 추정가격이 86,287,273원으로 물품 및 용역의 고시금액(2억 3천만 원) 미만이다. 따라서 지역제한(지역제한여부 'N'으로 설정됨) 및 중소기업/소상공인 제한(조항호내용)은 법령상 허용되는 범위 내의 제한이며, 고시금액 미만 계약으로서 국제입찰 대상이 아니므로 위반 사항이 없다.",False,,12276,224
PPS-DEV-173,v6,0,0,TN,0,markdown_code_fence;comparison_not_string,stop,국가를 당사자로 하는 계약에 관한 법률 시행령 제21조제1항제6호 및 시행규칙 제24조제2항,200000000,86287273,"입찰추정가격 86,287,273원","본 공고의 입찰추정가격은 86,287,273원이다. 국가계약법 시행규칙 제24조제2항에 따르면 용역의 경우 고시금액(2억 3천만 원) 미만인 경우 지역제한을 할 수 있으나, 해당 공고는 '지역제한여부: N'으로 설정되어 있어 지역제한을 적용하지 않았으므로 법령 위반 사항이 없다.",False,,14206,204
PPS-DEV-173,v7,0,0,TN,0,markdown_code_fence;comparison_not_string,stop,[국가를 당사자로 하는 계약에 관한 법률 시행령] 제26조제1항제5호가목3),100000000,86287273,"조항호내용: [판로지원법 시행령] 소기업,소상공인제한, 배정예산금액: 94916000, 입찰추정가격: 86287273","본 공고는 소기업 또는 소상공인 제한을 적용하고 있습니다. 관련 법령인 국가계약법 시행령 제26조제1항제5호가목3)에 따르면, 추정가격이 2천만원 초과 1억원 이하인 계약으로서 소기업 또는 소상공인과 체결하는 용역계약의 경우 수의계약 대상에 해당합니다. 본 건의 입찰추정가격은 86,287,273원으로 해당 범위(2천만원 초과 1억원 이하) 내에 있으므로 법령 위반 사항이 발견되지 않았습니다.",False,,14759,270
PPS-DEV-174,v4,0,0,TN,0,markdown_code_fence,stop,[국가를 당사자로 하는 계약에 관한 법률 시행령] 제21조제1항제3호 및 [정부 입찰·계약 집행기준] 제2장 제5조제1항,230000000,38445455,"입찰추정가격 38,445,455원 (물품/내자)","본 공고는 물품 구매 입찰로, 추정가격이 38,445,455원이다. 관련 법령 및 고시금액에 따르면 물품 및 용역의 경우 고시금액(2억 3천만 원) 이상일 때 특수한 설비 또는 기술을 요구하는 제조/용역 실적 등으로 제한이 가능하나, 본 건은 고시금액 미만인 저액 계약이다. 현재 공고문상에는 실적 제한을 부과하고 있지 않으며, 설령 실적 제한을 하더라도 추정가격이 고시금액 미만이므로 실적으로 자격을 제한하는 것은 법령 위반 소지가 있으나, 현재 제시된 입찰자격(소기업·소상공인 및 지역제한)은 법령 위반에 해당하지 않는다.",False,,10325,300
PPS-DEV-174,v5,0,0,TN,1,markdown_code_fence;output_keys_differ;threshold_not_number_or_null,stop,국가를 당사자로 하는 계약에 관한 법률 시행령 제21조제1항제6호 및 시행규칙 제24조제2항,"230,000,000","38,445,455","입찰추정가격 38,445,455원, 물품 및 용역 고시금액 2억 3천만 원","본 공고는 국가계약법을 적용받는 물품 구매 입찰로, 지역제한(전북특별자치도)을 설정하고 있다. 관련 법령상 물품 및 용역의 경우 고시금액(2억 3천만 원) 미만인 경우 지역제한이 가능하다. 본 건의 추정가격은 38,445,455원으로 고시금액인 230,000,000원 미만이므로 지역제한 설정은 적법하다.",False,,10867,246
PPS-DEV-174,v6,0,0,TN,0,markdown_code_fence;comparison_not_string,stop,국가를 당사자로 하는 계약에 관한 법률 시행규칙 제24조제2항제2호,230000000,38445455,"국가계약법 적용 물품 구매 입찰로서 추정가격은 38,445,455원임. 관련 법령에 따라 물품의 경우 고시금액(2억 3천만 원) 미만인 경우 지역제한이 가능함.","본 공고는 국가계약법을 적용받는 물품 구매 건으로, 추정가격(38,445,455원)이 물품 및 용역의 고시금액 기준인 2억 3천만 원 미만에 해당하므로, 전북특별자치도로 지역을 제한한 것은 법령 위반이 아님.",False,,12797,215
PPS-DEV-174,v7,0,0,TN,0,markdown_code_fence;comparison_not_string,stop,국가를 당사자로 하는 계약에 관한 법률 시행령 제21조제1항제6호 및 시행규칙 제24조제2항,230000000,38445455,"입찰추정가격 38,445,455원 (국가계약법 적용)","본 공고는 국가계약법을 적용받는 물품 구매 입찰로, 지역제한(전북특별자치도)을 설정하였다. 국가계약법 시행령 제21조제1항제6호 및 시행규칙 제24조제2항에 따르면, 물품의 경우 고시금액(2억 3천만 원) 미만인 경우 지역제한이 가능하며, 본 건의 추정가격(38,445,455원)은 해당 기준 금액 미만이므로 법령 위반 사항이 없다.",False,,13350,233
PPS-DEV-175,v4,0,1,FP,1,markdown_code_fence;comparison_not_string,stop,지방자치단체를 당사자로 하는 계약에 관한 법률 시행령 제20조제1항제5호 및 (계약예규) 지방자치단체 입찰 및 계약 집행기준 제4장 제1절,230000000,90000000,"특별신인도 | 최근 5년간 당해 용역과 동일한 용역의 이행실적 o 인정범위:“공고문 3.가”의 해당분야 완성(준공)된 용역이행실적 o 기준금액: 금99,000,000원(부가가치세 포함)","지방자치단체 용역 계약에서 특수한 기술이 요구되는 용역의 경우, 실적 제한을 하려면 해당 용역의 추정가격이 재정경제부장관이 정하여 고시하는 금액(물품 및 용역의 경우 2억 3천만 원) 이상이어야 합니다. 본 공고의 추정가격은 90,000,000원으로 고시금액인 230,000,000원 미만이므로, 특수한 기술을 요하는 용역 실적으로 입찰 참가 자격을 제한할 수 없습니다.",True,,16588,304
PPS-DEV-175,v5,0,0,TN,1,markdown_code_fence;comparison_not_string,stop,지방자치단체를 당사자로 하는 계약에 관한 법률 시행규칙 제24조 제2호 나목,500000000,90000000,"입찰추정가격 90,000,000원 (추정가격 90,000,000원)","본 공고는 지방자치단체 계약으로, 지역제한(대전광역시)을 적용하고 있습니다. 지방계약법 시행규칙 제24조 제2호 나목에 따라 물품·용역의 경우 고시금액(5억 원) 미만인 경우 지역제한이 가능합니다. 해당 공고의 추정가격은 9천만 원으로 기준금액인 5억 원 미만에 해당하므로 법령 위반이 아닙니다.",False,,17130,211
PPS-DEV-175,v6,0,0,TN,0,markdown_code_fence,stop,지방자치단체를 당사자로 하는 계약에 관한 법률 시행령 제20조제1항제6호 및 지방자치단체 입찰 및 계약 집행기준,15000000000,90000000,"추정가격 90,000,000원","본 공고는 지방자치단체가 체결하는 일반용역 계약으로, 지역제한 입찰의 기준이 되는 추정가격이 9천만 원이다. 지방자치단체 입찰 및 계약 집행기준에 따르면 일반용역의 경우 행정안전부장관이 고시한 금액(고시금액) 미만일 때 지역제한이 가능하다. 해당 공고의 추정가격(9천만 원)은 지역제한 대상 금액 범위 내에 있으며, 대전광역시로 제한한 것은 법령상 적절하다.",True,,19060,223
PPS-DEV-175,v7,0,0,TN,0,markdown_code_fence,stop,지방자치단체를 당사자로 하는 계약에 관한 법률 시행규칙 제24조 및 제25조,,"90,000,000원 < 330,000,000원","추정가격 90,000,000원, 지역제한 대전광역시","본 공고의 추정가격은 90,000,000원으로, 지방자치단체 입찰 및 계약 집행기준에 따른 지역제한 범위(일반용역의 경우 행정안전부장관이 고시한 금액 미만) 내에 있으며, 지역제한 범위인 대전광역시에 대한 제한은 법령상 위반 사항이 없음.",False,,19613,191
PPS-DEV-176,v4,0,0,TN,0,markdown_code_fence;threshold_not_number_or_null,stop,지방자치단체를 당사자로 하는 계약에 관한 법률 시행령 제20조제1항제3호,"230,000,000","620,000,000","입찰추정가격 620,000,000원","지방자치단체 계약에서 특수한 설비 또는 기술이 요구되는 물품제조계약의 경우, 해당 물품제조계약의 추정가격이 재정경제부장관이 고시하는 금액(물품 및 용역의 경우 2억 3천만 원) 이상이어야 실적으로 제한할 수 있습니다. 본 건의 추정가격은 6억 2천만 원으로 고시금액 이상에 해당하여 실적 제한이 가능하나, 현재 공고문상에는 실적 제한에 관한 구체적인 제한 사항이 명시되어 있지 않으므로 법령 위반으로 판단할 수 없습니다.",False,,11032,237
PPS-DEV-176,v5,0,0,TN,1,markdown_code_fence;comparison_not_string,stop,지방자치단체를 당사자로 하는 계약에 관한 법률 시행령 제20조제1항제6호 및 시행규칙 제24조제2호나목,500000000,620000000,"입찰추정가격 620,000,000원 (배정예산금액 620,000,000원)","본 공고는 지방계약법을 적용받는 물품(내자) 구매 건으로, 지역제한 입찰 대상 여부를 판단하기 위한 기준 금액은 지방자치단체(법 제5조제1항 적용)의 경우 5억 원입니다. 현재 입찰추정가격이 6억 2천만 원으로 기준 금액인 5억 원을 초과하므로, 지역제한(본점 소재지 제한)을 적용할 수 없는 대상입니다. 다만, 제공된 데이터상 지역제한 여부는 'N'으로 되어 있으며, 입찰참가자격에 지역 제한에 대한 명시적 제한이 없으므로 법령 위반에 해당하지 않습니다.",False,,11574,278
PPS-DEV-176,v6,0,0,TN,1,markdown_code_fence,stop,지방자치단체를 당사자로 하는 계약에 관한 법률 시행령 제20조제1항제6호 및 관련 규정,500000000,620000000,"입찰추정가격 620,000,000원","본 공고는 지역제한 입찰을 실시하고 있으나, 지방계약법령상 지역제한(본점 소재지 제한)을 적용할 수 있는 기준 금액(물품의 경우 행정안전부장관이 고시한 금액 미만)을 초과함. 지방자치단체 입찰 및 계약 집행기준에 따르면 물품의 경우 고시금액 미만 시 지역제한이 가능하나, 본 건의 추정가격은 6.2억 원으로 고시금액(5억 원)을 초과하므로 지역제한을 적용할 수 없는 대상임.",False,,13504,230
PPS-DEV-176,v7,0,0,TN,1,markdown_code_fence;comparison_not_string,stop,지방자치단체를 당사자로 하는 계약에 관한 법률 시행령 제20조제1항제6호 및 시행규칙 제24조,500000000,620000000,"입찰추정가격 620,000,000원","지방계약법령상 물품의 제조·구매 등 일반적인 경우 지역제한을 할 수 있는 금액 기준은 행정안전부장관이 고시한 금액(5억원) 미만이어야 하나, 본 공고의 추정가격은 6.2억원으로 기준 금액을 초과함. 다만, 본 공고는 '지역제한여부: N'으로 명시되어 있어 지역제한을 적용하지 않았으므로 법령 위반에 해당하지 않음.",False,,14057,211
PPS-DEV-177,v4,0,0,TN,0,markdown_code_fence;comparison_not_string,stop,(구)정부 입찰·계약 집행기준 제2장 제5조제1항 및 제4장 제1절,230000000,99981818,"입찰추정가격 99,981,818원 (물품 및 용역 고시금액 2억 3천만 원 미만)","해당 용역의 추정가격(99,981,818원)이 고시금액(230,000,000원) 미만이므로, 실적을 통한 입찰참가자격 제한을 할 수 없는 대상임. 따라서 실적 제한을 두지 않은 것은 법령 위반이 아님.",False,,8244,195
PPS-DEV-177,v5,0,0,TN,1,markdown_code_fence;output_keys_differ;comparison_not_string,stop,국가를 당사자로 하는 계약에 관한 법률 시행령 제21조제1항제6호 및 시행규칙 제24조제2항,710000000,99981818,"입찰추정가격 99,981,818원, 공고명 '공기업 외국인 관광객 전통시장 방문 연계 홍보 용역(제한경쟁·1억원미만)'","해당 공고는 국가계약법을 적용받는 준정부기관의 용역 계약으로, 관련 법령상 물품 및 용역의 고시금액(재정경제부장관 고시금액)은 7억 1천만 원이다. 본 건의 추정가격은 99,981,818원으로 고시금액 미만에 해당하므로 지역제한 등 제한경쟁 입찰이 가능하다. 따라서 법령 위반 사항이 없다.",False,,8786,247
PPS-DEV-177,v6,0,0,TN,1,markdown_code_fence;comparison_not_string,stop,국가를 당사자로 하는 계약에 관한 법률 시행령 제21조제1항제6호 및 시행규칙 제24조제2항,230000000,99981818,"입찰추정가격 99,981,818원","본 공고는 국가계약법을 적용받는 일반용역으로, 추정가격이 99,981,818원이다. 국가계약법 시행규칙 제24조제2항에 따라 물품·용역의 경우 고시금액(2억 3천만 원) 미만인 계약에 해당하며, 지역제한을 적용할 수 있는 범위 내에 있다. 따라서 법령 위반 사항이 없다.",False,,10716,201
PPS-DEV-177,v7,0,0,TN,1,markdown_code_fence;comparison_not_string,stop,국가를 당사자로 하는 계약에 관한 법률 시행령 제21조제1항제6호 및 시행규칙 제24조제2항제2호,230000000,99981818,"입찰추정가격 99,981,818원","본 공고는 국가계약법을 적용받는 일반용역 건으로, 추정가격이 99,981,818원이다. 국가계약법 시행령 제21조제1항제6호 및 시행규칙 제24조제2항제2호에 따르면 물품의 제조·구매 및 용역의 경우 재정경제부장관이 고시하는 금액(2억 3천만 원) 미만인 경우 지역제한이 가능하다. 본 건의 추정가격은 고시금액인 2억 3천만 원 미만이므로 지역제한 설정이 적법하다.",False,,11269,244
PPS-DEV-178,v4,0,1,FP,1,markdown_code_fence;comparison_not_string,stop,(계약예규) 정부 입찰·계약 집행기준 제2장 제5조제1항,1189020000,849558341,"품 목(세부품명번호) 추정가격(기준비율) 전기히트펌프(4010180601) 849,558,341원(71.5%)","제조 또는 용역의 경우 실적 제한은 계약목적물의 3분의 1배 이내에서 요구하는 것이 원칙이나, 계약담당공무원이 필요하다고 인정하는 경우 최대 1배까지 요구할 수 있다. 본 공고는 추정가격 1,189,020,000원에 대하여 특정 품목의 실적을 849,558,341원(약 71.5%)으로 제한하고 있다. 이는 고시금액(물품 및 용역 2억 3천만 원 또는 공기업 기준 7억 1천만 원) 이상인 계약으로서 실적 제한이 가능한 범위 내에 있으나, 계약예규상 '3분의 1배 이내' 원칙을 초과하여 설정한 것에 대한 구체적인 사유(난이도, 규모 등)가 명시되지 않았으며, 통상적인 1/3 배를 초과하는 과도한 실적 제한으로 판단될 소지가 있다.",False,,9979,350
PPS-DEV-178,v5,0,0,TN,1,markdown_code_fence;comparison_not_string,stop,국가를 당사자로 하는 계약에 관한 법률 시행령 제21조제1항제6호 및 시행규칙 제24조제2항제2호,710000000,1189020000,"입찰추정가격 1,189,020,000원","본 공고는 국가계약법을 적용받는 물품(내자) 계약으로, 추정가격이 1,189,020,000원이다. 관련 법령(국가계약법 시행규칙 제24조제2항제2호)에 따르면 물품의 제조·구매 시 고시금액(7억 1천만 원)을 기준으로 제한이 가능하나, 본 건은 지역제한 여부가 'N'으로 설정되어 있어 지역제한을 통한 입찰참가자격 제한을 수행하지 않았으므로 법령 위반 사항이 없다.",False,,10521,243
PPS-DEV-178,v6,0,0,TN,1,markdown_code_fence;comparison_not_string,stop,국가를 당사자로 하는 계약에 관한 법률 시행령 제26조제1항제5호가목,1189020000,849558341,"품 목(세부품명번호) 추정가격(기준비율) 전기히트펌프(4010180601) 849,558,341원(71.5%)","본 공고의 입찰추정가격은 1,189,020,000원으로, 납품실적 평가를 위한 기준 금액(849,558,341원)이 추정가격의 약 71.5%로 설정되어 있다. 이는 수의계약 범위(추정가격 2천만원 초과 1억원 이하 등)와는 무관한 일반경쟁 입찰의 적격심사 기준이며, 제공된 법령상 추정가격에 따른 실적 제한 규정을 위반한 것으로 보이지 않는다.",False,,12451,258
PPS-DEV-178,v7,0,0,TN,1,markdown_code_fence;comparison_not_string,stop,국가를 당사자로 하는 계약에 관한 법률 시행령 제21조제1항제6호 및 시행규칙 제24조제2항,1189020000,230000000,"입찰추정가격 1,189,020,000원","본 공고는 국가계약법을 적용받는 물품(내자) 계약으로, 입찰참가자격 제한(지역제한 등) 여부를 판단할 때 추정가격이 1,189,020,000원인 경우, 국가계약법 시행규칙 제24조제2항에 따라 물품의 경우 고시금액(2억 3천만 원)을 기준으로 제한할 수 있으나, 현재 공고상 '지역제한여부: N'으로 설정되어 있어 법령 위반 사항이 발견되지 않음.",False,,13004,235
PPS-DEV-179,v4,0,0,TN,0,markdown_code_fence;threshold_not_number_or_null,stop,[국가를 당사자로 하는 계약에 관한 법률 시행령] 제21조제1항제5호 및 [(계약예규) 정부 입찰·계약 집행기준] 제2장 제5조제1항,"230,000,000","45,454,545","추정가격 45,454,545원 (입찰추정가격 기준)","본 공고는 용역 계약으로, 용역 실적을 통한 제한경쟁 입찰이 가능하나, 제공된 메타데이터상 실적 제한에 대한 구체적인 내용(실적 요구 범위 등)이 확인되지 않으며, 추정가격이 고시금액(2억 3천만 원) 미만이므로 실적으로 자격을 제한할 수 없는 대상이나, 현재 입력된 정보상으로는 실적 제한을 시도한 위반 사항이 발견되지 않음.",False,,5024,232
PPS-DEV-179,v5,0,0,TN,0,markdown_code_fence;comparison_not_string,stop,국가를 당사자로 하는 계약에 관한 법률 시행령 제21조제1항제6호 및 시행규칙 제24조제2항,230000000,45454545,"입찰추정가격 45,454,545원","본 공고는 국가기관이 주관하는 '일반용역'이며, 적용 법령인 국가계약법에 따른 국제입찰 대상 여부를 판단하는 고시금액(물품 및 용역 기준 2억 3천만 원) 미만인 계약입니다. 따라서 지역제한 등 참가자격 제한이 가능하나, 현재 공고 메타데이터상 '지역제한여부'가 'N'으로 되어 있고 별도의 지역 제한을 두지 않았으므로 법령 위반 사항이 없습니다.",False,,5566,214
PPS-DEV-179,v6,0,0,TN,0,markdown_code_fence;comparison_not_string,stop,국가를 당사자로 하는 계약에 관한 법률 시행령 제21조제1항제6호 및 시행규칙 제24조제2항제2호,230000000,45454545,"입찰추정가격 45,454,545원","본 공고는 국가기관이 발주하는 일반용역(국가계약법 적용)으로, 추정가격이 45,454,545원이다. 국가계약법 시행규칙 제24조제2항제2호에 따라 물품의 제조·구매 및 용역의 경우 제한 가능한 기준 금액은 재정경제부장관이 고시한 금액(2억 3천만 원)이다. 본 건의 추정가격은 고시금액인 2억 3천만 원 미만이므로 법령상 제한 사항에 위반되지 않는다.",False,,7496,235
PPS-DEV-179,v7,0,0,TN,0,markdown_code_fence;comparison_not_string,stop,국가를 당사자로 하는 계약에 관한 법률 시행령 제21조제1항제6호 및 시행규칙 제24조제2항제2호,230000000,45454545,"입찰추정가격: 45,454,545원","본 공고는 국가계약법을 적용받는 일반용역으로, 추정가격이 45,454,545원이다. 관련 법령(국가계약법 시행령 제21조제1항제6호 및 시행규칙 제24조제2항제2호)에 따르면 물품·용역의 경우 고시금액(2억 3천만 원) 미만인 계약에 해당하며, 지역제한 등 입찰참가자격 제한에 대한 위반 사항이 발견되지 않았다.",False,,8049,226
PPS-DEV-180,v4,0,0,TN,1,markdown_code_fence;comparison_not_string,stop,(구) 정부 입찰·계약 집행기준 제2장 제5조제1항 및 (현) 국가계약법령 관련 고시금액 기준,230000000,93545455,"입찰추정가격 93,545,455원","본 공고는 물품(내자) 계약으로, 추정가격이 고시금액(물품 및 용역 2억 3천만 원) 미만입니다. (계약예규) 정부 입찰·계약 집행기준 제2장 제5조제1항에 따르면, 추정가격이 고시금액 미만인 제조 또는 용역계약의 경우에는 실적으로 경쟁참가자의 자격을 제한하여서는 아니 됩니다. 현재 공고문상 별도의 실적 제한 규정이 명시되어 있지 않으므로 법령 위반에 해당하지 않습니다.",False,,9663,230
PPS-DEV-180,v5,0,0,TN,0,markdown_code_fence;comparison_not_string,stop,국가를 당사자로 하는 계약에 관한 법률 시행령 제21조제1항제6호 및 동법 시행규칙 제24조제2항,230000000,93545455,"입찰추정가격 93,545,455원","본 공고의 입찰추정가격은 93,545,455원으로, 국가계약법령상 물품 및 용역의 고시금액(2억 3천만 원) 미만에 해당합니다. 따라서 제한경쟁입찰(소기업, 소상공인 제한) 적용이 법령상 적절합니다.",False,,10205,180
PPS-DEV-180,v6,0,0,TN,0,markdown_code_fence;comparison_not_string,stop,국가를 당사자로 하는 계약에 관한 법률 시행령 제26조제1항제5호가목3),100000000,93545455,"[판로지원법 시행령] 소기업,소상공인제한","본 공고의 입찰추정가격은 93,545,455원으로, 국가계약법 시행령 제26조제1항제5호가목3)에 따른 소기업 또는 소상공인 대상 수의계약 범위(추정가격 2천만원 초과 1억원 이하)에 해당하며, 해당 조항에 따른 제한 사항 위반이 발견되지 않음.",False,,12135,185
PPS-DEV-180,v7,0,0,TN,0,markdown_code_fence;comparison_not_string,stop,[국가를 당사자로 하는 계약에 관한 법률 시행령] 제21조제1항제6호 및 [국가계약법 시행규칙] 제24조제2항,230000000,93545455,"입찰추정가격 93,545,455원","본 공고는 국가기관이 발주하는 물품 구매 입찰로, 적용 법령은 국가계약법이다. 국가계약법 시행규칙 제24조제2항에 따르면 물품의 제조·구매 등에서의 제한 금액 기준(고시금액)은 2억 3천만 원이다. 본 건의 입찰추정가격은 93,545,455원으로, 고시금액인 2억 3천만 원 미만에 해당하므로 법령상 제한 범위 내에 있으며, 지역제한(지역제한여부 N) 및 기타 자격 제한 사항에서 법령 위반 사항이 발견되지 않는다.",False,,12688,257
PPS-DEV-181,v4,0,1,FP,1,markdown_code_fence;comparison_not_string,stop,지방자치단체를 당사자로 하는 계약에 관한 법률 시행령 제20조제1항제5호 및 제4장 제한입찰 운영요령 제2절,230000000,47280000,"추정가격 47,280,000원 (입찰추정가격 기준)","지방자치단체 용역 계약에서 특수한 기술이 요구되는 용역의 실적을 기준으로 자격을 제한하려면, 해당 용역의 추정가격이 재정경제부장관이 정하여 고시한 금액(고시금액) 이상이어야 합니다. 제공된 고시금액에 따르면 물품 및 용역의 고시금액은 2억 3천만 원입니다. 본 공고의 추정가격은 47,280,000원으로 고시금액(230,000,000원) 미만임에도 불구하고, 실적 제한을 적용할 수 있는 대상에 해당하므로 법령 위반 소지가 있습니다.",False,,11130,263
PPS-DEV-181,v5,0,0,TN,1,markdown_code_fence;comparison_not_string,stop,지방자치단체를 당사자로 하는 계약에 관한 법률 시행규칙 제24조 제2항 나목,500000000,47280000,"입찰추정가격 47,280,000원 (지방자치단체 적용 고시금액 기준 5억원 미만 해당)","본 공고는 지방자치단체 계약으로, 지역제한을 적용하기 위한 추정가격 기준은 지방자치단체 입찰 및 계약 집행기준 및 관련 법령에 따라 물품·용역의 경우 5억 원(또는 행정안전부장관 고시금액)을 기준으로 합니다. 현재 추정가격은 47,280,000원으로, 지역제한 기준 금액인 5억 원 미만에 해당하므로 경상북도 지역으로 제한하는 것은 법령 위반이 아닙니다.",False,,11672,227
PPS-DEV-181,v6,0,0,TN,0,markdown_code_fence,stop,지방자치단체를 당사자로 하는 계약에 관한 법률 시행령 제20조제1항제6호 및 관련 규정,,"추정가격 47,280,000원 < 행정안전부령 기준 금액",참가자격 가. ... 법인등기부상 본점 ... 이 경상북도에 있는 업체,"본 공고는 지방자치단체 수의계약(소액수의견적)으로, 추정가격이 47,280,000원이다. 지방자치단체 입찰 및 계약 집행기준에 따르면 지역제한은 시·도 단위로 가능하며, 본 공고는 납품지(경북)를 기준으로 경상북도 내에 본점을 둔 업체로 제한하고 있다. 이는 법령상 허용되는 범위 내의 지역제한이며, 추정가격이 지역제한 기준 금액 미만이므로 위반 사항이 없다.",False,,13602,233
PPS-DEV-181,v7,0,0,TN,1,markdown_code_fence;comparison_not_string,stop,지방자치단체를 당사자로 하는 계약에 관한 법률 시행령 제30조제1항제2호 및 제5장 제3절 1. 가.,100000000,47280000,"추정가격 47,280,000원 (입찰추정가격 기준)","본 공고는 지방자치단체 수의계약(소액수의견적)으로, 추정가격이 1억원 이하인 용역 계약에 해당한다. 관련 법령 및 지침에 따르면 추정가격 1억원 이하의 용역 계약은 지정정보처리장치를 이용한 2인 이상 견적 제출 대상이며, 지역제한(경상북도)을 설정하는 것이 가능하다. 공고된 추정가격(47,280,000원)은 해당 기준 범위 내에 있으므로 법령 위반 사항이 없다.",False,,14155,231
PPS-DEV-182,v4,0,0,TN,0,markdown_code_fence;threshold_not_number_or_null,stop,지방자치단체를 당사자로 하는 계약에 관한 법률 시행령 제20조제1항제3호,"230,000,000","244,000,000",탈황제(4713189901)를 제조 물품으로 입찰참가 등록한 자,"본 공고는 물품 제조 계약으로, 지방계약법 시행령 제20조제1항제3호에 따라 해당 물품의 제조 실적 등으로 자격을 제한할 수 있으나, 이를 위해서는 추정가격이 재정경제부장관이 고시한 금액(물품 및 용역의 경우 2억 3천만 원) 이상이어야 합니다. 본 공고의 입찰추정가격은 244,000,000원으로 고시금액인 230,000,000원을 초과하므로, 제조 물품 등록 자격 제한은 법령상 적정한 기준입니다.",True,,7550,252
PPS-DEV-182,v5,0,0,TN,0,markdown_code_fence;comparison_not_string,stop,지방자치단체를 당사자로 하는 계약에 관한 법률 시행령 제20조제1항제6호 및 시행규칙 제24조제2호나목,500000000,244000000,"입찰추정가격 244,000,000원","본 공고는 지방자치단체 계약으로, 물품의 제조·구매를 목적으로 한다. 지방자치단체 계약법 시행규칙 제24조제2호나목에 따르면, 물품의 제조·구매 등은 법 제5조제1항을 적용받지 아니하는 지방자치단체의 경우 5억 원을 기준으로 한다. 본 건의 추정가격은 2억 4,400만 원으로 기준 금액인 5억 원 미만에 해당하므로, 지역제한 또는 자격 제한의 적정성 여부를 판단할 때 법령 위반 사항이 발견되지 않는다.",False,,8092,240
PPS-DEV-182,v6,0,0,TN,0,markdown_code_fence;comparison_not_string,stop,지방자치단체를 당사자로 하는 계약에 관한 법률 시행령 제20조제1항제6호 및 제24조,500000000,244000000,"입찰추정가격 244,000,000원","지방자치단체 계약에서 물품의 제조·구매 등은 추정가격이 행정안전부령으로 정하는 금액(5억원) 미만인 경우 지역제한이 가능하며, 본 건의 추정가격은 244,000,000원으로 해당 기준 미만임.",False,,10022,168
PPS-DEV-182,v7,0,0,TN,0,markdown_code_fence;comparison_not_string,stop,지방자치단체를 당사자로 하는 계약에 관한 법률 시행령 제20조제1항제6호 및 지방자치단체 입찰 및 계약 집행기준,500000000,244000000,"입찰추정가격 244,000,000원, 지역제한여부 N","본 공고는 물품(내자) 계약으로, 지방자치단체 입찰 및 계약 집행기준에 따른 지역제한 대상 금액(물품의 경우 행정안전부장관이 고시한 금액 미만 시 지역제한 가능)을 검토하였으나, 공고상 '지역제한여부: N'으로 명시되어 있으며, 추정가격이 2억 4,400만원으로 지역제한을 적용하지 않은 상태이므로 법령 위반 사항이 없음.",False,,10575,224
PPS-DEV-183,v4,0,0,TN,1,markdown_code_fence,stop,지방자치단체 입찰 및 계약 집행기준 제4장 제1절,225000000,68545455,"추정가격 68,545,455원 (입찰추정가격 기준)","본 공고는 소액수의견적(수의계약) 방식으로, 추정가격이 68,545,455원으로 고시금액(물품 및 용역 2억 3천만 원 또는 공기업/준정부기관 기준 7억 1천만 원) 미만입니다. [계약예규] 정부 입찰·계약 집행기준 제2장 제5조제1항에 따라, 추정가격이 고시금액 미만인 제조 또는 용역계약의 경우에는 실적으로 경쟁참가자의 자격을 제한하여서는 안 됩니다. 본 공고는 실적 제한을 요구하고 있지 않으므로 법령 위반에 해당하지 않습니다.",False,,12966,244
PPS-DEV-183,v5,0,0,TN,1,markdown_code_fence;comparison_not_string,stop,지방자치단체 입찰 및 계약 집행기준 제4장 제2절,330000000,75400000,"추정가격 68,545,455원 (입찰추정가격 기준)","본 공고는 지방계약법을 적용받는 용역 입찰로, 지역제한의 기준이 되는 고시금액(행정안전부장고시금액)은 3.3억 원(건설기술 용역 등) 또는 5억 원(일반 용역)입니다. 현재 추정가격은 약 6,854만 원으로, 지역제한 기준 금액인 3.3억 원(또는 5억 원) 미만에 해당하므로 지역제한(강원특별자치도) 설정은 법령 위반이 아닙니다.",False,,13508,219
PPS-DEV-183,v6,0,0,TN,1,markdown_code_fence;comparison_not_string,stop,지방자치단체를 당사자로 하는 계약에 관한 법률 시행령 제30조제1항 및 지방자치단체 입찰 및 계약집행기준,75400000,75400000,"추정가격 75,400,000원, 소액수의(총액, 전자)대상 용역, 강원특별자치도 지역제한","본 공고는 추정가격 75,400,000원인 일반용역(소액수의)으로, 지방자치단체 입찰 및 계약집행기준에 따라 지역제한(강원특별자치도) 및 소기업·소상공인 확인서 제출을 요구하고 있습니다. 관련 법령상 수의계약 및 지역제한 범위 내에 해당하며, 입찰 참가 자격 제한에 대한 위반 사항이 발견되지 않았습니다.",False,,15438,222
PPS-DEV-183,v7,0,0,TN,1,markdown_code_fence,stop,지방자치단체를 당사자로 하는 계약에 관한 법률 시행령 제30조 및 지방자치단체 입찰 및 계약 집행기준,,"추정가격 68,545,455원 (7,540만원 미만)",입찰참가자격 중 '나. 입찰공고일 전일...부터 입찰일...까지 법인등기사항증명서상 본점 소재지를 계속하여 강원특별자치도에 둔 업체' 및 '다. 소기업 또는 소상공인 확인서를 소지한 자' 명시,"본 공고는 지방계약법을 적용하는 소액수의 계약으로, 추정가격이 1억원 이하인 소기업·소상공인 대상 용역이다. 지역제한 범위(강원특별자치도)와 소기업·소상공인 자격 제한은 관련 법령 및 수의계약 운영요령에 부합하며, 입찰참가자격 제한 사항 중 '계약 후 조건'이나 '납품장소' 등은 평가 대상에서 제외하므로 법령 위반 사항이 없다.",False,,15991,273
PPS-DEV-184,v4,0,0,TN,0,markdown_code_fence;comparison_not_string,stop,지방자치단체를 당사자로 하는 계약에 관한 법률 시행령 제20조제1항제3호,230000000,18757491,"지방자치단체를 당사자로 하는 계약에 관한 법률 시행령 제20조제1항제3호에 따르면, 특수한 설비 또는 기술이 요구되는 물품제조계약의 경우 해당 물품제조계약의 추정가격이 재정경제부장관이 정하여 고시한 금액 이상이어야 함. 고시금액은 물품 및 용역 기준 2억 3천만 원임. 본 공고의 입찰추정가격은 18,757,491원으로 고시금액 미만임.","본 공고는 물품(내자) 계약으로, 실적 제한을 적용하기 위해서는 추정가격이 고시금액(2억 3천만 원) 이상이어야 하나, 본 건의 추정가격은 약 1,875만 원으로 고시금액 미만이다. 따라서 실적에 의한 입찰참가자격 제한을 할 수 없는 대상이며, 공고문상 별도의 실적 제한 규정이 없으므로 법령 위반이 아니다.",False,,9161,309
PPS-DEV-184,v5,0,0,TN,1,markdown_code_fence,stop,지방자치단체를 당사자로 하는 계약에 관한 법률 시행규칙 제24조 제2호 나목,500000000,18757491,5) 입찰공고일 현재 법인등기부상 본점 소재지(개인사업자인 경우에는 사업자등록증 또는 관련 법령에 따른 허가․인가․면허․등록․신고 등에 관련된 서류에 기재된 사업장의 소재지)가 경상남도 업체,"본 공고는 지방자치단체 계약으로, 물품의 제조·구매에 해당한다. 지방자치단체 계약법 시행규칙 제24조 제2호 나목에 따르면 물품의 제조·구매 시 지역제한을 할 수 있는 기준 금액은 행정안전부장관이 고시한 금액(일반적으로 5억 원)이다. 본 건의 추정가격은 18,757,491원으로 고시금액인 5억 원 미만이므로 경상남도 지역으로 제한하는 것은 법령상 적절하다.",True,,9703,264
PPS-DEV-184,v6,0,0,TN,0,markdown_code_fence;comparison_not_string,stop,지방자치단체를 당사자로 하는 계약에 관한 법률 시행령 제30조제1항제2호 및 제26조제1항제5호가목제2호,20000000,18757491,"추정가격 18,757,491원 (입찰추정가격 기준)","본 건은 지방자치단체 수의계약(물품)으로, 지방계약법 시행령 제30조제1항제2호에 따라 추정가격 2천만원 이하인 물품의 제조·구매·임차계약에 해당합니다. 입찰추정가격이 18,757,491원으로 2천만원 이하이므로 적법한 수의계약 범위 내에 있습니다.",False,,11633,208
PPS-DEV-184,v7,0,0,TN,0,markdown_code_fence;comparison_not_string,stop,지방자치단체를 당사자로 하는 계약에 관한 법률 시행령 제30조제1항제2호,20000000,18757491,"추정가격 18,757,491원 (입찰추정가격 기준)","지방계약법 시행령 제30조제1항제2호에 따르면 추정가격이 2천만원 이하인 물품의 제조·구매·임차계약 또는 용역계약의 경우 1인으로부터 견적서를 받을 수 있으나, 본 공고는 소액수의견적(2인 이상 견적 제출) 방식으로 진행되고 있습니다. 현재 추정가격이 18,757,491원으로 2천만원 이하이므로 법령상 위반 사항은 없으며, 지역제한(경상남도) 또한 적법하게 적용되었습니다.",False,,12186,226
PPS-DEV-185,v4,0,0,TN,1,markdown_code_fence;comparison_not_string,stop,(계약예규) 정부 입찰·계약 집행기준 제2장 제5조제1항,242433636,150243365,"- 동등이상 용역 : 건설폐기물처리용역(유사용역 : 없음) - 중간처리 : 금150,243,365원 / 수집·운반 : 금92,191,114원","본 공고의 추정가격은 242,433,636원이며, 요구하는 실적(중간처리 150,243,365원)은 (계약예규) 정부 입찰·계약 집행기준 제5조제1항에 따라 용역의 경우 계약목적물의 최대 1배까지 요구할 수 있으므로, 추정가격 대비 실적 요구 범위 내에 있어 법령 위반이 아니다.",False,,14062,237
PPS-DEV-185,v5,0,0,TN,1,markdown_code_fence;comparison_not_string,stop,국가를 당사자로 하는 계약에 관한 법률 시행령 제21조제1항제6호 및 시행규칙 제24조제2항,230000000,242433636,"추정가격: 금242,433,636원","본 공고의 추정가격은 242,433,636원으로, 국가계약법상 물품 및 용역의 고시금액(2억 3천만 원)을 초과하여 국제입찰 대상에 해당하나, 입찰참가자격 제한(업종제한)은 추정가격과 무관한 자격 요건이므로 법령 위반이 아님.",True,,14604,194
PPS-DEV-185,v6,0,0,TN,1,markdown_code_fence;comparison_not_string,stop,국가를 당사자로 하는 계약에 관한 법률 시행령 제26조제1항제5호가목,20000000,242433636,"입찰추정가격: 금242,433,636원","본 공고의 입찰추정가격은 242,433,636원으로, 국가계약법 시행령 제26조제1항제5호가목에서 규정하는 수의계약 대상 금액(추정가격 2천만원 초과 1억원 이하 등)의 범위를 초과하므로, 일반경쟁 입찰 방식으로 진행하는 것은 법령 위반이 아닙니다.",False,,16534,186
PPS-DEV-185,v7,0,0,TN,1,markdown_code_fence;comparison_not_string,stop,국가를 당사자로 하는 계약에 관한 법률 시행령 제21조제1항제6호 및 시행규칙 제24조제2항,230000000,242433636,"입찰추정가격: 242,433,636원","본 공고는 국가계약법을 적용받는 일반용역으로, 추정가격이 242,433,636원이다. 국가계약법 시행규칙 제24조제2항에 따르면 물품·용역의 경우 고시금액(2억 3천만 원)을 기준으로 제한경쟁입찰 여부를 판단한다. 본 건의 추정가격은 고시금액인 230,000,000원을 초과하므로, 지역제한을 적용할 경우 국제입찰 대상에 해당할 수 있으나, 현재 공고상 '지역제한여부: N'으로 설정되어 있어 법령 위반 사항이 발견되지 않는다.",False,,17087,262
PPS-DEV-186,v4,0,0,TN,1,markdown_code_fence;threshold_not_number_or_null,stop,지방자치단체를 당사자로 하는 계약에 관한 법률 시행령 제20조제1항제3호,23562500,23562500,"입찰추정가격 23,562,500원","본 공고는 물품제조 계약으로, 지방계약법 시행령 제20조제1항제3호에 따라 물품제조실적으로 자격을 제한할 수 있으나, 해당 조항은 '해당 물품제조계약의 추정가격이 재정경제부장관이 정하여 고시한 금액 이상이어야 한다'고 명시하고 있습니다. 고시금액(물품 및 용역: 2억 3천만 원)에 비해 본 공고의 추정가격(23,562,500원)이 현저히 낮으므로, 실적을 통한 입찰참가자격 제한은 법령 위반 소지가 있으나, 현재 공고문상에는 구체적인 실적 제한 내용이 명시되어 있지 않아 위반으로 판정하지 않습니다.",False,,8557,275
PPS-DEV-186,v5,0,0,TN,1,markdown_code_fence;comparison_not_string,stop,지방자치단체를 당사자로 하는 계약에 관한 법률 시행규칙 제24조 제2호 나목,500000000,23562500,"입찰추정가격 23,562,500원","본 공고는 지방자치단체가 체결하는 물품 구매 계약으로, 지방자치단체 입찰 및 계약 집행기준에 따라 지역제한을 적용함. 관련 법령(지방계약법 시행규칙 제24조 제2호 나목)에 따르면 물품의 제조·구매 시 행정안전부장고시금액(5억 원) 미만인 경우 지역제한이 가능함. 본 건의 추정가격(23,562,500원)은 기준금액인 5억 원 미만이므로 전북특별자치도로 지역을 제한한 것은 법령 위반이 아님.",False,,9099,234
PPS-DEV-186,v6,0,0,TN,0,markdown_code_fence;comparison_not_string,stop,지방자치단체를 당사자로 하는 계약에 관한 법률 시행령 제20조제1항제6호 및 시행규칙 제24조제2호,500000000,23562500,"입찰추정가격 23,562,500원","본 공고의 입찰추정가격은 23,562,500원으로, 지방자치단체 계약에서 물품의 제조·구매 시 지역제한을 적용할 수 있는 기준 금액인 5억 원(행정안전부 고시 금액 기준) 미만에 해당하므로, 전북특별자치도로 지역제한을 설정한 것은 법령상 적정함.",False,,11029,189
PPS-DEV-186,v7,0,0,TN,0,markdown_code_fence;threshold_not_number_or_null,stop,지방자치단체를 당사자로 하는 계약에 관한 법률 시행령 제20조제1항제6호 및 지방자치단체 입찰 및 계약 집행기준,"500,000,000","23,562,500","입찰추정가격 23,562,500원, 지역제한(전북특별자치도)","본 공고의 추정가격은 23,562,500원으로, 지방자치단체 입찰 및 계약 집행기준상 물품의 제조·구매 지역제한 기준인 5억 원(또는 고시금액 미만) 미만에 해당하므로, 전북특별자치도로 지역을 제한한 것은 법령상 위반 사항이 없다.",False,,11582,200
PPS-DEV-187,v4,0,0,TN,0,markdown_code_fence;comparison_not_string,stop,지방자치단체를 당사자로 하는 계약에 관한 법률 시행령 제20조제1항제5호,230000000,70982727,"지방자치단체 입찰 및 계약 집행기준 제4장 제1절 2.가. 및 제25조제1항 관련, 추정가격이 고시금액(2억 3천만 원) 미만인 경우 실적 제한 불가","본 공고는 추정가격이 70,982,727원으로, 지방자치단체 입찰 및 계약 집행기준 및 관련 법령에 따른 고시금액(2억 3천만 원) 미만인 용역 계약에 해당합니다. 해당 법령 및 지침에 따르면 추정가격이 고시금액 미만인 제조 또는 용역 계약의 경우 실적으로 경쟁참가자의 자격을 제한할 수 없으나, 본 공고는 면허(업종) 제한을 실시하고 있으며 이는 실적 제한이 아닌 자격(면허) 제한에 해당하므로 법령 위반이 아닙니다.",False,,10151,272
PPS-DEV-187,v5,0,0,TN,1,markdown_code_fence;threshold_not_number_or_null,stop,지방자치단체를 당사자로 하는 계약에 관한 법률 시행규칙 제24조 제2항,"500,000,000","70,982,727","입찰추정가격 70,982,727원, 지역제한: [등록지역:r1|단위=기초|광역=전라남도]","본 공고는 지방자치단체가 체결하는 용역 계약으로, 지방자치단체 입찰 및 계약 집행기준에 따라 지역제한을 적용하고 있습니다. 관련 법령(지방자치단체 입찰 및 계약 집행기준) 및 시행규칙에 따르면 일반 용역의 경우 추정가격이 5억 원 미만인 경우 지역제한이 가능합니다. 본 건의 추정가격은 70,982,727원으로 기준 금액(5억 원) 미만이며, 전라남도 지역 내 업체로 제한한 것은 법령 위반이 아닙니다.",False,,10693,249
PPS-DEV-187,v6,0,0,TN,1,markdown_code_fence,stop,"지방자치단체를 당사자로 하는 계약에 관한 법률 시행령 제30조제1항 및 제4항, 지방자치단체 입찰 및 계약 집행기준",,"추정가격 70,982,727원 (전라남도 지역제한)",입찰참가자격: 법인등기부상 본점소재지(개인사업자인 경우 사업자등록증 등 관련 서류에 기재된 사업장의 소재지)가 [지역:r1|단위:기초|광역:전라남도]에 계속하여 위치한 업체,"본 공고는 추정가격이 1억원 이하인 용역(수의계약)으로, 지방자치단체 입찰 및 계약 집행기준에 따라 지역제한(전라남도)을 설정할 수 있으며, 입찰 참가 자격으로 설정된 지역 제한은 법령상 위반 사항이 없음.",False,,12623,229
PPS-DEV-187,v7,0,0,TN,1,markdown_code_fence,stop,지방자치단체를 당사자로 하는 계약에 관한 법률 시행령 제30조 및 제20조,70982727,70982727,"추정가격 70,982,727원 (입찰추정가격 기준)","본 공고는 지방자치단체 수의계약(소액수의견적) 건으로, 추정가격이 7,098만 2,727원입니다. 지방자치단체 수의계약 운영요령 및 관련 법령에 따르면 추정가격 1억원 이하의 용역 계약 시 지역제한 및 수의계약 대상에 해당하며, 공고문 상의 지역제한(전라남도) 및 업종제한(건설폐기물 관련 면허)은 법령 위반 사항이 발견되지 않습니다.",False,,13176,217
PPS-DEV-188,v4,0,1,FP,1,markdown_code_fence;comparison_not_string,stop,(계약예규) 정부 입찰·계약 집행기준 제2장 제5조제1항,230000000,90454545,"입찰추정가격 90,454,545원, 실적제한 기준 '본 사업 규모(부가세 포함) 대비 입찰공고일 기준 최근 3년간 사업수행 실적 합산(금액기준) A. 100% 이상'","제공된 법령(정부 입찰·계약 집행기준 제5조제1항)에 따르면, 제조 또는 용역의 경우 추정가격이 고시금액(물품/용역 2억 3천만 원) 미만인 경우 실적으로 경쟁참가자의 자격을 제한하여서는 아니 된다. 본 건의 입찰추정가격은 90,454,545원으로 고시금액인 230,000,000원 미만임에도 불구하고, 최근 3년간의 사업수행 실적(금액 기준 100% 이상)을 입찰 참가 자격 제한 조건으로 설정하였으므로 법령 위반에 해당한다.",False,,11762,297
PPS-DEV-188,v5,0,0,TN,1,markdown_code_fence;comparison_not_string,stop,국가를 당사자로 하는 계약에 관한 법률 시행령 제21조제1항제6호 및 시행규칙 제24조제2항제2호,230000000,90454545,"입찰추정가격 90,454,545원","본 공고는 국가계약법을 적용받는 물품(내자) 계약으로, 지역제한을 위한 기준 금액은 물품 및 용역의 경우 재정경제부장관이 고시한 금액(2억 3천만 원)이다. 현재 추정가격(90,454,545원)은 고시금액(230,000,000원) 미만이므로 지역제한이 가능하며, 법령 위반 사항이 없다.",False,,12304,215
PPS-DEV-188,v6,0,0,TN,1,markdown_code_fence;comparison_not_string,stop,국가를 당사자로 하는 계약에 관한 법률 시행령 제21조제1항제6호 및 시행규칙 제24조제2항제2호,230000000,90454545,"입찰추정가격 90,454,545원","본 공고의 입찰추정가격은 90,454,545원으로, 국가계약법 시행규칙 제24조제2항제2호에 따른 물품의 제조·구매 시 지역제한을 적용할 수 있는 기준 금액인 2억 3천만 원(고시금액) 미만에 해당하므로 법령 위반 사항이 없음.",False,,14234,219
PPS-DEV-188,v7,0,0,TN,1,markdown_code_fence;comparison_not_string,stop,국가를 당사자로 하는 계약에 관한 법률 시행령 제21조제1항제6호 및 동법 시행규칙 제24조제2항,200000000,90454545,"입찰추정가격 90,454,545원","본 공고는 국가계약법을 적용받는 물품(내자) 계약으로, 추정가격이 90,454,545원이다. 국가계약법 시행규칙 제24조제2항에 따르면 물품의 제조·구매 등에서의 제한 기준 금액은 고시금액(2억 3천만 원)이다. 현재 입찰 조건에서 지역제한 여부가 'N'으로 되어 있으나, 추정가격이 고시금액 미만이므로 지역제한을 설정할 수 있는 범위 내에 있으며, 법령상 위반 사항이 발견되지 않았다.",False,,14787,237
PPS-DEV-189,v4,0,0,TN,1,markdown_code_fence,stop,지방자치단체를 당사자로 하는 계약에 관한 법률 시행령 제20조제1항제5호 및 지방자치단체 입찰 및 계약 집행기준 제4장 제1절,230000000,31636364,"입찰추정가격 31,636,364원 (지방정부 소액수의견적)","해당 공고는 지방계약법을 적용받는 용역 계약으로, 특수한 기술이 요구되는 용역의 경우 추정가격이 재정경제부장관이 정하여 고시한 금액(물품 및 용역의 경우 2억 3천만 원) 이상이어야 실적 제한이 가능합니다. 본 건의 추정가격은 31,636,364원으로 고시금액인 230,000,000원 미만이므로, 실적을 통한 입찰참가자격 제한을 할 수 없습니다. 다만, 본 공고의 메타데이터 및 추출된 근거상으로는 특정 실적을 요구하는 문구가 명시적으로 나타나지 않으므로 법령 위반으로 판단할 근거가 없습니다.",False,,11007,294
PPS-DEV-189,v5,0,0,TN,1,markdown_code_fence;threshold_not_number_or_null,stop,지방자치단체를 당사자로 하는 계약에 관한 법률 시행규칙 제24조 제2호 나목 및 지방자치단체 입찰 및 계약 집행기준 제4장,"500,000,000원 (5억원)","31,636,364원",나. 위 치: [수요기관(기초자치단체)] [지역:r2|단위=읍면동|광역=대구광역시] [지역:r3|단위=리|광역=미상] [지역:r4|단위=지번|광역=대구광역시] 일원,"본 공고는 지방자치단체가 체결하는 일반용역(가연성폐기물 운반 및 처리)으로, 지역제한 입찰의 기준 금액은 지방자치단체 입찰 및 계약 집행기준에 따라 행정안전부장관이 고시한 금액(5억원) 미만인 경우에 해당합니다. 본 건의 추정가격은 31,636,364원으로 5억원 미만이므로 지역제한(대구광역시) 설정은 법령 및 지침에 부합하며 위반 사항이 없습니다.",True,,11549,295
PPS-DEV-189,v6,0,0,TN,0,markdown_code_fence;comparison_not_string,stop,지방자치단체를 당사자로 하는 계약에 관한 법률 시행령 제30조제1항제2호 및 제2호다목,34800000,34800000,가. 용 역 명: 기초자치단체 가창 도시계획도로 개설공사 가연성폐기물 운반 및 처리 용역(수의계약·5천만원미만),"본 공고는 추정가격 31,636,364원(배정예산 34,800,000원)인 용역으로, 지방계약법 시행령 제30조제1항제2호에 따른 수의계약 대상이며, 지역제한 범위가 대구광역시로 설정되어 있어 법령상 위반 사항이 없습니다.",True,,13479,210
PPS-DEV-189,v7,0,0,TN,1,markdown_code_fence;comparison_not_string,stop,지방자치단체를 당사자로 하는 계약에 관한 법률 시행령 제30조 및 제5장 수의계약 운영요령,31636364,31636364,가. 용 역 명: 기초자치단체 가창 도시계획도로 개설공사 가연성폐기물 운반 및 처리 용역(수의계약·5천만원미만),"본 공고는 추정가격 31,636,364원으로, 지방자치단체 수의계약 대상인 '추정가격 2천만원 초과 1억원 이하인 계약으로서 소기업 또는 소상공인과 체결하는 용역계약' 범위 내에 해당하며, 지역제한(대구광역시) 및 업종제한을 적절히 적용하고 있으므로 법령 위반 사항이 발견되지 않음.",True,,14032,221
PPS-DEV-190,v4,0,0,TN,0,markdown_code_fence;comparison_not_string,stop,[정부 입찰·계약 집행기준] 제2장 제5조제1항 및 [국가를 당사자로 하는 계약에 관한 법률 시행령] 제21조제1항제3호,230000000,136363636,"추정가격 136,363,636원 (입찰추정가격 기준)","본 입찰은 물품(내자) 계약으로, 추정가격이 136,363,636원이다. [정부 입찰·계약 집행기준] 제5조제1항에 따르면 추정가격이 고시금액(물품 및 용역의 경우 2억 3천만 원) 미만인 제조 또는 용역계약의 경우 실적으로 경쟁참가자의 자격을 제한하여서는 안 된다고 명시되어 있다. 현재 공고문에는 중·소기업·소상공인 제한(판로지원법 관련) 사항은 있으나, 실적에 의한 제한 사항이 나타나지 않으므로 법령 위반에 해당하지 않는다.",False,,7532,277
PPS-DEV-190,v5,0,0,TN,1,markdown_code_fence;comparison_not_string,stop,국가를 당사자로 하는 계약에 관한 법률 시행령 제21조제1항제6호 및 시행규칙 제24조제2항,230000000,136363636,"추정가격 136,363,636원 (입찰추정가격 기준)","본 입찰은 국가계약법을 적용받는 물품 구매 건으로, 제한경쟁 입찰 시 추정가격이 재정경제부장관이 고시하는 금액(물품 및 용역의 경우 2억 3천만 원) 미만인 경우에 해당한다. 해당 공고의 추정가격은 136,363,636원으로 고시금액인 230,000,000원 미만이므로, 중소기업·소상공인 제한 등의 자격 제한은 법령상 적절하다.",False,,8074,236
PPS-DEV-190,v6,0,0,TN,1,markdown_code_fence;comparison_not_string,stop,국가를 당사자로 하는 계약에 관한 법률 시행령 제21조제1항제6호 및 시행규칙 제24조제2항,230000000,136363636,"입찰추정가격 136,363,636원","본 공고의 입찰추정가격은 136,363,636원으로, 국가계약법령상 물품 및 용역의 고시금액(2억 3천만 원) 미만에 해당한다. 따라서 지역제한을 적용할 수 있는 범위 내에 있으며, 제공된 정보상 지역제한(지역제한여부: N)에 대한 위반 사항이 발견되지 않는다.",False,,10004,196
PPS-DEV-190,v7,0,0,TN,1,markdown_code_fence,stop,국가를 당사자로 하는 계약에 관한 법률 시행령 제21조제1항제6호 및 동법 시행규칙 제24조제2항제2호,230000000,136363636,"입찰추정가격 136,363,636원","본 입찰은 국가계약법을 적용받는 물품(내자) 계약으로, 추정가격이 136,363,636원이다. 관련 법령상 물품 및 용역의 고시금액 기준은 2억 3천만 원이다. 현재 공고는 지역제한(지역제한여부 'N')을 설정하지 않았으며, 추정가격이 고시금액 미만이므로 지역제한을 적용할 수 있는 대상에 해당한다. 따라서 법령 위반 사항이 없다.",False,,10557,228
PPS-DEV-191,v4,0,0,TN,1,markdown_code_fence,stop,지방자치단체를 당사자로 하는 계약에 관한 법률 시행령 제20조제1항제5호 및 지방자치단체 입찰 및 계약 집행기준 제4장 제1절,230000000,104545455,"입찰추정가격 104,545,455원 (용역비 115,000,000원)","해당 공고는 '특수한 기술이 요구되는 용역계약'으로 분류되어 있으나, 지방계약법령 및 관련 예규에 따르면 특수한 기술이 요구되는 용역의 경우 해당 용역의 추정가격이 재정경제부장관이 고시하는 금액(물품 및 용역의 경우 2억 3천만 원) 이상이어야 실적 제한이 가능함. 본 건의 추정가격은 104,545,455원으로 고시금액인 230,000,000원 미만이므로, 실적을 통한 입찰 참가자격 제한을 적용할 수 없는 대상임. 따라서 실적 관련 제한 사항이 위반인지 여부를 판단할 기준 금액 미달로 위반이 아님.",False,,13865,304
PPS-DEV-191,v5,0,0,TN,1,markdown_code_fence;comparison_not_string,stop,지방자치단체를 당사자로 하는 계약에 관한 법률 시행규칙 제24조 제2항,500000000,104545455,"입찰추정가격 104,545,455원","지방자치단체 적용 용역의 경우, 지역제한을 위한 기준 금액은 행정안전부령으로 정하는 금액(5억원) 미만인 경우에 해당하며, 본 건의 추정가격(104,545,455원)은 5억원 미만이므로 지역제한 설정이 가능하나, 현재 공고상 지역제한 여부는 'N'으로 되어 있어 법령 위반 사항이 없음.",False,,14407,190
PPS-DEV-191,v6,0,0,TN,1,markdown_code_fence;threshold_not_number_or_null,stop,지방자치단체를 당사자로 하는 계약에 관한 법률 시행규칙 제24조 및 지방자치단체 입찰 및 계약 집행기준,3.3억원,"115,000,000원","입찰추정가격 104,545,455원 (배정예산 115,000,000원)","본 공고의 추정가격은 약 1.04억원으로, 지방자치단체 입찰 및 계약 집행기준상 지역제한 입찰 대상인 '일반용역'의 기준 금액(고시금액 미만 시·도 일반용역) 범위 내에 있으나, 지역제한 여부가 'N'으로 설정되어 있어 법령 위반 여부를 판단할 때 지역제한을 적용하지 않은 것으로 판단됨. 또한, 제공된 법령상 지역제한 기준 금액(3.3억원 등)과 비교 시 추정가격이 기준치 미만이므로 지역제한 설정 자체는 법적 범위 내에 있음.",False,,16337,257
PPS-DEV-191,v7,0,0,TN,1,markdown_code_fence;comparison_not_string,stop,지방자치단체를 당사자로 하는 계약에 관한 법률 시행령 제20조제1항제6호 및 시행규칙 제24조,330000000,115000000,"입찰추정가격 104,545,455원 (배정예산 115,000,000원)","본 공고의 입찰추정가격은 104,545,455원으로, 지방자치단체 입찰 및 계약 집행기준에 따른 지역제한 대상 금액(일반용역의 경우 행정안전부장관이 고시한 금액 미만) 기준을 충족하며, 지역제한 입찰을 위한 법령 위반 사항이 발견되지 않음.",False,,16890,208
PPS-DEV-192,v4,0,1,FP,0,markdown_code_fence;comparison_not_string,stop,지방자치단체를 당사자로 하는 계약에 관한 법률 시행령 제20조제1항제3호,230000000,89123545,"추정가격 89,123,545원 (입찰추정가격 기준)","지방계약법 시행령 제20조제1항제3호에 따라 물품제조계약의 실적 제한을 하려면 해당 물품제조계약의 추정가격이 재정경제부장관이 정하여 고시한 금액(고시금액: 물품 및 용역 2억 3천만 원) 이상이어야 합니다. 본 공고의 추정가격은 89,123,545원으로 고시금액인 230,000,000원 미만이므로, 실적을 통한 입찰참가자격 제한을 할 수 없습니다.",False,,10140,238
PPS-DEV-192,v5,0,0,TN,1,markdown_code_fence;threshold_not_number_or_null,stop,지방자치단체를 당사자로 하는 계약에 관한 법률 시행령 제20조제1항제6호 및 시행규칙 제24조제2호나목,"500,000,000","89,123,545","추정가격 89,123,545원 (입찰추정가격 기준)","본 공고는 지방자치단체 계약으로, 지역제한 입찰 시 추정가격이 행정안전부령으로 정하는 금액 미만인 경우 지역 제한이 가능합니다. 지방자치단체 계약의 경우 물품/용역의 기준 금액은 5억 원(시·군·구 포함)이며, 본 건의 추정가격(89,123,545원)은 해당 기준 금액 미만이므로 전라남도 소재 업체로 제한한 것은 법령 위반이 아닙니다.",False,,10682,227
PPS-DEV-192,v6,0,0,TN,1,markdown_code_fence;comparison_not_string,stop,지방자치단체를 당사자로 하는 계약에 관한 법률 시행령 제26조제1항제5호가목3),100000000,89123545,추정가격 2천만원 초과 1억원 이하인 계약으로서 「중소기업기본법」 제2조제2항에 따른 소기업 또는 「소상공인기본법」 제2조에 따른 소상공인과 체결하는 물품의 제조ㆍ구매ㆍ임차계약,"본 공고는 추정가격 89,123,545원으로, 지방계약법 시행령 제26조제1항제5호가목3)에 따른 소기업·소상공인 대상 수의계약 범위(1억원 이하) 내에 해당하며, 입찰참가자격으로 전라남도 소재 업체 및 직접생산확인증명서 보유를 요구하고 있으므로 법령 위반 사항이 없음.",False,,12612,247
PPS-DEV-192,v7,0,0,TN,1,markdown_code_fence;comparison_not_string,stop,지방자치단체를 당사자로 하는 계약에 관한 법률 시행령 제26조제1항제5호가목3) 및 제30조제1항,100000000,89123545,"3. 입찰참가자격 아래 “가 ~ 라”항의 자격을 모두 갖춘 업체 가. 「지방자치단체를 당사자로 하는 계약에 관한 법률 시행령」 제13조 및 같은 법 시행규칙 제14조에 따른 자격요건을 갖추고, 공고일 전일 기준 법인등기부상 본점...이 전라남도에 소재한 업체","본 공고는 추정가격 89,123,545원으로, 지방계약법 시행령 제26조제1항제5호가목3)에 따른 '추정가격 2천만원 초과 1억원 이하인 계약으로서 소기업 또는 소상공인과 체결하는 물품 제조·구매·임차계약'에 해당하며, 지역제한(전라남도)을 설정한 것은 적법한 수의계약 안내공고 요건을 충족함.",False,,13165,291
PPS-DEV-193,v4,0,1,FP,1,markdown_code_fence;comparison_not_string,stop,(계약예규) 정부 입찰·계약 집행기준 제2장 제5조제1항,230000000,50000000,"추정가격 50,000,000원 (입찰추정가격 기준)","해당 공고는 국가기관이 발주하는 일반용역으로, (계약예규) 정부 입찰·계약 집행기준 제2장 제5조제1항에 따라 추정가격이 고시금액(물품 및 용역 2억 3천만 원) 미만인 경우 실적으로 경쟁참가자의 자격을 제한할 수 없다. 본 건의 추정가격은 5,000만 원으로 고시금액 미만에 해당하므로 실적을 통한 자격 제한은 법령 위반이다.",False,,9044,217
PPS-DEV-193,v5,0,0,TN,0,markdown_code_fence;comparison_not_string,stop,국가를 당사자로 하는 계약에 관한 법률 시행령 제21조제1항제6호 및 시행규칙 제24조제2항제2호,230000000,50000000,"입찰추정가격 50,000,000원","본 공고의 입찰추정가격은 50,000,000원으로, 국가계약법령상 물품 및 용역의 고시금액인 230,000,000원 미만에 해당한다. 따라서 추정가격에 따른 제한경쟁 입찰 자격 제한은 법령 위반이 아니다.",False,,9586,183
PPS-DEV-193,v6,0,0,TN,0,markdown_code_fence;comparison_not_string,stop,국가를 당사자로 하는 계약에 관한 법률 시행령 제26조제1항제5호가목 3),100000000,50000000,"추정가격 50,000,000원 (입찰추정가격 기준)","본 공고는 국가기관이 발주하는 일반용역으로, 추정가격이 5천만원(50,000,000원)인 경우 '국가를 당사자로 하는 계약에 관한 법률 시행령' 제26조제1항제5호가목 3)에 따라 소기업 또는 소상공인과 체결하는 계약에 해당하며, 이는 법령 위반 사항이 아닌 적법한 제한 조건입니다.",False,,11516,201
PPS-DEV-193,v7,0,0,TN,0,markdown_code_fence,stop,국가를 당사자로 하는 계약에 관한 법률 시행령 제21조제1항제6호 및 시행규칙 제24조제2항,200000000,50000000,"입찰추정가격 50,000,000원 (배정예산 55,000,000원)","본 공고는 국가계약법을 적용받는 일반용역(추정가격 5천만원)으로, 지역제한을 적용할 수 있는 기준 금액(고시금액 2억 3천만원) 미만입니다. 현재 공고상 지역제한 여부가 'N'으로 설정되어 있어 법령 위반 사항이 발견되지 않습니다.",False,,12069,197
PPS-DEV-194,v4,0,0,TN,1,markdown_code_fence;threshold_not_number_or_null,stop,지방자치단체를 당사자로 하는 계약에 관한 법률 시행령 제20조제1항제3호,"230,000,000","60,000,000","추정가격 60,000,000원","지방계약법령상 물품제조계약의 실적 제한을 위해서는 해당 물품제조계약의 추정가격이 재정경제부장관이 정하여 고시한 금액(물품 및 용역의 경우 2억 3천만 원) 이상이어야 하나, 본 건의 추정가격은 6천만 원으로 고시금액 미만에 해당하여 실적을 통한 입찰참가자격 제한이 불가함. 다만, 본 공고문에는 실적 제한에 대한 내용이 명시되어 있지 않으므로 법령 위반 사항 없음.",True,,8952,224
PPS-DEV-194,v5,0,0,TN,1,markdown_code_fence,stop,지방자치단체를 당사자로 하는 계약에 관한 법률 시행규칙 제24조 제2항 제2호,500000000,60000000,"입찰추정가격 60,000,000원","지방자치단체 계약에서 물품의 제조·구매 시 지역제한을 적용할 수 있는 기준 금액은 행정안전부장관이 고시한 금액(5억원) 미만인 경우이다. 본 공고의 추정가격은 60,000,000원으로 기준 금액인 500,000,000원 미만에 해당하므로 지역제한 적용이 가능하며, 법령 위반 사항이 없다.",False,,9494,196
PPS-DEV-194,v6,0,0,TN,0,markdown_code_fence;comparison_not_string,stop,지방자치단체를 당사자로 하는 계약에 관한 법률 시행령 제26조제1항제5호가목3) 및 제30조제1항,60000000,60000000,추정가격 2천만원 초과 1억원 이하 물품·용역(소기업 소상공인 계약),"본 공고는 추정가격 60,000,000원으로, 지방자치단체 수의계약(소액수의견적) 대상이며, 관련 법령상 소기업 또는 소상공인과 체결하는 물품 제조·구매·임차 계약 범위(2천만원 초과 1억원 이하)에 해당하므로 적법한 계약 방식입니다.",False,,11424,197
PPS-DEV-194,v7,0,0,TN,1,markdown_code_fence;comparison_not_string,stop,지방자치단체를 당사자로 하는 계약에 관한 법률 시행령 제30조 제1항 및 제5장 수의계약 운영요령,66000000,66000000,추정가격 2천만원 초과 1억원 이하인 계약으로서 소기업 또는 소상공인과 체결하는 물품의 제조·구매·임차계약,"본 공고는 지방자치단체 수의계약(소액수의견적) 건으로, 추정가격이 6,000만원(66,000천원)이다. 지방자치단체 수의계약 운영요령 및 관련 법령에 따르면 추정가격 1억원 이하의 물품 계약은 지정정보처리장치를 이용한 2인 이상 견적 제출 방식의 대상이며, 해당 금액 범위 내에서 지역 제한 및 소기업·소상공인 제한을 적용하는 것은 법령 위반에 해당하지 않는다.",False,,11977,240
PPS-DEV-195,v4,0,0,TN,1,markdown_code_fence;comparison_not_string,stop,(계약예규) 정부 입찰·계약 집행기준 제5조제1항,230000000,19708182,"입찰추정가격 19,708,182원","해당 공고는 용역 추정가격이 19,708,182원으로, (계약예규) 정부 입찰·계약 집행기준 제5조제1항에 따라 추정가격이 고시금액(2억 3천만 원) 미만인 용역계약에 해당하므로, 실적으로 경쟁참가자의 자격을 제한할 수 없는 대상임. 따라서 실적 제한을 두지 않은 본 공고는 법령 위반이 아님.",False,,15070,198
PPS-DEV-195,v5,0,0,TN,1,markdown_code_fence;comparison_not_string,stop,국가를 당사자로 하는 계약에 관한 법률 시행규칙 제24조제2항제2호,230000000,19708182,"입찰추정가격 19,708,182원","해당 공고는 국가계약법을 적용받는 용역 입찰로, 지역제한을 위한 기준 금액은 고시금액(물품 및 용역의 경우 2억 3천만 원)입니다. 본 공고의 추정가격은 19,708,182원으로 고시금액인 2억 3천만 원 미만에 해당하므로, 지역제한(경상남도)을 설정한 것은 법령상 위반이 아닙니다.",False,,15612,199
PPS-DEV-195,v6,0,0,TN,1,markdown_code_fence;comparison_not_string,stop,국가를 당사자로 하는 계약에 관한 법률 시행령 제26조제1항제5호가목2),20000000,19708182,"입찰건명: 공기업 연근해어장 생산성 개선 지원사업 현장지원 용역(수의계약·2천만원미만), 추정가격: 19,708,182원","본 공고의 추정가격은 19,708,182원으로, 국가계약법 시행령 제26조제1항제5호가목 2)에 따른 수의계약 범위인 '추정가격 2천만원 이하인 용역계약'에 해당하여 적법한 수의계약 방식입니다.",False,,17542,202
PPS-DEV-195,v7,0,0,TN,1,markdown_code_fence;comparison_not_string,stop,국가를 당사자로 하는 계약에 관한 법률 시행령 제26조제1항제5호가목2),20000000,19708182,"입찰추정가격 19,708,182원","본 공고는 국가계약법을 적용받는 일반용역 수의계약 건으로, 추정가격이 2천만원 이하인 경우에 해당한다. 관련 법령(국가계약법 시행령 제26조제1항제5호가목2)에 따르면 추정가격이 2천만원 이하인 용역계약은 수의계약 대상에 해당하므로, 입찰추정가격 19,708,182원은 기준 금액인 20,000,000원 이하로서 법령 위반 사항이 없다.",False,,18095,223
PPS-DEV-196,v4,0,0,TN,0,markdown_code_fence;threshold_not_number_or_null,stop,국가를 당사자로 하는 계약에 관한 법률 시행령 제21조제1항제3호 및 관련 고시금액,"230,000,000","153,636,364","입찰추정가격 153,636,364원","본 공고는 물품제조계약에 해당하며, 관련 법령 및 고시금액에 따르면 물품 및 용역의 경우 고시금액(2억 3천만 원) 이상인 경우에 특수한 설비 또는 기술을 요구하는 제한이 가능합니다. 현재 추정가격(153,636,364원)은 고시금액 미만이므로 실적 제한을 할 수 없으나, 본 공고의 '업종제한(의료기기 관련 업종)'은 실적 제한이 아닌 입찰 참가 자격(업종)에 관한 사항이므로 법령 위반에 해당하지 않습니다.",False,,7364,245
PPS-DEV-196,v5,0,0,TN,0,markdown_code_fence;threshold_not_number_or_null,stop,국가를 당사자로 하는 계약에 관한 법률 시행령 제21조제1항제6호 및 시행규칙 제24조제2항,"230,000,000","153,636,364","입찰추정가격 153,636,364원, 물품 및 용역 고시금액 2억 3천만 원","본 공고의 입찰추정가격(153,636,364원)은 국가계약법에 따른 물품 및 용역의 고시금액(230,000,000원) 미만에 해당하므로, 지역제한 또는 자격 제한이 가능한 범위 내에 있으나, 현재 공고상 '지역제한여부'가 'N'으로 되어 있고 별도의 지역 제한을 두지 않았으므로 법령 위반 사항이 없음.",False,,7906,235
PPS-DEV-196,v6,0,0,TN,0,markdown_code_fence;comparison_not_string,stop,국가를 당사자로 하는 계약에 관한 법률 시행령 제26조제1항제5호가목,100000000,153636364,"입찰추정가격 153,636,364원","본 공고는 국가계약법을 적용받는 물품 구매 입찰로, 추정가격이 1억 5,363만 원이다. 관련 법령(국가계약법 시행령 제26조제1항제5호가목 제3호)에 따르면 추정가격이 2천만 원 초과 1억 원 이하인 계약으로서 소기업 또는 소상공인과 체결하는 물품 제조·구매 계약에 대한 규정이 있으나, 본 건은 추정가격이 1억 원을 초과하므로 해당 조항의 직접적인 적용 대상은 아니다. 다만, 입찰 참가 자격 제한(중기업, 소기업, 소상공인 제한)에 대한 위반 사항은 발견되지 않았으며, 지역 제한 여부가 'N'으로 설정되어 있어 지역 제한 위반 가능성도 없다.",False,,9836,280
PPS-DEV-196,v7,0,0,TN,0,markdown_code_fence;comparison_not_string,stop,국가를 당사자로 하는 계약에 관한 법률 시행령 제21조제1항제6호 및 시행규칙 제24조제2항,230000000,153636364,"입찰추정가격 153,636,364원","본 공고의 입찰추정가격은 153,636,364원으로, 국가계약법령상 물품 및 용역의 경우 재정경제부장관이 고시하는 금액(2억 3천만 원) 미만에 해당하여 지역제한 입찰이 가능하므로 법령 위반이 아니다.",False,,10389,179
PPS-DEV-197,v4,0,0,TN,1,markdown_code_fence;comparison_not_string,stop,(계약예규) 정부 입찰·계약 집행기준 제2장 제5조제1항,228075295,904290909,○유사용역 수행실적 5건 이상 (A등급 등),"본 공고의 입찰추정가격은 904,290,909원으로, 준정부기관 계약으로서 고시금액(7억 1천만 원) 이상에 해당합니다. 용역 실적 제한 시 '해당 계약목적물의 3분의 1 이내'를 원칙으로 하되, 계약의 특성 및 난이도 등을 고려하여 최대 1배까지 요구할 수 있습니다. 본 공고에서 제시한 '유사용역 수행실적 5건 이상' 등의 기준은 구체적인 금액이나 규모(양)를 명시하지 않고 건수(건)로 제한하고 있으나, 이는 실적의 규모나 양을 기준으로 제한하는 것이 아니라 평가 항목의 구성으로 판단됩니다. 다만, 실적의 '양'을 제한할 때 고시금액 이상인 경우 추정가격의 1배 이내에서 제한해야 하는 규정을 위반한 것으로 보이지 않으며, 제공된 텍스트상으로는 실적의 '건수'를 요구하는 것이므로 금액/규모 제한 위반 여부를 판단할 근거가 부족하여 위반으로 판정하지 않습니다.",False,,13296,339
PPS-DEV-197,v5,0,0,TN,1,markdown_code_fence;comparison_not_string,stop,국가를 당사자로 하는 계약에 관한 법률 시행령 제21조제1항제6호 및 시행규칙 제24조제2항제2호,710000000,904290909,"입찰추정가격 904,290,909원","본 공고는 국가계약법을 적용받는 준정부기관의 일반용역 입찰로, 추정가격이 904,290,909원이다. 국가계약법령상 물품 및 용역의 경우 고시금액(7억 1천만 원) 이상의 계약에 해당하여 국제입찰 대상이나, 지역제한(지역제한여부 N) 및 업종제한(면허업속제한)을 설정한 것은 법령 위반에 해당하지 않는다. 다만, v5 항목의 핵심인 '지역제한' 여부를 검토했을 때, 본 공고는 지역제한을 설정하지 않았으므로(지역제한여부 N) 법령 위반 사항이 없다.",False,,13838,271
PPS-DEV-197,v6,0,0,TN,1,markdown_code_fence;comparison_not_string,stop,국가를 당사자로 하는 계약에 관한 법률 시행령 제21조제1항제6호 및 시행규칙 제24조제2항,230000000,904290909,"입찰추정가격 904,290,909원","본 공고의 입찰추정가격은 904,290,909원으로, 국가계약법상 물품 및 용역의 고시금액(2억 3천만 원)을 초과한다. 따라서 지역제한을 적용할 수 있는 대상이 아니며, 현재 공고상 지역제한 여부가 'N'으로 설정되어 있어 법령 위반 사항이 없다.",False,,15768,193
PPS-DEV-197,v7,0,0,TN,1,markdown_code_fence;comparison_not_string,stop,국가를 당사자로 하는 계약에 관한 법률 시행령 제21조제1항,,,"입찰추정가격 904,290,909원","본 공고의 입찰추정가격은 904,290,909원으로, 국가계약법상 국제입찰 대상 여부를 판단하는 기준 금액(물품 및 용역 2억 3천만 원)을 초과한다. 또한, 제공된 추출 근거(experience) 내의 내용은 계약 체결 후의 보고 절차, 인력 자격 요건, 수행 실적 등 '계약 후 조건' 및 '자격 요건'에 해당하며, 이는 입찰참가자격 제한(지역제한 등)과 무관한 항목이므로 법령 위반 사항이 없다.",False,,16321,210
PPS-DEV-198,v4,0,0,TN,0,markdown_code_fence;comparison_not_string,stop,지방자치단체를 당사자로 하는 계약에 관한 법률 시행령 제20조제1항제3호,230000000,31951609,"다. 국가종합전자조달시스템 입찰참가자격등록규정에 의하여 반드시 전자입찰서 제출 마감일 전일까지 나라장터(G2B)에 세부품명번호 10자리(1111169701, 잡석)를 제조 물품으로 등록한 업체","해당 공고는 물품제조계약으로, 지방계약법 시행령 제20조제1항제3호에 따라 물품제조실적으로 자격을 제한하기 위해서는 해당 물품제조계약의 추정가격이 재정경제부장관이 고시한 금액(2억 3천만 원) 이상이어야 합니다. 본 공고의 입찰추정가격은 31,951,609원으로 고시금액인 230,000,000원 미만이므로, 실적에 의한 자격 제한을 적용할 수 있는 대상이 아닙니다. 다만, 본 공고는 실적 제한이 아닌 '직접생산확인증명서 소지' 및 '세부품명 등록'을 자격 요건으로 제시하고 있으므로 법령 위반에 해당하지 않습니다.",True,,10440,338
PPS-DEV-198,v5,0,0,TN,1,markdown_code_fence;comparison_not_string,stop,지방자치단체를 당사자로 하는 계약에 관한 법률 시행규칙 제24조 제2호 나목,500000000,31951609,"입찰추정가격 31,951,609원","본 공고는 지방계약법을 적용받는 물품 구매 건으로, 지역제한을 위한 기준 금액은 지방자치단체 입찰 및 계약 집행기준에 따라 행정안전부장관이 고시한 금액(고시금액)을 기준으로 한다. 해당 법령상 물품의 경우 고시금액(5억원) 미만인 경우 지역제한이 가능하며, 본 건의 추정가격(31,951,609원)은 기준 금액인 5억원 미만에 해당하므로 강원특별자치도로의 지역제한은 적법하다.",False,,10982,224
PPS-DEV-198,v6,0,0,TN,1,markdown_code_fence;comparison_not_string,stop,지방자치단체를 당사자로 하는 계약에 관한 법률 시행령 제30조 및 지방자치단체 입찰 및 계약 집행기준,31951609,31951609,"추정가격 31,951,609원 (입찰추정가격 기준)","본 공고는 지방자치단체 수의계약(소액수의견적)으로, 추정가격이 2천만원 초과 1억원 이하인 구간에 해당함. 지방자치단체 입찰 및 계약 집행기준에 따르면 물품/용역의 경우 행정안전부장한 고시금액 미만 시 시·도 단위의 지역제한이 가능하며, 본 공고의 지역제한 범위인 '강원특별자치도'는 법령상 적절한 제한 범위 내에 있음.",False,,12912,216
PPS-DEV-198,v7,0,0,TN,1,markdown_code_fence;comparison_not_string,stop,지방자치단체를 당사자로 하는 계약에 관한 법률 시행령 제30조제1항제2호,50000000,31951609,"추정가격 31,951,609원 (입찰추정가격 기준)","본 공고는 지방계약법 적용 수의계약(소액수의견적) 건으로, 추정가격이 2천만원 초과 1억원 이하인 구간에 해당함. 지방계약법 시행령 제30조제1항제2호 및 제5장 수의계약 운영요령에 따르면, 소기업·소상공인과 체결하는 물품 계약의 경우 추정가격 5천만원 이하까지는 1인 견적 수의계약이 가능하나, 본 건은 지정정보처리장치를 이용한 2인 이상 견적 제출 방식(소액수의견적)을 사용하고 있으며, 지역제한(강원특별자치도)을 설정한 것은 법령상 허용되는 범위 내임.",False,,13465,263
PPS-DEV-199,v4,0,0,TN,1,markdown_code_fence,stop,지방자치단체를 당사자로 하는 계약에 관한 법률 시행령 제20조제1항제5호 및 지방자치단체 입찰 및 계약 집행기준 제4장,230000000,100000000,유사분야 사업수행실적 - 공고일 전일 기준 단일 건 금액 1억원 이상(5년 이내) | 5건 이상 | 6,"본 공고의 입찰추정가격은 116,363,636원으로, 재정경제부장관이 고시한 금액(230,000,000원) 미만입니다. 지방자치단체 입찰 및 계약 집행기준 제4장 제2절에 따라 추정가격이 고시금액 미만인 용역계약의 경우 실적으로 경쟁참가자의 자격을 제한할 수 없으나, 본 건은 실적의 '금액' 기준(단일 건 1억원 이상)을 요구하고 있습니다. 다만, 해당 실적 제한 기준(1억원)이 추정가격(약 1.16억원)의 1배 이내에 해당하므로 법령상 위반으로 보기 어렵습니다.",True,,16507,299
PPS-DEV-199,v5,0,0,TN,1,markdown_code_fence;comparison_not_string,stop,지방자치단체 입찰 및 계약 집행기준 제4장 제2절,128000000,128000000,물품 용역: 행정안전부장관이 고시한 고시금액 미만 시·도 일반용역·물품,"해당 공고의 배정예산금액(128,000,000원)은 지방자치단체 입찰 및 계약 집행기준에 따른 일반용역 고시금액 기준(행정안전부장고시금액 미만) 범위 내에 있으나, 본 건은 '지역제한여부'가 'N'으로 설정되어 있어 지역제한을 적용하지 않았으므로 법령 위반 사항이 없음.",False,,17049,199
PPS-DEV-199,v6,0,0,TN,1,markdown_code_fence;threshold_not_number_or_null,stop,지방자치단체를 당사자로 하는 계약에 관한 법률 시행령 제20조제1항제6호 및 지방자치단체 입찰 및 계약 집행기준,행정안전부장관이 고시한 금액,"116,363,636원 (추정가격)","입찰추정가격 116,363,636원","본 공고의 입찰추정가격은 116,363,636원으로, 지방자치단체 일반용역의 경우 지역제한 입찰의 대상이 되는 금액 기준(행정안전부장고시 금액 미만) 내에 해당하며, 지역제한 입찰을 위한 법적 요건을 위반하지 않음.",False,,18979,195
PPS-DEV-199,v7,0,0,TN,1,markdown_code_fence;threshold_not_number_or_null,stop,지방자치단체를 당사자로 하는 계약에 관한 법률 시행령 제20조제1항제6호 및 지방자치단체 입찰 및 계약 집행기준,"500,000,000원","116,363,636원","입찰추정가격 116,363,636원","본 공고의 입찰추정가격은 116,363,636원으로, 지방자치단체 일반용역의 지역제한 기준 금액(행정안전부장고시 금액 미만 시·도 제한 기준)인 5억원 미만에 해당하므로 법령상 적정한 제한으로 판단됨.",False,,19532,184
PPS-DEV-200,v4,0,0,TN,0,markdown_code_fence;comparison_not_string,stop,지방자치단체를 당사자로 하는 계약에 관한 법률 시행령 제20조제1항제3호,230000000,70135000,"추정가격 70,135,000원 (입찰추정가격 기준)","본 공고는 물품(내자) 계약으로, 지방계약법령상 특수한 설비 또는 기술이 요구되는 물품제조계약의 경우 해당 물품제조계약의 추정가격이 재정경제부장관이 고시한 금액(물품 및 용역 기준 2억 3천만 원) 이상이어야 실적 제한이 가능함. 현재 추정가격은 70,135,000원으로 고시금액인 230,000,000원 미만임에도 불구하고, 실적 제한을 위한 법적 요건을 검토할 필요가 있으나, 현재 제공된 데이터상으로는 실적 제한을 직접적으로 명시한 위반 사항이 발견되지 않음. (단, 고시금액 미만 계약에서 실적 제한을 시도할 경우 위반 가능성이 있으나 본 공고는 지역 및 업종 제한을 수행 중임)",False,,11352,305
PPS-DEV-200,v5,0,0,TN,1,markdown_code_fence;threshold_not_number_or_null,stop,지방자치단체를 당사자로 하는 계약에 관한 법률 시행규칙 제24조 제2호 나목,"500,000,000","70,135,000","추정가격 70,135,000원, 지역제한(대구광역시) 적용","본 공고는 지방공기업이 발주한 물품(내자) 계약으로, 지방계약법령에 따른 지역제한 입찰 대상입니다. 법령상 물품의 제조·구매 등은 행정안전부장관이 고시한 금액(5억원) 미만인 경우 지역제한이 가능합니다. 본 건의 추정가격은 70,135,000원으로 기준금액인 5억 원 미만에 해당하며, 입찰 참가자격으로 '대구광역시 내 소재 업체'를 제한한 것은 법령에 위반되지 않습니다.",False,,11894,235
PPS-DEV-200,v6,0,0,TN,1,markdown_code_fence,stop,지방자치단체를 당사자로 하는 계약에 관한 법률 시행령 제30조제1항제2호 및 제26조제1항제5호가목,70135000,20000000,추정가격 2천만원 초과 1억원 이하인 계약으로서 「중소기업기본법」 제2조제2항에 따른 소기업 또는 「소상공인기본법」 제2조에 따른 소상공인과 체결하는 물품의 제조ㆍ구매ㆍ임차계약 또는 용역계약.,"본 공고의 추정가격은 70,135,000원으로, 지방계약법령상 소기업·소상공인 대상 수의계약 범위(2천만원 초과 1억원 이하)에 해당하며, 지역제한(대구광역시) 및 업종제한(인버터 제조 또는 공급)을 설정한 것은 법령 위반 사항이 발견되지 않음.",False,,13824,252
PPS-DEV-200,v7,0,0,TN,1,markdown_code_fence,stop,지방자치단체를 당사자로 하는 계약에 관한 법률 시행령 제30조 및 제20조,70135000,70135000,다. 공고일 전일[...]부터 입찰일(낙찰자는 계약체결일)까지 법인등기부상 본점 소재지(개인사업자인 경우에는 사업자등록증 또는 관련 법령에 따른 허가·인가·면허·등록·신고 등에 관련된 서류에 기재된 사업장의 소재지를 말한다)가 대구광역시 내에 소재한 업체,"본 공고는 지방계약법을 적용받는 수의계약(소액수의견적) 건으로, 추정가격 70,135,000원은 지방자치단체 입찰 및 계약 집행기준 상의 지역제한 범위(물품/용역의 경우 시·도 단위 제한 가능) 내에 있으며, 공고에서 제시한 '대구광역시' 소재 업체 제한은 법령상 유효한 자격 제한으로 판단됨.",False,,14377,260
