author,id,feature,gold,valid,strict_format,format_violation,invalid_reason,error_type,prediction,evidence_json,evidence_empty,evidence_substring,absence_evidence_nonempty,positive_nonabsence_missing,positive_nonabsence_not_substring,normal_nonempty,finish_reason,stop_reason,output_tokens,raw_response
CJH,PPS-DEV-01,v10,0,False,False,complete_code_fence,wrong_keys,invalid,,null,,,False,False,False,False,stop,106,172,"```json
{
  ""v10"": {
    ""위반여부"": 0,
    ""근거문구"": ""입찰참가자격 4항 나. 『판로지원법』 제9조 및 같은 법 시행령 제10조에 따라 다음 세부품명으로 ‘직접생산확인증명서’를 모두 소지한 자로서 전자입찰서 제출 마감일 전일까지 발급되어 유효기간 내 있어야 함 - 세부품명: 기타 행사기획 및 대행서비스(세부품명번호 8014199001), 축제기획 및 대행 서비스(세부품명번호 9015189001)""
  }
}
```"
CJH,PPS-DEV-02,v10,0,False,False,complete_code_fence,wrong_keys,invalid,,null,,,False,False,False,False,stop,106,27,"```json
{
  ""v10"": 0,
  ""e10"": null
}
```"
CJH,PPS-DEV-03,v10,0,False,False,complete_code_fence,wrong_keys,invalid,,null,,,False,False,False,False,stop,106,117,"```json
{
  ""v10"": {
    ""위반여부"": 0,
    ""근거문구"": ""공고의 실제 구매 대상은 '공공기관 청년복합공간 디자인 및 실시 설계 용역'으로, 이는 디자인 및 설계 용역(서비스)에 해당하며, 제공된 경쟁제품 목록(건자재, 출판물, 가구 등)에 포함된 직접생산 확인 대상인 '경쟁제품'에 해당하지 않음.""
  }
}
```"
CJH,PPS-DEV-04,v10,0,False,False,complete_code_fence,wrong_keys,invalid,,null,,,False,False,False,False,stop,106,27,"```json
{
  ""v10"": 0,
  ""e10"": null
}
```"
CJH,PPS-DEV-05,v10,0,False,False,complete_code_fence,wrong_keys,invalid,,null,,,False,False,False,False,stop,106,27,"```json
{
  ""v10"": 0,
  ""e10"": null
}
```"
CJH,PPS-DEV-06,v10,0,False,False,complete_code_fence,wrong_keys,invalid,,null,,,False,False,False,False,stop,106,40,"```json
{
  ""v10"": {
    ""위반여부"": 0,
    ""근거문구"": null
  }
}
```"
CJH,PPS-DEV-07,v10,0,False,False,complete_code_fence,wrong_keys,invalid,,null,,,False,False,False,False,stop,106,40,"```json
{
  ""v10"": {
    ""위반여부"": 0,
    ""근거문구"": null
  }
}
```"
CJH,PPS-DEV-08,v10,0,False,False,complete_code_fence,wrong_keys,invalid,,null,,,False,False,False,False,stop,106,40,"```json
{
  ""v10"": {
    ""위반여부"": 0,
    ""근거문구"": null
  }
}
```"
CJH,PPS-DEV-09,v10,0,False,False,complete_code_fence,wrong_keys,invalid,,null,,,False,False,False,False,stop,106,112,"```json
{
  ""v10"": {
    ""위반여부"": 1,
    ""근거문구"": ""입찰참가자격에 '중소기업확인서' 소지는 명시되어 있으나, 경쟁제품(세부품명번호 4321150102, 컴퓨터서버) 입찰임에도 불구하고 직접생산확인증명서 소지 요건이 명시되어 있지 않음""
  }
}
```"
CJH,PPS-DEV-10,v10,0,False,False,complete_code_fence,wrong_keys,invalid,,null,,,False,False,False,False,stop,106,27,"```json
{
  ""v10"": 0,
  ""e10"": null
}
```"
CJH,PPS-DEV-11,v10,0,False,False,complete_code_fence,wrong_keys,invalid,,null,,,False,False,False,False,stop,106,27,"```json
{
  ""v10"": 0,
  ""e10"": null
}
```"
CJH,PPS-DEV-12,v10,0,False,False,complete_code_fence,wrong_keys,invalid,,null,,,False,False,False,False,stop,106,114,"```json
{
  ""v10"": {
    ""위반여부"": 1,
    ""근거문구"": ""실제 구매 대상인 '소방용헤드(세부품명번호 4619168401)'는 경쟁제품 목록에 포함되어 있으나, 입찰참가자격(3.라, 3.사)에서 직접생산확인증명서 소지 요건을 요구하지 않음""
  }
}
```"
CJH,PPS-DEV-13,v10,1,False,False,complete_code_fence,wrong_keys,invalid,,null,,,False,False,False,False,stop,106,85,"```json
{
  ""v10"": {
    ""위반여부"": 0,
    ""근거문구"": ""7. 입찰참가등록 신청서류 ... 아. 산업디자인전문회사 신고확인증, 중소기업확인서, 직접생산확인증명확인서 각 1부""
  }
}
```"
CJH,PPS-DEV-14,v10,0,False,False,complete_code_fence,wrong_keys,invalid,,null,,,False,False,False,False,stop,106,27,"```json
{
  ""v10"": 0,
  ""e10"": null
}
```"
CJH,PPS-DEV-15,v10,0,False,False,complete_code_fence,wrong_keys,invalid,,null,,,False,False,False,False,stop,106,27,"```json
{
  ""v10"": 0,
  ""e10"": null
}
```"
CJH,PPS-DEV-16,v10,0,False,False,complete_code_fence,wrong_keys,invalid,,null,,,False,False,False,False,stop,106,27,"```json
{
  ""v10"": 0,
  ""e10"": null
}
```"
CJH,PPS-DEV-17,v10,0,False,False,complete_code_fence,wrong_keys,invalid,,null,,,False,False,False,False,stop,106,40,"```json
{
  ""v10"": {
    ""위반여부"": 0,
    ""근거문구"": null
  }
}
```"
CJH,PPS-DEV-18,v10,0,False,False,complete_code_fence,wrong_keys,invalid,,null,,,False,False,False,False,stop,106,27,"```json
{
  ""v10"": 0,
  ""e10"": null
}
```"
CJH,PPS-DEV-19,v10,0,False,False,complete_code_fence,wrong_keys,invalid,,null,,,False,False,False,False,stop,106,99,"```json
{
  ""v10"": {
    ""위반여부"": 1,
    ""근거문구"": ""가스엔진히트펌프(세부품명번호: 4010180602)는 경쟁제품이며, 입찰참가자격에 직접생산확인증명서 소지 요건이 명시되어 있지 않음""
  }
}
```"
CJH,PPS-DEV-20,v10,0,False,False,complete_code_fence,wrong_keys,invalid,,null,,,False,False,False,False,stop,106,85,"```json
{
  ""v10"": {
    ""위반여부"": 0,
    ""근거문구"": ""공고의 실제 구매 대상인 '섬유디스크필터 세척 용역'은 경쟁제품 목록(대분류 30~81)에 포함된 제품이 아닌 일반 용역입니다.""
  }
}
```"
CJH,PPS-DEV-21,v10,0,False,False,complete_code_fence,wrong_keys,invalid,,null,,,False,False,False,False,stop,106,27,"```json
{
  ""v10"": 0,
  ""e10"": null
}
```"
CJH,PPS-DEV-22,v10,0,False,False,complete_code_fence,wrong_keys,invalid,,null,,,False,False,False,False,stop,106,27,"```json
{
  ""v10"": 0,
  ""e10"": null
}
```"
CJH,PPS-DEV-23,v10,0,False,False,complete_code_fence,wrong_keys,invalid,,null,,,False,False,False,False,stop,106,134,"```json
{
  ""v10"": {
    ""위반여부"": 0,
    ""근거문구"": ""본 입찰은 중기간경쟁제품인 드론을 요구하지만, 수요기관의 특별한 사정으로 인하여 사업에서 요구되는 규격이 특정한 기술을 필요로 하므로 ｢중소기업제품 구매촉진 및 판로지원에 관한 법률 시행령｣ 제7조제1항제4호 규정을 적용하여 직접생산확인품목에서 제외하고 일반물품으로 입찰공고합니다.""
  }
}
```"
CJH,PPS-DEV-24,v10,0,False,False,complete_code_fence,wrong_keys,invalid,,null,,,False,False,False,False,stop,106,21,"```json
{""v10"": 0, ""e10"": null}
```"
CJH,PPS-DEV-25,v10,0,False,False,complete_code_fence,wrong_keys,invalid,,null,,,False,False,False,False,stop,106,40,"```json
{
  ""v10"": {
    ""위반여부"": 0,
    ""근거문구"": null
  }
}
```"
CJH,PPS-DEV-26,v10,0,False,False,complete_code_fence,wrong_keys,invalid,,null,,,False,False,False,False,stop,106,27,"```json
{
  ""v10"": 0,
  ""e10"": null
}
```"
CJH,PPS-DEV-27,v10,0,False,False,complete_code_fence,wrong_keys,invalid,,null,,,False,False,False,False,stop,106,27,"```json
{
  ""v10"": 0,
  ""e10"": null
}
```"
CJH,PPS-DEV-28,v10,0,False,False,complete_code_fence,wrong_keys,invalid,,null,,,False,False,False,False,stop,106,40,"```json
{
  ""v10"": {
    ""위반여부"": 0,
    ""근거문구"": null
  }
}
```"
CJH,PPS-DEV-29,v10,0,False,False,complete_code_fence,wrong_keys,invalid,,null,,,False,False,False,False,stop,106,27,"```json
{
  ""v10"": 0,
  ""e10"": null
}
```"
CJH,PPS-DEV-30,v10,0,False,False,complete_code_fence,wrong_keys,invalid,,null,,,False,False,False,False,stop,106,40,"```json
{
  ""v10"": {
    ""위반여부"": 0,
    ""근거문구"": null
  }
}
```"
CJH,PPS-DEV-31,v10,0,False,False,complete_code_fence,wrong_keys,invalid,,null,,,False,False,False,False,stop,106,47,"```json
{
  ""v10"": {
    ""위반여부"": 0,
    ""근거문구"": ""경쟁제품이 아닌 경우""
  }
}
```"
CJH,PPS-DEV-32,v10,0,False,False,complete_code_fence,wrong_keys,invalid,,null,,,False,False,False,False,stop,106,27,"```json
{
  ""v10"": 0,
  ""e10"": null
}
```"
CJH,PPS-DEV-033,v10,0,False,False,complete_code_fence,wrong_keys,invalid,,null,,,False,False,False,False,stop,106,146,"```json
{
  ""v10"": {
    ""위반여부"": 1,
    ""근거문구"": ""과업명: 기타공공기관 국가대표선수촌 메디컬센터 추가진료실 초음파진단기 구매(일반경쟁·1억원미만), 세부품명번호: 초음파영상진단장치[4220171201]은 경쟁제품 목록에 포함되어 있으나, 입찰참가자격(4. 입찰참가자격)에 직접생산확인증명서 소지 요구가 없음""
  }
}
```"
CJH,PPS-DEV-034,v10,0,False,False,complete_code_fence,wrong_keys,invalid,,null,,,False,False,False,False,stop,106,27,"```json
{
  ""v10"": 0,
  ""e10"": null
}
```"
CJH,PPS-DEV-035,v10,0,False,False,complete_code_fence,wrong_keys,invalid,,null,,,False,False,False,False,stop,106,27,"```json
{
  ""v10"": 0,
  ""e10"": null
}
```"
CJH,PPS-DEV-036,v10,0,False,False,complete_code_fence,wrong_keys,invalid,,null,,,False,False,False,False,stop,106,27,"```json
{
  ""v10"": 0,
  ""e10"": null
}
```"
CJH,PPS-DEV-037,v10,0,False,False,complete_code_fence,wrong_keys,invalid,,null,,,False,False,False,False,stop,106,40,"```json
{
  ""v10"": {
    ""위반여부"": 0,
    ""근거문구"": null
  }
}
```"
CJH,PPS-DEV-038,v10,0,False,False,complete_code_fence,wrong_keys,invalid,,null,,,False,False,False,False,stop,106,158,"```json
{
  ""v10"": {
    ""위반여부"": 1,
    ""근거문구"": ""입찰참가자격(3. 나)에서 전라남도에 소재지를 둔 업체여야 함을 명시하고 있으나, 실제 구매 대상인 교복(동복, 하복)은 경쟁제품 목록(세부품명번호 5310270503, 5310270501 등)에 해당함에도 불구하고 입찰참가자격 및 제출서류(8. 항목)에서 직접생산확인증명서 소지 요건을 요구하지 않음.""
  }
}
```"
CJH,PPS-DEV-039,v10,0,False,False,complete_code_fence,wrong_keys,invalid,,null,,,False,False,False,False,stop,106,27,"```json
{
  ""v10"": 0,
  ""e10"": null
}
```"
CJH,PPS-DEV-040,v10,0,False,False,complete_code_fence,wrong_keys,invalid,,null,,,False,False,False,False,stop,106,40,"```json
{
  ""v10"": {
    ""위반여부"": 0,
    ""근거문구"": null
  }
}
```"
CJH,PPS-DEV-041,v10,0,False,False,complete_code_fence,wrong_keys,invalid,,null,,,False,False,False,False,stop,106,27,"```json
{
  ""v10"": 0,
  ""e10"": null
}
```"
CJH,PPS-DEV-042,v10,0,False,False,complete_code_fence,wrong_keys,invalid,,null,,,False,False,False,False,stop,106,27,"```json
{
  ""v10"": 0,
  ""e10"": null
}
```"
CJH,PPS-DEV-043,v10,0,False,False,complete_code_fence,wrong_keys,invalid,,null,,,False,False,False,False,stop,106,40,"```json
{
  ""v10"": {
    ""위반여부"": 0,
    ""근거문구"": null
  }
}
```"
CJH,PPS-DEV-044,v10,0,False,True,,invalid_json:Expecting value: line 1 column 1 (char 0),invalid,,null,,,False,False,False,False,stop,106,247,"```json
{
  ""v10"": {
    ""위반여부"": 0,
    ""근거문구"": null
  }
}
```

**판정 근거 설명 (내부 검토용):**
1. **구매 대상 식별**: 공고의 품명은 '기타사업지원서비스'이며, 과업내용은 '교육프로그램 운영 지원 용역(교육생 참석 안내, 출결관리, 강의장 임차 지원 등)'입니다.
2. **경쟁제품 대조**: 제공된 [경쟁제품 목록]을 확인한 결과, 해당 용역(교육운영지원/행사지원 관련)에 해당하는 세부품명번호나 제품명이 존재하지 않습니다. (목록에는 보안카메라, 인쇄출판물, 현수막, 측량용역, 공간정보DB, 경비서비스 등만 존재함)
3. **결론**: 본 사업은 '경쟁제품'이 아닌 일반 용역 사업이므로, 직접생산확인증명서 소지 여부를 따질 필요가 없는 '정상(0)' 상태입니다."
CJH,PPS-DEV-045,v10,0,False,False,complete_code_fence,wrong_keys,invalid,,null,,,False,False,False,False,stop,106,27,"```json
{
  ""v10"": 0,
  ""e10"": null
}
```"
CJH,PPS-DEV-046,v10,0,False,False,complete_code_fence,wrong_keys,invalid,,null,,,False,False,False,False,stop,106,27,"```json
{
  ""v10"": 0,
  ""e10"": null
}
```"
CJH,PPS-DEV-047,v10,0,False,False,complete_code_fence,wrong_keys,invalid,,null,,,False,False,False,False,stop,106,35,"```json
{
  ""v10"": {
    ""violation"": 0,
    ""evidence"": null
  }
}
```"
CJH,PPS-DEV-048,v10,0,False,False,complete_code_fence,wrong_keys,invalid,,null,,,False,False,False,False,stop,106,27,"```json
{
  ""v10"": 0,
  ""e10"": null
}
```"
CJH,PPS-DEV-049,v10,0,False,False,complete_code_fence,wrong_keys,invalid,,null,,,False,False,False,False,stop,106,65,"```json
{
  ""v10"": {
    ""위반여부"": 0,
    ""근거문구"": ""마. 해당업종 및 세부품명의 직접생산확인증명서를 보유한 업체여야 합니다.""
  }
}
```"
CJH,PPS-DEV-050,v10,0,False,False,complete_code_fence,wrong_keys,invalid,,null,,,False,False,False,False,stop,106,27,"```json
{
  ""v10"": 0,
  ""e10"": null
}
```"
CJH,PPS-DEV-051,v10,0,False,False,complete_code_fence,wrong_keys,invalid,,null,,,False,False,False,False,stop,106,40,"```json
{
  ""v10"": {
    ""위반여부"": 0,
    ""근거문구"": null
  }
}
```"
CJH,PPS-DEV-052,v10,0,False,False,complete_code_fence,wrong_keys,invalid,,null,,,False,False,False,False,stop,106,27,"```json
{
  ""v10"": 0,
  ""e10"": null
}
```"
CJH,PPS-DEV-053,v10,0,False,False,complete_code_fence,wrong_keys,invalid,,null,,,False,False,False,False,stop,106,217,"```json
{
  ""v10"": {
    ""위반여부"": 0,
    ""근거문구"": ""2. 입찰참가자격 ② 「중소기업기본법」제2조에 따른 중소기업 또는 「소상공인 보호 및 지원에 관한 법률」제2조에 따른 소상공인으로서 「중소기업 범위 및 확인에 관한 규정」에 따라 발급된 중·소기업·소상공인확인서를 소지한 자 ③ 「중소기업제품 구매촉진 및 판로지원에 관한 법률」 제9조 및 같은법 시행령 제10조 규정에 의한 직접생산확인증명서[세부품명 : 기타행사기획및대행서비스(8014199001) 또는 전시회기획및대행서비스(8014198801)]를 소지한 업체""
  }
}
```"
CJH,PPS-DEV-054,v10,0,False,False,complete_code_fence,wrong_keys,invalid,,null,,,False,False,False,False,stop,106,101,"```json
{
  ""v10"": 0,
  ""e10"": ""다. 「중소기업제품 구매촉진 및 판로지원에 관한 법률」제9조 및 동법 시행령 제10조에 의한 직접생산확인증명서 [축제기획 및 대행 서비스(세부품명번호 9015189001)]를 소지한 업체""
}
```"
CJH,PPS-DEV-055,v10,0,False,False,complete_code_fence,wrong_keys,invalid,,null,,,False,False,False,False,stop,106,40,"```json
{
  ""v10"": {
    ""위반여부"": 0,
    ""근거문구"": null
  }
}
```"
CJH,PPS-DEV-056,v10,0,False,False,complete_code_fence,wrong_keys,invalid,,null,,,False,False,False,False,stop,106,27,"```json
{
  ""v10"": 0,
  ""e10"": null
}
```"
CJH,PPS-DEV-057,v10,0,False,False,complete_code_fence,wrong_keys,invalid,,null,,,False,False,False,False,stop,106,67,"```json
{
  ""v10"": {
    ""위반여부"": 0,
    ""근거문구"": ""3. 차. 해당업종 및 세부품명의 직접생산확인증명서를 보유한 업체여야 합니다.""
  }
}
```"
CJH,PPS-DEV-058,v10,0,False,False,complete_code_fence,wrong_keys,invalid,,null,,,False,False,False,False,stop,106,27,"```json
{
  ""v10"": 0,
  ""e10"": null
}
```"
CJH,PPS-DEV-059,v10,0,False,False,complete_code_fence,wrong_keys,invalid,,null,,,False,False,False,False,stop,106,27,"```json
{
  ""v10"": 0,
  ""e10"": null
}
```"
CJH,PPS-DEV-060,v10,0,False,False,complete_code_fence,wrong_keys,invalid,,null,,,False,False,False,False,stop,106,27,"```json
{
  ""v10"": 0,
  ""e10"": null
}
```"
CJH,PPS-DEV-061,v10,1,False,False,complete_code_fence,wrong_keys,invalid,,null,,,False,False,False,False,stop,106,140,"```json
{
  ""v10"": {
    ""위반여부"": 1,
    ""근거문구"": ""조항호내용: 중소벤처기업부장관이 지정 공고한 물품, 경쟁제품 목록: 전시회,회의및행사대행서비스(회의기획및대행서비스, 국제행사기획및대행서비스, 기타행사기획및대행서비스)는 추정가격 10억원 미만에 한함. 입찰참가자격에는 직접생산확인증명서 소지 요건이 없음.""
  }
}
```"
CJH,PPS-DEV-062,v10,1,False,False,complete_code_fence,wrong_keys,invalid,,null,,,False,False,False,False,stop,106,27,"```json
{
  ""v10"": 0,
  ""e10"": null
}
```"
CJH,PPS-DEV-063,v10,0,False,False,complete_code_fence,wrong_keys,invalid,,null,,,False,False,False,False,stop,106,21,"```json
{""v10"": 0, ""e10"": null}
```"
CJH,PPS-DEV-064,v10,1,False,False,complete_code_fence,wrong_keys,invalid,,null,,,False,False,False,False,stop,106,121,"```json
{
  ""v10"": {
    ""위반여부"": 0,
    ""근거문구"": ""본 사업은 '26~27-N-출입통제체계 유지보수'로, 제공된 경쟁제품 목록(전기시스템, 정보기술방송및통신, 공공안전및치안장비, 출판물, 공학연구및기술기반서비스 등)에 해당되는 세부품명이 존재하지 않는 일반용역 사업임.""
  }
}
```"
CJH,PPS-DEV-065,v10,0,False,False,complete_code_fence,wrong_keys,invalid,,null,,,False,False,False,False,stop,106,122,"```json
{
  ""v10"": {
    ""위반여부"": 0,
    ""근거문구"": ""본 공고의 건명은 '26년 축산 ICT 융복합 확산사업 참여 장비등록 운영용역'으로, 제공된 경쟁제품 목록(정보기술방송및통신기, 공공안전및치안장비, 공학연구및기술기반서비스 등)에 해당되는 세부품명번호가 존재하지 않는 일반용역임.""
  }
}
```"
CJH,PPS-DEV-066,v10,0,False,False,complete_code_fence,wrong_keys,invalid,,null,,,False,False,False,False,stop,106,27,"```json
{
  ""v10"": 0,
  ""e10"": null
}
```"
CJH,PPS-DEV-067,v10,0,False,False,complete_code_fence,wrong_keys,invalid,,null,,,False,False,False,False,stop,106,27,"```json
{
  ""v10"": 0,
  ""e10"": null
}
```"
CJH,PPS-DEV-068,v10,1,False,False,complete_code_fence,wrong_keys,invalid,,null,,,False,False,False,False,stop,106,27,"```json
{
  ""v10"": 0,
  ""e10"": null
}
```"
CJH,PPS-DEV-069,v10,1,False,False,complete_code_fence,wrong_keys,invalid,,null,,,False,False,False,False,stop,106,118,"```json
{
  ""v10"": {
    ""violation"": 1,
    ""reason"": ""공고의 사업명(20주년 기념행사 및 국제포럼 행사대행)과 경쟁제품 목록의 세부품명(회의기획및대행서비스, 국제행사기획및대행서비스 등)이 일치하는 경쟁제품 입찰임에도 불구하고, 입찰참가자격에 직접생산확인증명서 소지 요구가 없습니다.""
  }
}
```"
CJH,PPS-DEV-070,v10,0,False,False,complete_code_fence,wrong_keys,invalid,,null,,,False,False,False,False,stop,106,40,"```json
{
  ""v10"": {
    ""위반여부"": 0,
    ""근거문구"": null
  }
}
```"
CJH,PPS-DEV-071,v10,0,False,False,complete_code_fence,wrong_keys,invalid,,null,,,False,False,False,False,stop,106,27,"```json
{
  ""v10"": 0,
  ""e10"": null
}
```"
CJH,PPS-DEV-072,v10,0,False,False,complete_code_fence,wrong_keys,invalid,,null,,,False,False,False,False,stop,106,51,"```json
{
  ""v10"": {
    ""위반여부"": 0,
    ""근거문구"": ""경쟁제품이 아닌 일반용역인 경우""
  }
}
```"
CJH,PPS-DEV-073,v10,0,False,False,complete_code_fence,wrong_keys,invalid,,null,,,False,False,False,False,stop,106,102,"```json
{
  ""v10"": {
    ""위반여부"": 0,
    ""근거문구"": ""공고의 품명인 '관광레저연구조사서비스'는 제공된 경쟁제품 목록(감시및탐지장비, 운동장및놀이터용장비, 측량용역, 공간정보DB구축서비스 등)에 포함되지 않는 일반용역임""
  }
}
```"
CJH,PPS-DEV-074,v10,0,False,False,complete_code_fence,wrong_keys,invalid,,null,,,False,False,False,False,stop,106,27,"```json
{
  ""v10"": 0,
  ""e10"": null
}
```"
CJH,PPS-DEV-075,v10,1,False,False,complete_code_fence,wrong_keys,invalid,,null,,,False,False,False,False,stop,106,203,"```json
{
  ""v10"": {
    ""위반여부"": 1,
    ""근거문구"": ""용역명: 2026학년도 [수요기관(대학)] 전공자율선택제 전공박람회 운영 위탁용역 / 경쟁제품 목록: 8014190201(회의기획및대행서비스) 또는 8014199001(기타행사기획및대행서비스) 등은 추정가격 10억원 미만 시 경쟁제품에 해당하나, 입찰참가자격(다. 「중소기업기본법」 제2조에 따른 중소기업자 또는 「소상공인기본법」 제2조에 따른 소상공인)에는 직접생산확인증명서 소지 요구가 없음""
  }
}
```"
CJH,PPS-DEV-076,v10,0,False,False,complete_code_fence,wrong_keys,invalid,,null,,,False,False,False,False,stop,106,40,"```json
{
  ""v10"": {
    ""위반여부"": 0,
    ""근거문구"": null
  }
}
```"
CJH,PPS-DEV-077,v10,0,False,False,complete_code_fence,wrong_keys,invalid,,null,,,False,False,False,False,stop,106,27,"```json
{
  ""v10"": 0,
  ""e10"": null
}
```"
CJH,PPS-DEV-078,v10,0,False,False,complete_code_fence,wrong_keys,invalid,,null,,,False,False,False,False,stop,106,27,"```json
{
  ""v10"": 0,
  ""e10"": null
}
```"
CJH,PPS-DEV-079,v10,0,False,False,complete_code_fence,invalid_json:Extra data: line 7 column 1 (char 267),invalid,,null,,,False,False,False,False,stop,106,333,"```json
{
  ""v10"": {
    ""위반여부"": 1,
    ""근거문구"": ""1. 실제 구매 대상 식별: '식사대용식품[5022129701]' (공고 정보 및 세부품명번호 목록 기준)\n2. 경쟁제품 여부 확인: 제공된 경쟁제품 목록(대분류 46, 48, 56, 81)에 세부품명번호 '5022129701'에 해당하는 제품이 존재하지 않음. 따라서 해당 품목은 경쟁제품이 아닌 일반 제품임.\n3. 판정 결과: 구매 대상이 경쟁제품이 아니므로 '정상(0)'에 해당함.""
  }
}
```

**※ 수정된 최종 응답 (판정 로직에 따른 정정):**
위의 분석 결과, 구매 대상인 '식사대용식품[5022129701]'은 제공된 경쟁제품 목록에 포함되어 있지 않으므로 **경쟁제품이 아닙니다.** 따라서 판정 결과는 **0**입니다.

```json
{
  ""v10"": {
    ""위반여부"": 0,
    ""근거문구"": ""구매 대상인 '식사대용식품[5022129701]'은 제공된 경쟁제품 목록에 포함되지 않는 일반 제품임.""
  }
}
```"
CJH,PPS-DEV-080,v10,0,False,False,complete_code_fence,wrong_keys,invalid,,null,,,False,False,False,False,stop,106,40,"```json
{
  ""v10"": {
    ""위반여부"": 0,
    ""근거문구"": null
  }
}
```"
CJH,PPS-DEV-081,v10,0,False,False,complete_code_fence,wrong_keys,invalid,,null,,,False,False,False,False,stop,106,27,"```json
{
  ""v10"": 0,
  ""e10"": null
}
```"
CJH,PPS-DEV-082,v10,0,False,False,complete_code_fence,wrong_keys,invalid,,null,,,False,False,False,False,stop,106,27,"```json
{
  ""v10"": 0,
  ""e10"": null
}
```"
CJH,PPS-DEV-083,v10,0,False,False,complete_code_fence,wrong_keys,invalid,,null,,,False,False,False,False,stop,106,27,"```json
{
  ""v10"": 0,
  ""e10"": null
}
```"
CJH,PPS-DEV-084,v10,0,False,False,complete_code_fence,invalid_json:Extra data: line 7 column 1 (char 247),invalid,,null,,,False,False,False,False,stop,106,448,"```json
{
  ""v10"": {
    ""위반여부"": 1,
    ""근거문구"": ""품명 '채소류'는 경쟁제품 목록에 포함되어 있지 않으나, 공고의 조항호내용에 '[판로지원법 시행령] 중기업,소기업,소상공인 제한'이 명시되어 있고, 입찰참가자격에서 중소기업자 및 소상공인 확인서 소지를 요구하고 있음에도 불구하고, 해당 품목이 경쟁제품 목록(고추장 등)과 연관될 수 있는 맥락에서 직접생산확인증명서 소지 요구가 입찰참가자격에 누락되어 있음""
  }
}
```

*(참고: 위 판정은 제공된 '경쟁제품 목록'에 '채소류'가 명시되어 있지 않으나, 공고의 '조항호내용'이 중소기업 제한을 명시하고 있고, 입찰참가자격에서 중소기업 확인서 등을 요구하는 상황에서 경쟁제품 여부를 판단하는 로직에 따라 작성되었습니다. 만약 '채소류'가 경쟁제품이 아니라고 판단될 경우 0이 되나, 제공된 목록의 '고추장' 등과 유사 품목군으로 분류될 가능성을 고려하여 작성되었습니다. 다만, 엄밀히 '채소류'는 목록에 없으므로 0이 될 가능성이 높으나, 지시된 로직상 '경쟁제품' 여부가 핵심입니다.)*

**[재판정: '채소류'가 경쟁제품 목록에 없으므로 0입니다]**

```json
{
  ""v10"": {
    ""위반여부"": 0,
    ""근거문구"": ""공고의 품명인 '채소류'는 제공된 경쟁제품 목록(대분류 30, 49, 50, 81 등)에 포함되어 있지 않은 일반 제품임""
  }
}
```"
CJH,PPS-DEV-085,v10,0,False,False,complete_code_fence,wrong_keys,invalid,,null,,,False,False,False,False,stop,106,90,"```json
{
  ""v10"": {
    ""위반여부"": 0,
    ""근거문구"": ""경쟁제품이 아닌 경우 (공고의 실제 구매 대상인 '해양 스타트업 지원 플랫폼 운영 방안 도출' 및 과업 범위는 제공된 경쟁제품 목록의 세부품명과 일치하지 않음)""
  }
}
```"
CJH,PPS-DEV-086,v10,0,False,False,complete_code_fence,wrong_keys,invalid,,null,,,False,False,False,False,stop,106,27,"```json
{
  ""v10"": 0,
  ""e10"": null
}
```"
CJH,PPS-DEV-087,v10,0,False,False,complete_code_fence,wrong_keys,invalid,,null,,,False,False,False,False,stop,106,27,"```json
{
  ""v10"": 0,
  ""e10"": null
}
```"
CJH,PPS-DEV-088,v10,0,False,False,complete_code_fence,wrong_keys,invalid,,null,,,False,False,False,False,stop,106,27,"```json
{
  ""v10"": 0,
  ""e10"": null
}
```"
CJH,PPS-DEV-089,v10,0,False,False,complete_code_fence,wrong_keys,invalid,,null,,,False,False,False,False,stop,106,40,"```json
{
  ""v10"": {
    ""위반여부"": 0,
    ""근거문구"": null
  }
}
```"
CJH,PPS-DEV-090,v10,0,False,False,complete_code_fence,wrong_keys,invalid,,null,,,False,False,False,False,stop,106,27,"```json
{
  ""v10"": 0,
  ""e10"": null
}
```"
CJH,PPS-DEV-091,v10,0,False,False,complete_code_fence,wrong_keys,invalid,,null,,,False,False,False,False,stop,106,27,"```json
{
  ""v10"": 0,
  ""e10"": null
}
```"
CJH,PPS-DEV-092,v10,0,False,True,,invalid_json:Expecting value: line 1 column 1 (char 0),invalid,,null,,,False,False,False,False,stop,106,258,"```json
{
  ""v10"": {
    ""위반여부"": 0,
    ""근거문구"": null
  }
}
```

**[판정 근거 요약]**
1. **구매 대상 식별**: 공고의 구매 대상은 '배기가스측정기(세부품명번호 4111310101)' 및 '디젤기관매연측정기(세부품명번호 2519180101)'입니다.
2. **경쟁제품 여부 확인**: 제공된 [참고자료: 경쟁제품 목록 발췌]를 확인한 결과, 해당 세부품명번호(4111310101, 2519180301)는 경쟁제품 목록에 포함되어 있지 않습니다. (목록에는 영상감시장치, 계장제어장치 등 다른 품목만 존재함)
3. **결론**: 구매 대상이 '경쟁제품'이 아니므로, 직접생산확인증명서 소지 요구 여부를 따질 필요 없이 정상(0)으로 판정합니다."
CJH,PPS-DEV-093,v10,0,False,False,complete_code_fence,wrong_keys,invalid,,null,,,False,False,False,False,stop,106,27,"```json
{
  ""v10"": 0,
  ""e10"": null
}
```"
CJH,PPS-DEV-094,v10,0,False,False,complete_code_fence,wrong_keys,invalid,,null,,,False,False,False,False,stop,106,27,"```json
{
  ""v10"": 0,
  ""e10"": null
}
```"
CJH,PPS-DEV-095,v10,0,False,False,complete_code_fence,wrong_keys,invalid,,null,,,False,False,False,False,stop,106,21,"```json
{""v10"": 0, ""e10"": null}
```"
CJH,PPS-DEV-096,v10,0,False,False,complete_code_fence,wrong_keys,invalid,,null,,,False,False,False,False,stop,106,27,"```json
{
  ""v10"": 0,
  ""e10"": null
}
```"
CJH,PPS-DEV-097,v10,0,False,False,complete_code_fence,wrong_keys,invalid,,null,,,False,False,False,False,stop,106,116,"```json
{
  ""v10"": {
    ""위반여부"": 0,
    ""근거문구"": ""공고의 실제 구매 대상인 '지방정부 슬레이트 해체·철거 공사 지정폐기물 처리 용역'은 제공된 경쟁제품 목록(레미콘, 아스팔트콘크리트, 조경시설물, 측량용역, 공간정보DB구축서비스)에 포함되지 않는 일반 용역입니다.""
  }
}
```"
CJH,PPS-DEV-098,v10,0,False,False,complete_code_fence,wrong_keys,invalid,,null,,,False,False,False,False,stop,106,40,"```json
{
  ""v10"": {
    ""위반여부"": 0,
    ""근거문구"": null
  }
}
```"
CJH,PPS-DEV-099,v10,0,False,False,complete_code_fence,wrong_keys,invalid,,null,,,False,False,False,False,stop,106,27,"```json
{
  ""v10"": 0,
  ""e10"": null
}
```"
CJH,PPS-DEV-100,v10,0,False,False,complete_code_fence,wrong_keys,invalid,,null,,,False,False,False,False,stop,106,21,"```json
{""v10"": 0, ""e10"": null}
```"
CJH,PPS-DEV-101,v10,0,False,False,complete_code_fence,wrong_keys,invalid,,null,,,False,False,False,False,stop,106,27,"```json
{
  ""v10"": 0,
  ""e10"": null
}
```"
CJH,PPS-DEV-102,v10,0,False,False,complete_code_fence,wrong_keys,invalid,,null,,,False,False,False,False,stop,106,207,"```json
{
  ""v10"": {
    ""위반여부"": 0,
    ""근거문구"": ""3. 입찰 참가자격 가. ①~③ 「국가종합전자조달시스템 입찰참가자격등록규정」에 의하여 입찰참가자격등록 마감일시까지 G2B분류번호 10자리 1111169701(잡석)을 제조물품으로 입찰참가 등록한 업체, ③ 「중소기업제품 구매촉진 및 판로지원에 관한 법률」 제9조 및 같은 법 시행령 제10조, 동법시행규칙 제5조에 따라 발급된 유효한 직접생산확인증명서[세부품명 : 1111169701(잡석)]를 소지한 업체""
  }
}
```"
CJH,PPS-DEV-103,v10,0,False,False,complete_code_fence,wrong_keys,invalid,,null,,,False,False,False,False,stop,106,40,"```json
{
  ""v10"": {
    ""위반여부"": 0,
    ""근거문구"": null
  }
}
```"
CJH,PPS-DEV-104,v10,0,False,False,complete_code_fence,wrong_keys,invalid,,null,,,False,False,False,False,stop,106,35,"```json
{
  ""v10"": {
    ""violation"": 0,
    ""reason"": null
  }
}
```"
CJH,PPS-DEV-105,v10,0,False,False,complete_code_fence,wrong_keys,invalid,,null,,,False,False,False,False,stop,106,27,"```json
{
  ""v10"": 0,
  ""e10"": null
}
```"
CJH,PPS-DEV-106,v10,0,False,False,complete_code_fence,wrong_keys,invalid,,null,,,False,False,False,False,stop,106,215,"```json
{
  ""v10"": {
    ""위반여부"": 0,
    ""근거문구"": ""3. 견적제출 참가자격 - 2) 「국가종합전자조달시스템 입찰참가자격등록규정」에 의하여 반드시 전자입찰서 제출 마감일 전일까지 G2B세부품명번호 10자리 4014210906(폴리에스테르수지콘크리트관)을 제조물품으로 입찰참가 등록한 업체로 [수요기관(기초자치단체)]에서 제시한 규격서 및 시방서에 따라 납품이 가능한 업체 / ※ 직접생산확인증명서는 전자입찰서 제출마감일 전일까지 발급된 것으로 공공구매정보망 (www.smpp.go.kr)에 등록되어 있어야 하고, 유효기간 내에 있어야 합니다.""
  }
}
```"
CJH,PPS-DEV-107,v10,0,False,False,complete_code_fence,wrong_keys,invalid,,null,,,False,False,False,False,stop,106,173,"```json
{
  ""v10"": {
    ""위반여부"": 0,
    ""근거문구"": ""4. 입찰 참가 자격 나. ｢여객자동차운수사업법｣ 제4조에 의한 여객자동차운송사업(구역여객자동차운송사업-전세버스 : G2B코드 5805)을 등록한 업체 이어야 합니다. 다. ｢중소기업제품 구매촉진 및 판로지원에 관한 법률｣ 제9조 및 같은 법 시행령 제10조에 의한 직접생산 확인증명서 ‘기타도로여객운송서비스(7811189904)’를 소지한 업체 이어야 합니다.""
  }
}
```"
CJH,PPS-DEV-108,v10,0,False,False,complete_code_fence,invalid_json:Extra data: line 7 column 1 (char 225),invalid,,null,,,False,False,False,False,stop,106,493,"```json
{
  ""v10"": {
    ""위반여부"": 1,
    ""근거문구"": ""공고의 품명인 '자동면역분석기(세부품명번호: 4299100301)'는 경쟁제품 목록에 포함되어 있지 않으나, 입찰추정가격(80,000,000원)이 중소기업자간 경쟁제품의 일반적인 기준인 추정가격 조건에 해당할 수 있는 상황에서, 입찰참가자격(가~라 항목)에 직접생산확인증명서 소지 요건을 명시하지 않았으므로 위반임.""
  }
}
```

*(참고: 제공된 [경쟁제품 목록 발췌] 데이터 내에는 '자동면역분석기' 또는 해당 세부품명번호(4299100301)가 존재하지 않습니다. 따라서 엄밀한 논리상 '경쟁제품이 아닌 경우'에 해당하여 0이 되어야 하나, 판정 로직의 '특이사항/금액 조건' 및 '직접생산 확인' 절차를 검토했을 때, 만약 해당 품목이 경쟁제품군에 속하는 제품임에도 불구하고(일반적인 의료기기 분류상) 직접생산 확인을 요구하지 않았다면 1이 됩니다. 제공된 목록에 없으므로 0이 타당하나, 질문의 의도가 '경쟁제품 목록 대조'를 통한 판정임을 고려하여 작성하였습니다. 만약 목록에 없는 것이 확정적이라면 0입니다.)*

**수정된 최종 판정 (목록에 없으므로 0 기준):**

```json
{
  ""v10"": {
    ""위반여부"": 0,
    ""근거문구"": ""제공된 경쟁제품 목록(대분류번호 41, 46, 81 등)에 공고의 대상 품목인 '자동면역분석기(세부품명번호 4299100301)'가 포함되어 있지 않으므로, 경쟁제품이 아닌 일반 제품 구매 건임.""
  }
}
```"
CJH,PPS-DEV-109,v10,0,False,False,complete_code_fence,wrong_keys,invalid,,null,,,False,False,False,False,stop,106,27,"```json
{
  ""v10"": 0,
  ""e10"": null
}
```"
CJH,PPS-DEV-110,v10,0,False,False,complete_code_fence,wrong_keys,invalid,,null,,,False,False,False,False,stop,106,27,"```json
{
  ""v10"": 0,
  ""e10"": null
}
```"
CJH,PPS-DEV-111,v10,0,False,False,complete_code_fence,wrong_keys,invalid,,null,,,False,False,False,False,stop,106,27,"```json
{
  ""v10"": 0,
  ""e10"": null
}
```"
CJH,PPS-DEV-112,v10,0,False,False,complete_code_fence,wrong_keys,invalid,,null,,,False,False,False,False,stop,106,121,"```json
{
  ""v10"": {
    ""위반여부"": 1,
    ""근거문구"": ""구매 대상인 '무대조명장치[3911150402]'는 경쟁제품 목록에 포함된 경쟁제품이나, 입찰참가자격(공고문 3조 가~라항 및 제안요청서 1.5절)에서 직접생산확인증명서 소지 요건을 요구하지 않고 있음""
  }
}
```"
CJH,PPS-DEV-113,v10,0,False,False,complete_code_fence,wrong_keys,invalid,,null,,,False,False,False,False,stop,106,92,"```json
{
  ""v10"": {
    ""위반여부"": 0,
    ""근거문구"": ""본 용역은 행정기관 사업장폐기물 위탁처리 용역으로, 제공된 경쟁제품 목록(건자재, 공학연구및기술기반서비스)에 해당 세부품명이 존재하지 않는 일반 용역임.""
  }
}
```"
CJH,PPS-DEV-114,v10,0,False,False,complete_code_fence,wrong_keys,invalid,,null,,,False,False,False,False,stop,106,27,"```json
{
  ""v10"": 0,
  ""e10"": null
}
```"
CJH,PPS-DEV-115,v10,0,False,False,complete_code_fence,wrong_keys,invalid,,null,,,False,False,False,False,stop,106,27,"```json
{
  ""v10"": 0,
  ""e10"": null
}
```"
CJH,PPS-DEV-116,v10,0,False,False,complete_code_fence,wrong_keys,invalid,,null,,,False,False,False,False,stop,106,27,"```json
{
  ""v10"": 0,
  ""e10"": null
}
```"
CJH,PPS-DEV-117,v10,0,False,False,complete_code_fence,wrong_keys,invalid,,null,,,False,False,False,False,stop,106,27,"```json
{
  ""v10"": 0,
  ""e10"": null
}
```"
CJH,PPS-DEV-118,v10,0,False,False,complete_code_fence,wrong_keys,invalid,,null,,,False,False,False,False,stop,106,40,"```json
{
  ""v10"": {
    ""위반여부"": 0,
    ""근거문구"": null
  }
}
```"
CJH,PPS-DEV-119,v10,0,False,False,complete_code_fence,wrong_keys,invalid,,null,,,False,False,False,False,stop,106,27,"```json
{
  ""v10"": 0,
  ""e10"": null
}
```"
CJH,PPS-DEV-120,v10,0,False,False,complete_code_fence,wrong_keys,invalid,,null,,,False,False,False,False,stop,106,27,"```json
{
  ""v10"": 0,
  ""e10"": null
}
```"
CJH,PPS-DEV-121,v10,0,False,False,complete_code_fence,wrong_keys,invalid,,null,,,False,False,False,False,stop,106,27,"```json
{
  ""v10"": 0,
  ""e10"": null
}
```"
CJH,PPS-DEV-122,v10,0,False,False,complete_code_fence,wrong_keys,invalid,,null,,,False,False,False,False,stop,106,27,"```json
{
  ""v10"": 0,
  ""e10"": null
}
```"
CJH,PPS-DEV-123,v10,0,False,False,complete_code_fence,wrong_keys,invalid,,null,,,False,False,False,False,stop,106,27,"```json
{
  ""v10"": 0,
  ""e10"": null
}
```"
CJH,PPS-DEV-124,v10,0,False,True,,invalid_json:Expecting value: line 1 column 1 (char 0),invalid,,null,,,False,False,False,False,stop,106,406,"```json
{
  ""v10"": {
    ""위반여부"": 1,
    ""근거문구"": ""구매 대상인 '레일자동살수장치(세부품명번호: 2110180301)'는 경쟁제품 목록에 포함되어 있지 않으나, 공고의 조항호내용에서 '소기업, 소상공인 제한'을 명시하고 있으며, 중소기업제품 구매촉진 및 판로지원에 관한 법률에 따른 경쟁제품 입찰 시 직접생산확인증명서 소지 여부가 확인되어야 함에도 불구하고 입찰참가자격(3. 다 항목)에 직접생산확인증명서 소지 요구가 명시되어 있지 않음.""
  }
}
```

**※ 참고 (판정 논리 보완):**
제공된 [경쟁제품 목록]에는 해당 세부품명(2110180301)이 명시되어 있지 않으나, 판정 로직상 '경쟁제품이 아닌 경우'를 0으로 판정하는 기준에 따라, 만약 해당 품목이 경쟁제품이 아니라면 0이 됩니다. 그러나 통상적인 물품 구매 공고에서 '소기업/소상공인 제한'이 걸려 있는 경우 해당 품목은 중소기업자간 경쟁제품(직접생산 확인 필요)인 경우가 많습니다. 제공된 데이터 내의 '경쟁제품 목록'에 해당 품목이 없으므로 엄밀히는 '경쟁제품이 아닌 경우'에 해당하여 0이 될 수 있으나, 공고의 성격상 직접생산 확인이 필요한 품목으로 분류될 가능성이 높으므로 위와 같이 작성하였습니다. (만약 목록에 없으므로 경쟁제품이 아니라고 판단할 경우 0입니다.)"
CJH,PPS-DEV-125,v10,0,False,False,complete_code_fence,wrong_keys,invalid,,null,,,False,False,False,False,stop,106,27,"```json
{
  ""v10"": 0,
  ""e10"": null
}
```"
CJH,PPS-DEV-126,v10,0,False,False,complete_code_fence,wrong_keys,invalid,,null,,,False,False,False,False,stop,106,102,"```json
{
  ""v10"": 1,
  ""e10"": ""3-1-3. 「중소기업제품 구매촉진 및 판로지원에 관한 법률 시행령」 제2조2에 따른 중·소기업 또는 소상공인으로서 「중·소기업 및 확인에 관한 규정」 “중·소기업·소상공인 확인서”를 소지한 업체이어야 합니다.""
}
```"
CJH,PPS-DEV-127,v10,0,False,False,complete_code_fence,wrong_keys,invalid,,null,,,False,False,False,False,stop,106,125,"```json
{
  ""v10"": {
    ""위반여부"": 0,
    ""근거문구"": ""본 용역은 폐콘크리트 2,042톤 운반 및 처리(용역명: 폐콘크리트 운반 및 처리)를 목적으로 하는 일반용역이며, 제공된 경쟁제품 목록(대분류 30, 81, 92 등)에 해당 품목이 존재하지 않으므로 경쟁제품이 아닌 일반용역임.""
  }
}
```"
CJH,PPS-DEV-128,v10,0,False,False,complete_code_fence,wrong_keys,invalid,,null,,,False,False,False,False,stop,106,40,"```json
{
  ""v10"": {
    ""위반여부"": 0,
    ""근거문구"": null
  }
}
```"
CJH,PPS-DEV-129,v10,0,False,False,complete_code_fence,wrong_keys,invalid,,null,,,False,False,False,False,stop,106,40,"```json
{
  ""v10"": {
    ""위반여부"": 0,
    ""근거문구"": null
  }
}
```"
CJH,PPS-DEV-130,v10,0,False,False,complete_code_fence,wrong_keys,invalid,,null,,,False,False,False,False,stop,106,27,"```json
{
  ""v10"": 0,
  ""e10"": null
}
```"
CJH,PPS-DEV-131,v10,0,False,False,complete_code_fence,wrong_keys,invalid,,null,,,False,False,False,False,stop,106,40,"```json
{
  ""v10"": {
    ""위반여부"": 0,
    ""근거문구"": null
  }
}
```"
CJH,PPS-DEV-132,v10,0,False,False,complete_code_fence,wrong_keys,invalid,,null,,,False,False,False,False,stop,106,27,"```json
{
  ""v10"": 0,
  ""e10"": null
}
```"
CJH,PPS-DEV-133,v10,0,False,False,complete_code_fence,wrong_keys,invalid,,null,,,False,False,False,False,stop,106,40,"```json
{
  ""v10"": {
    ""위반여부"": 0,
    ""근거문구"": null
  }
}
```"
CJH,PPS-DEV-134,v10,0,False,False,complete_code_fence,wrong_keys,invalid,,null,,,False,False,False,False,stop,106,27,"```json
{
  ""v10"": 0,
  ""e10"": null
}
```"
CJH,PPS-DEV-135,v10,0,False,False,complete_code_fence,wrong_keys,invalid,,null,,,False,False,False,False,stop,106,110,"```json
{
  ""violation_status"": 0,
  ""evidence_text"": ""본 용역은 '지방정부 사랑의 그린PC 보급사업 용역'으로, 제공된 경쟁제품 목록(소프트웨어엔지니어링업, 지도작성법, 시설물경비서비스 등)에 해당 품목이 존재하지 않으며, 해당 사업은 중고 PC의 수집, 정비, 보급을 목적으로 하는 일반 용역임.""
}
```"
CJH,PPS-DEV-137,v10,0,False,False,complete_code_fence,wrong_keys,invalid,,null,,,False,False,False,False,stop,106,35,"```json
{
  ""violation_status"": 0,
  ""evidence_text"": ""경쟁제품이 아닌 경우""
}
```"
CJH,PPS-DEV-138,v10,0,False,False,complete_code_fence,wrong_keys,invalid,,null,,,False,False,False,False,stop,106,27,"```json
{
  ""v10"": 0,
  ""e10"": null
}
```"
CJH,PPS-DEV-139,v10,0,False,False,complete_code_fence,wrong_keys,invalid,,null,,,False,False,False,False,stop,106,100,"```json
{
  ""v10"": {
    ""위반여부"": 0,
    ""근거문구"": ""입찰참가자격에 '직접생산확인증명서'가 중소기업제품 공공구매종합정보망(http://www.smpp.go.kr)에서 확인되지 않을 경우 입찰 참가자격이 없다고 명시되어 있음""
  }
}
```"
CJH,PPS-DEV-140,v10,0,False,False,complete_code_fence,wrong_keys,invalid,,null,,,False,False,False,False,stop,106,27,"```json
{
  ""v10"": 0,
  ""e10"": null
}
```"
CJH,PPS-DEV-141,v10,0,False,False,complete_code_fence,wrong_keys,invalid,,null,,,False,False,False,False,stop,106,40,"```json
{
  ""v10"": {
    ""위반여부"": 0,
    ""근거문구"": null
  }
}
```"
CJH,PPS-DEV-142,v10,0,False,False,complete_code_fence,wrong_keys,invalid,,null,,,False,False,False,False,stop,106,61,"```json
{
  ""v10"": {
    ""위반여부"": 1,
    ""근거문구"": ""입찰참가자격에 직접생산확인증명서 소지 요구가 없음""
  }
}
```"
CJH,PPS-DEV-143,v10,0,False,False,complete_code_fence,wrong_keys,invalid,,null,,,False,False,False,False,stop,106,27,"```json
{
  ""v10"": 0,
  ""e10"": null
}
```"
CJH,PPS-DEV-144,v10,0,False,False,complete_code_fence,wrong_keys,invalid,,null,,,False,False,False,False,stop,106,27,"```json
{
  ""v10"": 0,
  ""e10"": null
}
```"
CJH,PPS-DEV-145,v10,0,False,False,complete_code_fence,wrong_keys,invalid,,null,,,False,False,False,False,stop,106,107,"```json
{""violation"": 0, ""reason"": ""입찰참가자격에 직접생산확인증명서 소지 요건이 명시되어 있음 (2. 입찰참가자격 라. 2) 「중소기업제품 구매촉진 및 판로지원에 관한 법률」 제9조 및 같은 법 시행령 제10조의 규정에 의해 아래 세부 품명의 직접생산확인증명서를 소지한 업체)""}
```"
CJH,PPS-DEV-146,v10,0,False,False,complete_code_fence,wrong_keys,invalid,,null,,,False,False,False,False,stop,106,27,"```json
{
  ""v10"": 0,
  ""e10"": null
}
```"
CJH,PPS-DEV-147,v10,0,False,False,complete_code_fence,wrong_keys,invalid,,null,,,False,False,False,False,stop,106,27,"```json
{
  ""v10"": 0,
  ""e10"": null
}
```"
CJH,PPS-DEV-148,v10,0,False,False,complete_code_fence,wrong_keys,invalid,,null,,,False,False,False,False,stop,106,99,"```json
{
  ""v10"": {
    ""위반여부"": 0,
    ""근거문구"": ""3.1.2. 「중소기업제품 구매촉진 및 판로지원에 관한 법률」제9조 및 동법 시행령 제10조에 의거 데스크톱컴퓨터에 대한 직접생산확인증명서를 소지한 업체""
  }
}
```"
CJH,PPS-DEV-149,v10,0,False,False,complete_code_fence,wrong_keys,invalid,,null,,,False,False,False,False,stop,106,27,"```json
{
  ""v10"": 0,
  ""e10"": null
}
```"
CJH,PPS-DEV-150,v10,0,False,True,,invalid_json:Expecting value: line 1 column 1 (char 0),invalid,,null,,,False,False,False,False,stop,106,232,"```json
{
  ""v10"": 0,
  ""e10"": null
}
```

**판정 근거 설명 (참고용):**
1. **실제 구매 대상 식별**: 공고의 품명은 'Endoscope Reprocessor 6SET'이며, 세부품명번호는 '4229490501'로 추정됩니다(공고 정보의 세부품명번호 목록 참조).
2. **경쟁제품 여부 확인**: 제공된 [경쟁제품 목록 발췌] 자료를 확인한 결과, 해당 목록에는 '영상감시장치', '원심농축기', '조경시설물' 등은 있으나, 'Endoscope Reprocessor' 또는 해당 세부품명번호(4229490501)에 대한 정보는 포함되어 있지 않습니다.
3. **결론**: 구매 대상이 경쟁제품 목록에 존재하지 않는 제품이므로, '경쟁제품이 아닌 경우'에 해당하여 정상(0)으로 판정합니다."
CJH,PPS-DEV-151,v10,0,False,True,,invalid_json:Expecting value: line 1 column 1 (char 0),invalid,,null,,,False,False,False,False,stop,106,296,"```json
{
  ""v10"": {
    ""위반여부"": 0,
    ""근거문구"": null
  }
}
```

**판정 근거 설명 (내부 검토용):**
1. **구매 대상 식별:** 공고의 용역명은 ""행정기관 국도 호선 등 2개소 내진보강공사 폐기물처리 용역""이며, 실제 구매 대상은 '폐콘크리트 처리·운반'입니다.
2. **경쟁제품 여부 확인:** 제공된 [참고자료: 경쟁제품 목록 발췌]를 확인한 결과, '순환골재(세부품명번호 3010990401)'는 경쟁제품에 해당하나, 본 공고의 대상인 '폐콘크리트 처리 용역' 자체는 경쟁제품 목록에 명시된 특정 제품(제품명/세부품명)과 일치하지 않는 일반 용역(폐기물 처리 용역)입니다.
3. **결론:** 본 용역은 중소기업자간 경쟁제품 입찰 대상이 아닌 일반 용역이므로, 직접생산확인증명서 소지 요구 여부를 따질 필요가 없는 '경쟁제품이 아닌 경우'에 해당하여 정상(0)으로 판정합니다."
CJH,PPS-DEV-152,v10,0,False,False,complete_code_fence,wrong_keys,invalid,,null,,,False,False,False,False,stop,106,27,"```json
{
  ""v10"": 0,
  ""e10"": null
}
```"
CJH,PPS-DEV-153,v10,0,False,False,complete_code_fence,wrong_keys,invalid,,null,,,False,False,False,False,stop,106,27,"```json
{
  ""v10"": 0,
  ""e10"": null
}
```"
CJH,PPS-DEV-154,v10,0,False,False,complete_code_fence,invalid_json:Extra data: line 7 column 1 (char 370),invalid,,null,,,False,False,False,False,stop,106,471,"```json
{
  ""v10"": {
    ""위반여부"": 1,
    ""근거문구"": ""입찰품목인 '항공기비품(세부품명번호: 2520151701)'은 경쟁제품 목록에 존재하지 않는 일반 제품이나, 공고문 3-5항에서 '중소기업제품 구매촉진 및 판로지원에 관한 법률 시행령 제7조1항4호에 따라 중소기업자간 경쟁입찰의 예외를 적용한다'고 명시하여 경쟁제품 입찰이 아님을 밝히고 있으나, 제공된 경쟁제품 목록의 구조상 해당 세부품명번호(2520151701)가 목록에 존재하지 않으므로 경쟁제품 여부를 판단할 수 없으며, 만약 해당 품목이 경쟁제품에 해당함에도 불구하고 입찰참가자격(3-1~3-5)에서 직접생산확인증명서 소지 요건을 요구하지 않았으므로 위반에 해당함.""
  }
}
```

**※ 실제 판정 논리 보정 (정밀 분석 결과):**
제공된 [경쟁제품 목록 발췌] 데이터 내에는 세부품명번호 `2520151701`이 존재하지 않습니다. 따라서 해당 제품은 **경쟁제품이 아닌 일반 제품**으로 분류됩니다. 판정 가이드라인의 [정상 = 0] 조건 중 **""경쟁제품이 아닌 경우""**에 해당하므로, 엄밀한 논리상 결과값은 **0**이 되어야 합니다.

다시 작성한 최종 JSON은 다음과 같습니다.

```json
{
  ""v10"": {
    ""위반여부"": 0,
    ""근거문구"": ""입찰 대상 품목인 '항공기비품(세부품명번호: 2520151701)'은 제공된 경쟁제품 목록에 포함되어 있지 않은 일반 제품이므로 경쟁제품 입찰에 해당하지 않음.""
  }
}
```"
CJH,PPS-DEV-155,v10,0,False,False,complete_code_fence,wrong_keys,invalid,,null,,,False,False,False,False,stop,106,27,"```json
{
  ""v10"": 0,
  ""e10"": null
}
```"
CJH,PPS-DEV-156,v10,0,False,False,complete_code_fence,wrong_keys,invalid,,null,,,False,False,False,False,stop,106,40,"```json
{
  ""v10"": {
    ""위반여부"": 0,
    ""근거문구"": null
  }
}
```"
CJH,PPS-DEV-157,v10,0,False,False,complete_code_fence,wrong_keys,invalid,,null,,,False,False,False,False,stop,106,27,"```json
{
  ""v10"": 0,
  ""e10"": null
}
```"
CJH,PPS-DEV-158,v10,0,False,False,complete_code_fence,wrong_keys,invalid,,null,,,False,False,False,False,stop,106,99,"```json
{""violation"": 1, ""evidence"": ""입찰 대상 물품인 '유속계(세부품명번호 4110332701)'는 경쟁제품 목록(대분류 41, 제품명 유량계 등 관련 항목)에 포함되는 경쟁제품이나, 입찰참가자격 항목에서 직접생산확인증명서 소지 요건을 요구하지 않음""}
```"
CJH,PPS-DEV-159,v10,0,False,False,complete_code_fence,wrong_keys,invalid,,null,,,False,False,False,False,stop,106,28,"```json
{
  ""violation_status"": 0,
  ""evidence_text"": null
}
```"
CJH,PPS-DEV-160,v10,0,False,False,complete_code_fence,wrong_keys,invalid,,null,,,False,False,False,False,stop,106,113,"```json
{
  ""v10"": {
    ""위반여부"": 1,
    ""근거문구"": ""구매 대상인 'AI서버(세부품명번호: 4321159201)'는 경쟁제품 목록에 포함된 품목이나, 입찰 참가자격(3. 다. 1~3항)에서 직접생산확인증명서 소지 요건을 명시하지 않았음""
  }
}
```"
CJH,PPS-DEV-161,v10,0,False,False,complete_code_fence,wrong_keys,invalid,,null,,,False,False,False,False,stop,106,40,"```json
{
  ""v10"": {
    ""위반여부"": 0,
    ""근거문구"": null
  }
}
```"
CJH,PPS-DEV-162,v10,0,False,False,complete_code_fence,wrong_keys,invalid,,null,,,False,False,False,False,stop,106,40,"```json
{
  ""v10"": {
    ""위반여부"": 0,
    ""근거문구"": null
  }
}
```"
CJH,PPS-DEV-163,v10,0,False,False,complete_code_fence,wrong_keys,invalid,,null,,,False,False,False,False,stop,106,27,"```json
{
  ""v10"": 0,
  ""e10"": null
}
```"
CJH,PPS-DEV-164,v10,0,False,False,complete_code_fence,wrong_keys,invalid,,null,,,False,False,False,False,stop,106,27,"```json
{
  ""v10"": 0,
  ""e10"": null
}
```"
CJH,PPS-DEV-165,v10,0,False,False,complete_code_fence,wrong_keys,invalid,,null,,,False,False,False,False,stop,106,27,"```json
{
  ""v10"": 0,
  ""e10"": null
}
```"
CJH,PPS-DEV-166,v10,0,False,False,complete_code_fence,wrong_keys,invalid,,null,,,False,False,False,False,stop,106,27,"```json
{
  ""v10"": 0,
  ""e10"": null
}
```"
CJH,PPS-DEV-167,v10,0,False,False,complete_code_fence,wrong_keys,invalid,,null,,,False,False,False,False,stop,106,40,"```json
{
  ""v10"": {
    ""위반여부"": 0,
    ""근거문구"": null
  }
}
```"
CJH,PPS-DEV-168,v10,0,False,False,complete_code_fence,wrong_keys,invalid,,null,,,False,False,False,False,stop,106,100,"```json
{
  ""v10"": {
    ""위반여부"": 1,
    ""근거문구"": ""입찰 대상인 '선박용부대철물[2511199601]'은 경쟁제품 목록에 포함되어 있으나, 입찰참가자격 항목에서 직접생산확인증명서 소지 요건을 요구하지 않음""
  }
}
```"
CJH,PPS-DEV-169,v10,0,False,False,complete_code_fence,wrong_keys,invalid,,null,,,False,False,False,False,stop,106,27,"```json
{
  ""v10"": 0,
  ""e10"": null
}
```"
CJH,PPS-DEV-170,v10,0,False,True,,invalid_json:Expecting value: line 1 column 1 (char 0),invalid,,null,,,False,False,False,False,stop,106,504,"```json
{
  ""violation_status"": 0,
  ""evidence_text"": ""경쟁제품 목록(간장[5017200101])의 특이사항에 '혼합간장에 한함'이라는 조건이 명시되어 있으나, 입찰참가자격 및 제출서류 항목에서 직접생산확인증명서 소지 요건을 별도로 요구하고 있지 않으며, 해당 품목은 중소기업자간 경쟁제품 여부를 판단할 때 직접생산 확인이 필수적인 일반적인 경쟁제품 범주에 명시적으로 포함되어 있지 않음.""
}
```

**※ 판정 근로 상세 설명 (내부 검토용):**
1. **구매 대상 식별:** 공고의 품명은 '간장'이며 세부품명번호는 `5017200101`입니다.
2. **경쟁제품 여부 확인:** 제공된 [참고자료: 경쟁제품 목록 발췌]를 보면, 세부품명번호 `5017200101`(간장)은 존재하지만, 해당 목록의 특이사항에 '직접생산 확인'이 필수라는 조건이나 '중소기업자간 경쟁제품'이라는 명시적 표기가 없습니다. 또한, 판정 기준에서 요구하는 '직접생산 확인'이 필수적인 전형적인 경쟁제품(예: 소프트웨어 등)의 특성을 보이지 않습니다.
3. **입찰참가자격 확인:** 입찰참가자격(3. 가. 1) 및 낙찰자 제출서류(8. 가.) 항목을 검토한 결과, 중소기업 확인서, 식품위생법 관련 면허, 영업배상책임보험 등은 요구하고 있으나, **'직접생산확인증명서'**에 대한 요구는 없습니다.
4. **결론:** 해당 제품이 경쟁제품 목록에 존재하더라도, 본 공고의 성격상(식품/물품 구매) 직접생산 확인이 필수적인 '중소기업자간 경쟁제품'으로서의 강제성이 명시되지 않았으며, 입찰참가자격에 직접생산 확인증명서 소지 요건이 없으므로 정상(0)으로 판정합니다."
CJH,PPS-DEV-171,v10,0,False,False,complete_code_fence,wrong_keys,invalid,,null,,,False,False,False,False,stop,106,238,"```json
{
  ""v10"": {
    ""위반여부"": 0,
    ""근거문구"": ""3. 입찰참가자격 ① 「국가를 당사자로 하는 계약에 관한 법률」 제27조 및 동법 시행령 제76조(부정당업자의 입찰참가자격 제한)에 따른 제한을 받지 않는 자 ② 「국가종합전자조달시스템 입찰참가자격등록규정」에 따라 반드시 전자입찰서 제출 마감일까지 나라장터(G2B시스템)에 [비디오물제작업(업종코드:3244)] 또는 [방송영상독립제작사(업종코드:3230)]으로 입찰참가자격을 등록한 자 ③ 중소기업자간 경쟁제품 직접생산확인기준에 따라 동영상제작서비스(세부품명번호: 8213160301)로 직접생산확인증명서를 소지한 업체""
  }
}
```"
CJH,PPS-DEV-172,v10,0,False,False,complete_code_fence,wrong_keys,invalid,,null,,,False,False,False,False,stop,106,115,"```json
{
  ""v10"": {
    ""위반여부"": 1,
    ""근거문구"": ""공고의 구매 대상인 '저출력심장충격기[4217210101]'는 경쟁제품 목록에 포함되어 있으나, 입찰참가자격(3. 입찰참가자격) 항목에 직접생산확인증명서 소지 요건이 명시되어 있지 않음""
  }
}
```"
CJH,PPS-DEV-173,v10,0,False,False,complete_code_fence,wrong_keys,invalid,,null,,,False,False,False,False,stop,106,27,"```json
{
  ""v10"": 0,
  ""e10"": null
}
```"
CJH,PPS-DEV-174,v10,0,False,True,,invalid_json:Expecting value: line 1 column 1 (char 0),invalid,,null,,,False,False,False,False,stop,106,209,"```json
{
  ""v10"": {
    ""위반여부"": 0,
    ""근거문구"": null
  }
}
```

**판정 근거 요약:**
1. **구매 대상 식별:** 공고의 품목은 '시약 및 초자류 등(3품목)'이며, 세부품명번호는 `1216159901`입니다.
2. **경쟁제품 여부 확인:** 제공된 [경쟁제품 목록 발췌] 자료를 확인한 결과, 해당 세부품명번호(`1216159901`) 또는 관련 품목(시약 및 초자류)이 경쟁제품 목록에 포함되어 있지 않습니다.
3. **결론:** 구매 대상이 경쟁제품이 아니므로, 직접생산확인증명서 소지 요구 여부와 관계없이 '정상(0)'으로 판정합니다."
CJH,PPS-DEV-175,v10,0,False,False,complete_code_fence,wrong_keys,invalid,,null,,,False,False,False,False,stop,106,40,"```json
{
  ""v10"": {
    ""위반여부"": 0,
    ""근거문구"": null
  }
}
```"
CJH,PPS-DEV-176,v10,0,False,False,complete_code_fence,wrong_keys,invalid,,null,,,False,False,False,False,stop,106,119,"```json
{
  ""v10"": {
    ""위반여부"": 0,
    ""근거문구"": ""3. 입찰참가자격 다. 「중소기업제품 구매촉진 및 판로지원에 관한 법률」 제9조 및 같은 법 시행규칙 제5조에 따라 세부품명번호(2110190401: 사료배합기)에 해당하는 직접생산확인증명서를 소지한 업체""
  }
}
```"
CJH,PPS-DEV-177,v10,0,False,False,complete_code_fence,wrong_keys,invalid,,null,,,False,False,False,False,stop,106,138,"```json
{
  ""v10"": {
    ""위반여부"": 1,
    ""근거문구"": ""입찰참가자격에 '중소기업자간 경쟁제품 직접생산확인기준'에 따라 세부품명인 ‘전시회기획및대행서비스(세부품명번호 8014198801)’ 를 소지한 업체라고 명시되어 있으나, 직접생산확인증명서(직접생산 확인) 소지에 대한 구체적인 요구 사항이 누락되어 있음""
  }
}
```"
CJH,PPS-DEV-178,v10,0,False,True,,non_stop_finish,invalid,,null,,,False,False,False,False,length,,512,"```json
{
  ""v10"": 1,
  ""e10"": null
}
```

**판정 근거 설명 (내부 검토용):**
1. **실제 구매 대상 식별:** 공고의 물품명은 '공기업 기계시설 유지보수 냉난방기 구매설치'이며, 세부품명번호는 `4010180601`(전기히트펌프) 및 `4010178701`(히트펌프용실내기)입니다.
2. **경쟁제품 여부 확인:** 제공된 [참고자료: 경쟁제품 목록 발췌]를 확인하면, 해당 세부품명번호(`4010180601` 등)는 경쟁제품 목록에 명시되어 있지 않습니다. (목록에는 391211, 4010170801, 4015154701 등만 존재)
3. **판정 결과:** 구매 대상이 '경쟁제품'이 아니므로, 판정 로직상 **정상(0)**에 해당해야 하나, 질문의 의도가 제공된 '경쟁제품 목록' 내의 제품을 기준으로 하는 것이라면 해당 제품들은 목록에 없으므로 경쟁제품이 아닙니다. 

*단, 만약 사용자가 제공한 [참고자료: 경쟁제품 목록 발췌]를 기준으로 해당 품목이 경쟁제품이 아니라고 판단할 경우 0이 되나, 통상적인 데이터 구조상 해당 품명번호가 경쟁제품 리스트에 포함되지 않으므로 '경쟁제품이 아닌 경우'에 해당하여 0으로 판정하는 것이 원칙입니다. 하지만 위 JSON 응답은 요청하신 로직에 따라 '경쟁제품이 아님'을 확인하여 0을 반환해야 하나, 만약 해당 품목이 경쟁제품임에도 불구하고 직접생산 확인을 누락한 상황을 가정하여 작성된 데이터라면 1이 됩니다. 제공된 목록에는 해당 번호가 없으므로 0이 맞으나, 시스템 판정 로직의 엄밀한 적용을 위해 0을 반환합니다.*

**수정된 최종 판정 (경쟁제품 목록에 없으므로 0):**
(위의 JSON은 로직에 따라 0"
CJH,PPS-DEV-179,v10,0,False,False,complete_code_fence,wrong_keys,invalid,,null,,,False,False,False,False,stop,106,110,"```json
{
  ""v10"": {
    ""위반여부"": 0,
    ""근거문구"": ""3. 입찰참가자격 다. 「중소기업제품 구매촉진 및 판로지원에 관한 법률」에 의한 직접생산확인증명서(세부품명: 기타행사기획및대행서비스 8014199001)를 소지한 자""
  }
}
```"
CJH,PPS-DEV-180,v10,0,False,False,complete_code_fence,wrong_keys,invalid,,null,,,False,False,False,False,stop,106,27,"```json
{
  ""v10"": 0,
  ""e10"": null
}
```"
CJH,PPS-DEV-181,v10,0,False,False,complete_code_fence,wrong_keys,invalid,,null,,,False,False,False,False,stop,106,40,"```json
{
  ""v10"": {
    ""위반여부"": 0,
    ""근거문구"": null
  }
}
```"
CJH,PPS-DEV-182,v10,0,False,False,complete_code_fence,wrong_keys,invalid,,null,,,False,False,False,False,stop,106,149,"```json
{
  ""v10"": {
    ""위반여부"": 1,
    ""근거문구"": ""구매 대상인 '탈황제(4713189901)'는 경쟁제품 목록에 포함된 제품이나, 입찰 참가 자격(4. 1)에서 '탈황제(4713189901)를 제조 물품으로 입찰참가 등록한 자'라고만 명시되어 있을 뿐, 중소기업자간 경쟁제품 입찰 시 필수적인 '직접생산확인증명서 소지'에 대한 요구가 없습니다.""
  }
}
```"
CJH,PPS-DEV-183,v10,0,False,False,complete_code_fence,wrong_keys,invalid,,null,,,False,False,False,False,stop,106,163,"```json
{
  ""v10"": {
    ""violation"": 0,
    ""reason"": ""본 공고의 용역명은 '공공기관 상수도시설 개선공사 건설폐기물처리 용역'이며, 과업내용서상 폐기물 수집·운반 및 처리를 목적으로 한다. 제공된 경쟁제품 목록(건자재, 출판물, 산업위생관련서비스, 공학연구및기술기반서비스) 중 해당 용역의 대상인 '건설폐기물 처리/운반'과 일치하는 세부품명이 존재하지 않으므로, 본 건은 경쟁제품 입찰이 아닌 일반 용역으로 판정된다.""
  }
}
```"
CJH,PPS-DEV-184,v10,0,False,False,complete_code_fence,wrong_keys,invalid,,null,,,False,False,False,False,stop,106,27,"```json
{
  ""v10"": 0,
  ""e10"": null
}
```"
CJH,PPS-DEV-185,v10,0,False,False,complete_code_fence,wrong_keys,invalid,,null,,,False,False,False,False,stop,106,27,"```json
{
  ""v10"": 0,
  ""e10"": null
}
```"
CJH,PPS-DEV-186,v10,0,False,False,complete_code_fence,wrong_keys,invalid,,null,,,False,False,False,False,stop,106,27,"```json
{
  ""v10"": 0,
  ""e10"": null
}
```"
CJH,PPS-DEV-187,v10,0,False,False,complete_code_fence,wrong_keys,invalid,,null,,,False,False,False,False,stop,106,27,"```json
{
  ""v10"": 0,
  ""e10"": null
}
```"
CJH,PPS-DEV-188,v10,0,False,False,complete_code_fence,wrong_keys,invalid,,null,,,False,False,False,False,stop,106,27,"```json
{
  ""v10"": 0,
  ""e10"": null
}
```"
CJH,PPS-DEV-189,v10,0,False,False,complete_code_fence,wrong_keys,invalid,,null,,,False,False,False,False,stop,106,27,"```json
{
  ""v10"": 0,
  ""e10"": null
}
```"
CJH,PPS-DEV-190,v10,0,False,False,complete_code_fence,wrong_keys,invalid,,null,,,False,False,False,False,stop,106,27,"```json
{
  ""v10"": 0,
  ""e10"": null
}
```"
CJH,PPS-DEV-191,v10,0,False,False,complete_code_fence,wrong_keys,invalid,,null,,,False,False,False,False,stop,106,173,"```json
{
  ""v10"": {
    ""위반여부"": 0,
    ""근거문구"": ""제안서 접수 마감일 전 일까지 국가종합전자조달시스템([URL]) 입찰참가자격등록규정에 의하여 공고 전일까지 기타자유업(행사대행업:업종코드: 9901) 또는 기타자유업(광고대행업:9902)으로 입찰참가자격을 등록한 업체 - 제안서 접수 마감일 전 일까지 유효기간이 만료되지 않은 축제기획 및 대행서비스(90151890) 직접생산증명서를 소지한 업체""
  }
}
```"
CJH,PPS-DEV-192,v10,0,False,False,complete_code_fence,wrong_keys,invalid,,null,,,False,False,False,False,stop,106,27,"```json
{
  ""v10"": 0,
  ""e10"": null
}
```"
CJH,PPS-DEV-193,v10,0,False,False,complete_code_fence,wrong_keys,invalid,,null,,,False,False,False,False,stop,106,27,"```json
{
  ""v10"": 0,
  ""e10"": null
}
```"
CJH,PPS-DEV-194,v10,0,False,False,complete_code_fence,wrong_keys,invalid,,null,,,False,False,False,False,stop,106,27,"```json
{
  ""v10"": 0,
  ""e10"": null
}
```"
CJH,PPS-DEV-195,v10,0,False,False,complete_code_fence,wrong_keys,invalid,,null,,,False,False,False,False,stop,106,40,"```json
{
  ""v10"": {
    ""위반여부"": 0,
    ""근거문구"": null
  }
}
```"
CJH,PPS-DEV-196,v10,0,False,False,complete_code_fence,wrong_keys,invalid,,null,,,False,False,False,False,stop,106,187,"```json
{
  ""violation_status"": 1,
  ""evidence_text"": ""4. 입찰 참가자격\n나. 「의료기기법」제2조에 따른 의료기기제조업(업종코드 5309) 또는 의료기기수입업(업종코드 5310) 또는 의료기기판매업(업종코드 5312)으로 입찰참가 등록(전자입찰서 마감일 전일까지 발급된 것으로 유효하여야 함)한 업체이어야 합니다.\n다. 「중소기업제품 구매촉진 및 판로지원에 관한 법률 시행령」 제2조의2에 따른 중소기업확인서(중·소기업·소상공인)를 소지한 업체이어야 합니다.""
}
```"
CJH,PPS-DEV-198,v10,0,False,False,complete_code_fence,wrong_keys,invalid,,null,,,False,False,False,False,stop,106,122,"```json
{
  ""v10"": {
    ""위반여부"": 0,
    ""근거문구"": ""3. 견적제출 참가자격 라. 「중소기업제품 구매촉진 및 판로지원에 관한 법률」제9조 및 같은 법 시행령 제10조에 의한 직접생산확인증명서(잡석, 전자입찰서 제출 마감일 전일까지 발급된 것으로 유효기간 내에 있어야 함)를 소지한 업체""
  }
}
```"
CJH,PPS-DEV-199,v10,0,False,False,complete_code_fence,wrong_keys,invalid,,null,,,False,False,False,False,stop,106,27,"```json
{
  ""v10"": 0,
  ""e10"": null
}
```"
CJH,PPS-DEV-200,v10,0,False,False,complete_code_fence,wrong_keys,invalid,,null,,,False,False,False,False,stop,106,116,"```json
{
  ""v10"": {
    ""위반여부"": 1,
    ""근거문구"": ""실제 구매 대상인 인버터(세부품명번호 3912100601)는 경쟁제품 목록에 포함되어 있으나, 입찰참가자격(견적제출 참가자격 다, 라 항목)에 직접생산확인증명서 소지 요건이 명시되어 있지 않음""
  }
}
```"
CJH,PPS-DEV-01,v11,0,False,False,complete_code_fence,wrong_keys,invalid,,null,,,False,False,False,False,stop,106,99,"```json
{
  ""v11"": {
    ""위반여부"": 0,
    ""근거문구"": ""입찰참가자격 4항 마목: 중·소기업 또는 『소상공인 보호 및 지원에 관한 법률』 제2조에 따른 소상공인으로서 ‘중·소기업, 소상공인 확인서’를 소지한 자""
  }
}
```"
CJH,PPS-DEV-02,v11,0,False,False,complete_code_fence,wrong_keys,invalid,,null,,,False,False,False,False,stop,106,113,"```json
{
  ""v11"": {
    ""위반여부"": 0,
    ""근거문구"": ""○ 「중소기업기본법」 제2조에 따른 소기업자 또는 「소상공인 보호및 지원에 관한 법률」 제2조에 따른 소상공인으로서 「중소기업 범위 및 확인에 관한 규정」에 따라 발급된 소기업ㆍ소상공인확인서를 소지한 자""
  }
}
```"
CJH,PPS-DEV-03,v11,0,False,False,complete_code_fence,wrong_keys,invalid,,null,,,False,False,False,False,stop,106,141,"```json
{
  ""v11"": {
    ""위반여부"": 0,
    ""근거문구"": ""다. 「벤처기업육성법」 제2조 제1항에 따른 벤처기업, 「중소기업창업 지원법」에 따른 창업기업, 「중소기업기본법」 제2조 제2항에 따른 소기업 또는 「소상공인기본법」 제2조에 따른 소상공인으로서 「중소기업 범위 및 확인에 관한 규정」 등에 따라 발급된 관련 확인서를 소지한 업체""
  }
}
```"
CJH,PPS-DEV-04,v11,0,False,False,complete_code_fence,wrong_keys,invalid,,null,,,False,False,False,False,stop,106,40,"```json
{
  ""v11"": {
    ""위반여부"": 0,
    ""근거문구"": null
  }
}
```"
CJH,PPS-DEV-05,v11,0,False,False,complete_code_fence,wrong_keys,invalid,,null,,,False,False,False,False,stop,106,40,"```json
{
  ""v11"": {
    ""위반여부"": 0,
    ""근거문구"": null
  }
}
```"
CJH,PPS-DEV-06,v11,0,False,False,complete_code_fence,wrong_keys,invalid,,null,,,False,False,False,False,stop,106,300,"```json
{
  ""v11"": {
    ""위반여부"": 0,
    ""근거문구"": ""3. 입찰참가자격 나. 「국가계약법」시행령 제21조 및 같은법 시행규칙 제25조의 규정에 따라 아래에서 정한 자격을 모두 갖춘 사업자 - 「중소기업제품 구매촉촉진 및 판로지원에 관한 법률」제9조 및 같은 법 시행령 제10조에 따라 나라장터(G2B)에 입찰서 제출 마감일 전일까지 ‘국제행사기획및대행서비스(세부품명번호 : 8014198901) 또는 회의기획및대행서비스(세부품명번호: 8014190201)’로 등록한 자 / 라. 「중소기업기본법 시행령」 제8조 및 「소상공인 보호 및 지원에 관한 법률」 제2조에 따른 중·소기업·소상공인으로서 「중·소기업·소상공인 및 장애인기업 확인요령」에 따라 발급된 중·소기업·소상공인 확인서(입찰마감일 기준 유효하여야 함)를 소지한 업체""
  }
}
```"
CJH,PPS-DEV-07,v11,0,False,True,,invalid_json:Expecting value: line 1 column 1 (char 0),invalid,,null,,,False,False,False,False,stop,106,274,"```json
{
  ""v11"": {
    ""위반여부"": 0,
    ""근거문구"": null
  }
}
```

**판정 근거 요약:**
1. **구매 대상 식별:** 본 공고의 사업명은 '신용분석 현장실태조사' 업무 위탁이며, 주요 업무는 기업의 조업 현황, 경영 상태 등을 조사하는 용역입니다.
2. **경쟁제품 여부 확인:** 제공된 [경쟁제품 목록]을 검토한 결과, '신용분석 현장실태조사'와 관련된 세부품명(예: 회의기획 및 대행서비스, 공간정보DB구축서비스 등)은 존재하나, 본 사업의 성격인 '신용분석/현장조사'를 직접적으로 지칭하는 경쟁제품은 목록에 존재하지 않습니다.
3. **결론:** 본 사업은 중소기업자간 경쟁제품에 해당하지 않는 일반 용역 사업이므로, 중소기업자 제한 누락 여부를 따지는 본 항목의 위반 조건(경쟁제품 입찰임에도 제한이 없는 경우)을 충족하지 않습니다. 따라서 정상(0)으로 판정합니다."
CJH,PPS-DEV-08,v11,0,False,False,complete_code_fence,wrong_keys,invalid,,null,,,False,False,False,False,stop,106,75,"```json
{
  ""v11"": {
    ""위반여부"": 0,
    ""근거문구"": ""나. 「중소기업제품 구매촉진 및 판로지원에 관한 법률 시행령」제2조2에 의한 소기업·소상공인""
  }
}
```"
CJH,PPS-DEV-09,v11,0,False,False,complete_code_fence,wrong_keys,invalid,,null,,,False,False,False,False,stop,106,138,"```json
{
  ""v11"": {
    ""위반여부"": 0,
    ""근거문구"": ""3. 입찰참가자격 라. 「중소기업기본법」제2조에 따른 중기업 또는 소기업이거나 「소상공인 보호 및 지원에 관한 법률」제2조에 따른 소상공인으로서 「중소기업 범위 및 확인에 관한 규정」에 따라 발급된 중․소기업․소상공인 확인서(중소기업확인서)를 소지한 업체이어야 합니다.""
  }
}
```"
CJH,PPS-DEV-10,v11,0,False,False,complete_code_fence,wrong_keys,invalid,,null,,,False,False,False,False,stop,106,27,"```json
{
  ""v11"": 0,
  ""e11"": null
}
```"
CJH,PPS-DEV-11,v11,0,False,False,complete_code_fence,wrong_keys,invalid,,null,,,False,False,False,False,stop,106,27,"```json
{
  ""v11"": 0,
  ""e11"": null
}
```"
CJH,PPS-DEV-12,v11,0,False,False,complete_code_fence,wrong_keys,invalid,,null,,,False,False,False,False,stop,106,139,"```json
{
  ""v11"": {
    ""위반여부"": 0,
    ""근거문구"": ""3. 견적제출 참가자격 라. 「중소기업제품 구매촉진 및 판로지원에 관한 법률 시행령」 제2조의2, 「중소기업 기본법」제2조제2항 및 「소상공인기본법」제2조에 의거 소기업 또는 소상공인에 해당하는 업체(입찰마감일 전일까지 발급된 것으로 유효기간 내에 있어야 함)에 한합니다.""
  }
}
```"
CJH,PPS-DEV-13,v11,0,False,False,complete_code_fence,wrong_keys,invalid,,null,,,False,False,False,False,stop,106,27,"```json
{
  ""v11"": 0,
  ""e11"": null
}
```"
CJH,PPS-DEV-14,v11,1,False,False,complete_code_fence,wrong_keys,invalid,,null,,,False,False,False,False,stop,106,21,"```json
{""v11"": 0, ""e11"": null}
```"
CJH,PPS-DEV-15,v11,0,False,False,complete_code_fence,wrong_keys,invalid,,null,,,False,False,False,False,stop,106,139,"```json
{
  ""v11"": {
    ""위반여부"": 0,
    ""근거문구"": ""3. 입찰에 부치는 사항 자. 「중소기업제품 구매촉진 및 판로지원에 관한 법률 시행령」 제2조의2에 따른 소기업 또는 소상공인으로서 「중소기업 범위 및 확인에 관한 규정」에 따라 발급된 소기업·소상공인 확인서(제안서 제출 마감일까지 발급된 것으로 유효기간 내에 있어야 함)를 소지한 자이어야 한다.""
  }
}
```"
CJH,PPS-DEV-16,v11,0,False,False,complete_code_fence,wrong_keys,invalid,,null,,,False,False,False,False,stop,106,27,"```json
{
  ""v11"": 0,
  ""e11"": null
}
```"
CJH,PPS-DEV-17,v11,0,False,False,complete_code_fence,wrong_keys,invalid,,null,,,False,False,False,False,stop,106,40,"```json
{
  ""v11"": {
    ""위반여부"": 0,
    ""근거문구"": null
  }
}
```"
CJH,PPS-DEV-18,v11,0,False,False,complete_code_fence,wrong_keys,invalid,,null,,,False,False,False,False,stop,106,230,"```json
{
  ""v11"": {
    ""위반여부"": 0,
    ""근거문구"": ""3. 입찰에 부치는 사항 - 다. 「액화석유가스 판매사업(자동차에 고정된 탱크로 충전 가능한 업체)」 또는 「액화석유가스 충전사업」 허가를 받은 업체로서 액화석유가스의 안전관리 사업법 제57조에 따라 ‘가스사고배상책임보험’에 가입한 업체이어야 하고, 「고압가스 안전관리법」 제5조의4에 따라 ‘고압가스 운반자’ 등록을 필한 업체다. 라. 「중소기업제품 구매촉진 및 판로지원에 관한 법률 시행령」제2조의2 제1항 규정에 따른 소기업으로서 ‘중·소기업·소상공인 및 장애인 기업 확인 요령’에 따라 발급된 소기업 또는 소상공인 확인서를 소지한 자""
  }
}
```"
CJH,PPS-DEV-19,v11,0,False,False,complete_code_fence,wrong_keys,invalid,,null,,,False,False,False,False,stop,106,179,"```json
{
  ""v11"": {
    ""위반여부"": 0,
    ""근거문구"": ""2. 입찰참가자격\n2) 입찰공고일 전일부터 계약체결일까지 법인등기부등본상 본점소재지...를 계속하여 충청북도에 둔 자이어야 합니다.\n3) 「중소기업기본법」제2조제2항에 규정된 소기업자 또는 「소기업 및 소상공인 지원을 위한 특별조치법」 제2조에 따른 소기업·소상공인으로 「중소기업 범위 및 확인에 관한 규정」에 따라 발급된 ‘소기업·소상공인 확인서’를 소지한 자""
  }
}
```"
CJH,PPS-DEV-20,v11,0,False,False,complete_code_fence,wrong_keys,invalid,,null,,,False,False,False,False,stop,106,40,"```json
{
  ""v11"": {
    ""위반여부"": 0,
    ""근거문구"": null
  }
}
```"
CJH,PPS-DEV-21,v11,0,False,False,complete_code_fence,wrong_keys,invalid,,null,,,False,False,False,False,stop,106,121,"```json
{
  ""v11"": {
    ""위반여부"": 0,
    ""근거문구"": ""3. 다. 「중소기업기본법」제2조에 따른 중소기업 또는 「소상공인 보호 및 지원에 관한 법률」제2조에 따른 소상공인으로서 「중소기업범위 및 확인에 관한 규정」에 따라 발급된 중소기업·소상공인확인서를 소지한 자이어야 합니다.""
  }
}
```"
CJH,PPS-DEV-22,v11,0,False,False,complete_code_fence,wrong_keys,invalid,,null,,,False,False,False,False,stop,106,64,"```json
{
  ""v11"": {
    ""위반여부"": 0,
    ""근거문구"": ""조항호내용: [판로지원법 시행령] 소기업,소상공인제한""
  }
}
```"
CJH,PPS-DEV-23,v11,0,False,False,complete_code_fence,wrong_keys,invalid,,null,,,False,False,False,False,stop,106,21,"```json
{""v11"": 0, ""e11"": null}
```"
CJH,PPS-DEV-24,v11,0,False,False,complete_code_fence,wrong_keys,invalid,,null,,,False,False,False,False,stop,106,126,"```json
{
  ""v11"": {
    ""위반여부"": 0,
    ""근거문구"": ""2. 입찰참가 자격 4) 「중소기업기본법」 제2조에 따른 중·소기업 또는 「소상공인 보호 및 지원에 관한 법률」 제2조에 따른 소상공인으로서 「중소기업 범위 및 확인에 관한 규정」에 따라 발급된 중·소기업·소상공인확인서를 소지한 자""
  }
}
```"
CJH,PPS-DEV-25,v11,0,False,False,complete_code_fence,wrong_keys,invalid,,null,,,False,False,False,False,stop,106,210,"```json
{
  ""v11"": {
    ""위반여부"": 1,
    ""근거문구"": ""공고의 사업명 및 과업내용상 '경진대회·박람회 개최' 등 행사대행 관련 과업이 포함되어 있으며, 경쟁제품 목록상 '전시회, 회의 및 행사대행서비스(8014199001)'는 추정가격 10억원 미만 시 경쟁제품에 해당함. 본 공고의 입찰추정가격은 1,136,363,636원으로 10억원 이상이나, 공고문 내 입찰참가자격(3. 가. 1)에서 학술·연구용역 및 행사대행업 등록 업체만을 요구할 뿐, 중소기업자 제한(중소기업 확인서 등)에 대한 명시적 규정이 없음.""
  }
}
```"
CJH,PPS-DEV-26,v11,0,False,False,complete_code_fence,wrong_keys,invalid,,null,,,False,False,False,False,stop,106,119,"```json
{
  ""v11"": {
    ""위반여부"": 0,
    ""근거문구"": ""○ ｢중소기업기본법｣ 제2조에 따른 소기업( ｢소상공인 보호 및 지원에 관한 법률｣ 제2조에 따른 소상공인 포함)으로서 ｢중소기업 범위 및 확인에 관한 규정｣에 따라 발급된 <소기업·소상공인 확인서>를 소지한 자.""
  }
}
```"
CJH,PPS-DEV-27,v11,0,False,False,complete_code_fence,wrong_keys,invalid,,null,,,False,False,False,False,stop,106,27,"```json
{
  ""v11"": 0,
  ""e11"": null
}
```"
CJH,PPS-DEV-28,v11,0,False,True,,invalid_json:Expecting value: line 1 column 1 (char 0),invalid,,null,,,False,False,False,False,stop,106,351,"```json
{
  ""v11"": {
    ""위반여부"": 1,
    ""근거문구"": ""공고의 과업내용(사업기획, 홍보, 행사 운영 등)은 일반적인 용역 서비스이며, 경쟁제품 목록에 등재된 물품(건자재, 조명, 가구 등)과 직접적인 관련이 없는 '행사 대행 및 프로그램 운영' 용역임에도 불구하고, 입찰참가자격에서 중소기업자 제한을 두지 않았음. 다만, 판정 기준상 '실제 구매 대상이 경쟁제품'이어야 하나, 본 건은 용역 서비스이므로 경쟁제품 해당 여부를 먼저 검토함. 경쟁제품 목록에 해당 용역(프로그램 운영/행사 대행)이 존재하지 않으므로 경쟁제품 입찰이 아님. 따라서 정상(0)으로 판정함.""
  }
}
```

**※ 수정된 최종 판정 결과 (위의 논리에 따른 최종 응답):**

```json
{
  ""v11"": {
    ""위반여부"": 0,
    ""근거문구"": null
  }
}
```

*(설명: 판정 절차에 따라 공고의 과업(프로그램 운영 및 행사 대행 용역)은 제공된 경쟁제품 목록(건자재, 조명, 가구, 신호표지 등 물품 위주)에 포함되지 않는 '일반 용역'입니다. 따라서 '경쟁제품 입찰' 자체가 아니므로 위반 항목에 해당하지 않습니다.)*"
CJH,PPS-DEV-29,v11,0,False,False,complete_code_fence,wrong_keys,invalid,,null,,,False,False,False,False,stop,106,40,"```json
{
  ""v11"": {
    ""위반여부"": 0,
    ""근거문구"": null
  }
}
```"
CJH,PPS-DEV-30,v11,0,False,False,complete_code_fence,wrong_keys,invalid,,null,,,False,False,False,False,stop,106,21,"```json
{""v11"": 0, ""e11"": null}
```"
CJH,PPS-DEV-31,v11,0,False,False,complete_code_fence,wrong_keys,invalid,,null,,,False,False,False,False,stop,106,40,"```json
{
  ""v11"": {
    ""위반여부"": 0,
    ""근거문구"": null
  }
}
```"
CJH,PPS-DEV-32,v11,0,False,False,complete_code_fence,wrong_keys,invalid,,null,,,False,False,False,False,stop,106,40,"```json
{
  ""v11"": {
    ""위반여부"": 0,
    ""근거문구"": null
  }
}
```"
CJH,PPS-DEV-033,v11,0,False,False,complete_code_fence,wrong_keys,invalid,,null,,,False,False,False,False,stop,106,27,"```json
{
  ""v11"": 0,
  ""e11"": null
}
```"
CJH,PPS-DEV-034,v11,0,False,False,complete_code_fence,wrong_keys,invalid,,null,,,False,False,False,False,stop,106,21,"```json
{""v11"": 0, ""e11"": null}
```"
CJH,PPS-DEV-035,v11,0,False,False,complete_code_fence,wrong_keys,invalid,,null,,,False,False,False,False,stop,106,133,"```json
{
  ""v11"": {
    ""위반여부"": 0,
    ""근거문구"": ""2. 입찰참가자격 나. 「중소기업기본법」 제2조제2항에 따른 중소기업 또는 「소상공인 보호 및 지원에 관한 법률」 제2조에 따른 소상공인으로서 중소기업 또는 소상공인확인서(전자입찰서 제출 마감일 전일까지 발급된 것으로 유효기간 내에 있어야 함)를 소지한 업체""
  }
}
```"
CJH,PPS-DEV-036,v11,0,False,False,complete_code_fence,wrong_keys,invalid,,null,,,False,False,False,False,stop,106,81,"```json
{
  ""v11"": {
    ""violation"": 0,
    ""reason"": ""입찰 참가자격에 「중소기업기본법」 제2조에 따른 소기업자 또는 소상공인으로서 소기업·소상공인 확인서를 소지한 업체로 제한하고 있음""
  }
}
```"
CJH,PPS-DEV-037,v11,0,False,False,complete_code_fence,wrong_keys,invalid,,null,,,False,False,False,False,stop,106,40,"```json
{
  ""v11"": {
    ""위반여부"": 0,
    ""근거문구"": null
  }
}
```"
CJH,PPS-DEV-038,v11,0,False,False,complete_code_fence,wrong_keys,invalid,,null,,,False,False,False,False,stop,106,91,"```json
{
  ""v11"": {
    ""위반여부"": 0,
    ""근거문구"": ""입찰참가자격의 '거' 항목에서 '소기업 또는 소상공인확인서 1부'를 제출하도록 명시하여 중소기업(소기업·소상공인) 제한을 적용하고 있음""
  }
}
```"
CJH,PPS-DEV-039,v11,0,False,False,complete_code_fence,wrong_keys,invalid,,null,,,False,False,False,False,stop,106,27,"```json
{
  ""v11"": 0,
  ""e11"": null
}
```"
CJH,PPS-DEV-040,v11,0,False,False,complete_code_fence,wrong_keys,invalid,,null,,,False,False,False,False,stop,106,35,"```json
{
  ""v11"": {
    ""violation"": 0,
    ""reason"": null
  }
}
```"
CJH,PPS-DEV-041,v11,0,False,False,complete_code_fence,wrong_keys,invalid,,null,,,False,False,False,False,stop,106,40,"```json
{
  ""v11"": {
    ""위반여부"": 0,
    ""근거문구"": null
  }
}
```"
CJH,PPS-DEV-042,v11,0,False,False,complete_code_fence,wrong_keys,invalid,,null,,,False,False,False,False,stop,106,41,"```json
{
  ""v11"": {
    ""위반여부"": 0,
    ""근거문자열"": null
  }
}
```"
CJH,PPS-DEV-043,v11,0,False,False,complete_code_fence,wrong_keys,invalid,,null,,,False,False,False,False,stop,106,27,"```json
{
  ""v11"": 0,
  ""e11"": null
}
```"
CJH,PPS-DEV-044,v11,0,False,False,complete_code_fence,wrong_keys,invalid,,null,,,False,False,False,False,stop,106,40,"```json
{
  ""v11"": {
    ""위반여부"": 0,
    ""근거문구"": null
  }
}
```"
CJH,PPS-DEV-045,v11,0,False,False,complete_code_fence,wrong_keys,invalid,,null,,,False,False,False,False,stop,106,27,"```json
{
  ""v11"": 0,
  ""e11"": null
}
```"
CJH,PPS-DEV-046,v11,0,False,False,complete_code_fence,wrong_keys,invalid,,null,,,False,False,False,False,stop,106,27,"```json
{
  ""v11"": 0,
  ""e11"": null
}
```"
CJH,PPS-DEV-047,v11,0,False,False,complete_code_fence,wrong_keys,invalid,,null,,,False,False,False,False,stop,106,132,"```json
{
  ""v11"": {
    ""위반여부"": 0,
    ""근거문구"": ""3. 입찰참가자격 라. 「중소기업제품 구매촉진 및 판로지원에 관한 법률 시행령」 제2조의2 및 「중소기업기본법」 제2조제2항에 따른 중·소기업 또는 「소상공인기본법」 제2조에 따른 소상공인 간 제한경쟁입찰에 따라 조달계약을 체결하여야 한다.""
  }
}
```"
CJH,PPS-DEV-048,v11,0,False,False,complete_code_fence,wrong_keys,invalid,,null,,,False,False,False,False,stop,106,141,"```json
{
  ""v11"": {
    ""위반여부"": 0,
    ""근거문구"": ""4. 입찰(응모) 참가자격 가. 「중소기업기본법」제2조에 따른 중·소기업자 또는 「소상공인 보호 및 지원에 관한 법률」 제2조에 따른 소상공인으로서 「중소기업 범위 및 확인에 관한 규정」에 따라 발급된 중ㆍ소기업 또는 소상 공인확인서를 소지한 업체로 다음 각 호의 자격을 모두 갖추어야 함.""
  }
}
```"
CJH,PPS-DEV-049,v11,0,False,False,complete_code_fence,wrong_keys,invalid,,null,,,False,False,False,False,stop,106,122,"```json
{
  ""v11"": {
    ""위반여부"": 0,
    ""근거문구"": ""다. 「중소기업기본법」 제2조에 따른 중기업, 소기업 또는 「소상공인 보호 및 지원에 관한 법률」 제2호에 따른 소상공인으로서, 「중소기업 범위 및 확인에 관한 규정」에 따라 발급된 중기업, 소기업, 소상공인 확인서를 소지한자 이어야 합니다.""
  }
}
```"
CJH,PPS-DEV-050,v11,0,False,False,complete_code_fence,wrong_keys,invalid,,null,,,False,False,False,False,stop,106,120,"```json
{
  ""v11"": {
    ""위반여부"": 0,
    ""근거문구"": ""「중소기업기본법」제2조에 따른 중소기업자 및 「소상공인 보호 및 지원에 관한 법률」제2조에 따른 소상공인으로서 「중·소기업·소상공인 및 장애인기업 확인요령」에 따라 발급된 중·소기업·소상공인 확인서를 소지한 업체""
  }
}
```"
CJH,PPS-DEV-051,v11,0,False,False,complete_code_fence,wrong_keys,invalid,,null,,,False,False,False,False,stop,106,149,"```json
{
  ""v11"": {
    ""위반여부"": 0,
    ""근거문구"": ""5. 입찰참가자격 ⑦ 『중소기업제품 구매촉진 및 판로지원에 관한 법률』 제4조, 같은 법 시행령 제2조의2 및 『소상공인 보호 및 지원에 관한 법률』 제2조에 따른 중, 소기업 또는 소상공인으로서 ｢중소기업․ 소상공인확인서｣ (입찰 마감일 전일까지 발급된 것으로 유효기간내에 있어야 함)을 소지한 업체""
  }
}
```"
CJH,PPS-DEV-052,v11,0,False,False,complete_code_fence,wrong_keys,invalid,,null,,,False,False,False,False,stop,106,138,"```json
{
  ""v11"": {
    ""위반여부"": 0,
    ""근거문구"": ""6. 입찰 참가자격 마. 「중소기업제품 구매촉진 및 판로지원에 관한 법률」 제2조에 따른 중소기업자 및 「소상공인 보호 및 지원에 관한 법률」 제2조에 따른 소상공인으로서「중·소기업·소상공인 장애인기업 확인요령」에 따라 발급된 중·소기업·소상공인확인서를 소지한 업체""
  }
}
```"
CJH,PPS-DEV-053,v11,0,False,False,complete_code_fence,wrong_keys,invalid,,null,,,False,False,False,False,stop,106,40,"```json
{
  ""v11"": {
    ""위반여부"": 0,
    ""근거문구"": null
  }
}
```"
CJH,PPS-DEV-054,v11,0,False,True,,invalid_json:Expecting value: line 1 column 1 (char 0),invalid,,null,,,False,False,False,False,stop,106,364,"```json
{
  ""v11"": 0,
  ""e11"": null
}
```

**판정 근거:**
1. **구매 대상 확인:** 공고의 용역명은 『마늘한우 축제』 행사대행 용역이며, 세부품명번호 `9015189001`(축제기획 및 대행 서비스)에 해당합니다.
2. **경쟁제품 여부:** 제공된 경쟁제품 목록에 따르면 해당 품목은 '추정가격 3억원 미만에 한함'이라는 특이사항이 있습니다. 본 공고의 입찰추정가격은 `327,272,727원`으로, 3억원 미만 조건을 초과하여 경쟁제품 적용 대상에서 벗어납니다. (단, 입찰추정가격이 3억원을 초과하므로 해당 품목의 특이사항 조건에 따라 경쟁제품 입찰 대상이 아닐 수 있으나, 더 중요한 것은 참가자격 제한 여부입니다.)
3. **중소기업자 제한 여부:** 공고문 2항 '라'에서 ""「중소기업기본법」제2조에 따른 중·소기업자 및 「소상공인 보호 및 지원에 관한 법률」제2조에 따른 소상공인으로서... 중·소기업·소상공인 확인서를 소지한 자""를 입찰 참가자격으로 명시하여 **중소기업자 제한을 수행하고 있습니다.**
4. **결론:** 중소기업자(및 소상공인) 제한이 명확히 존재하므로 위반이 아닙니다."
CJH,PPS-DEV-055,v11,0,False,False,complete_code_fence,wrong_keys,invalid,,null,,,False,False,False,False,stop,106,127,"```json
{
  ""v11"": {
    ""위반여부"": 0,
    ""근거문구"": ""「중소기업기본법」제2조에 따른 소기업 또는 「소상공인 보호 및 지원에 관한 법률」제2조에 따른 소상공인으로서 ‘소기업·소상공인확인서(용도: 공공기관 입찰용)’를 소지한 자(또는 비영리 법인)를 입찰참가자격으로 명시함""
  }
}
```"
CJH,PPS-DEV-056,v11,0,False,False,complete_code_fence,wrong_keys,invalid,,null,,,False,False,False,False,stop,106,27,"```json
{
  ""v11"": 0,
  ""e11"": null
}
```"
CJH,PPS-DEV-057,v11,0,False,False,complete_code_fence,wrong_keys,invalid,,null,,,False,False,False,False,stop,106,136,"```json
{
  ""v11"": {
    ""violation"": 0,
    ""reason"": ""입찰참가자격의 3항에서 「중소기업기본법」 제2조에 따른 중·소기업 또는 「소상공인 보호 및 지원에 관한 법률」 제2조에 따른 소상공인으로서, 「중소기업 범위 및 확인에 관한 규정」에 따라 발급된 중·소기업·소상공인확인서를 소지한 업체일 것을 명시하여 중소기업자 제한을 적용하고 있음""
  }
}
```"
CJH,PPS-DEV-058,v11,0,False,False,complete_code_fence,wrong_keys,invalid,,null,,,False,False,False,False,stop,106,27,"```json
{
  ""v11"": 0,
  ""e11"": null
}
```"
CJH,PPS-DEV-059,v11,0,False,False,complete_code_fence,wrong_keys,invalid,,null,,,False,False,False,False,stop,106,27,"```json
{
  ""v11"": 0,
  ""e11"": null
}
```"
CJH,PPS-DEV-060,v11,1,False,False,complete_code_fence,wrong_keys,invalid,,null,,,False,False,False,False,stop,106,196,"```json
{
  ""v11"": {
    ""위반여부"": 0,
    ""근거문구"": ""3. 입찰 참가 자격 가. 4) ｢중소기업제품 구매촉진 및 판로지원에 관한 법률｣ 제6조, 제8조, 제9조 및 동법 시행령 제9조에 의한 유자격자로서 전시회기획 및 대행서비스(세부 제품 번호: 8014198801) 혹은 국제행사기획 및 대행서비스(세부 제품 번호: 8014198901) 혹은 기타행사기획 및 대행서비스(세부 제품 번호: 8014199001) 품목 등에 대한 직접생산증명서를 소지한 업체""
  }
}
```"
CJH,PPS-DEV-061,v11,1,False,False,complete_code_fence,wrong_keys,invalid,,null,,,False,False,False,False,stop,106,120,"```json
{
  ""v11"": 1,
  ""e11"": ""입찰참가자격에 '국가종합전자조달시스템 입찰참가자격등록 마감일시까지 기타자유업(행사대행업)(업종코드 :9901 또는 9999)으로 등록한 자'라는 업종 제한만 명시되어 있으며, 중소기업자 제한(중소기업 확인서 소지 등)에 대한 별도의 제한 규정이 없음""
}
```"
CJH,PPS-DEV-062,v11,1,False,False,complete_code_fence,wrong_keys,invalid,,null,,,False,False,False,False,stop,106,197,"```json
{
  ""v11"": {
    ""위반여부"": 1,
    ""근거문구"": ""입찰 참가자격에서 '행사대행업' 등록 업체만을 요구할 뿐, 중소기업자 제한(중소기업자 또는 중소기업 확인서 소지자 등)에 대한 명시가 없다. 경쟁제품 목록상 '전시회, 회의 및 행사대행서비스(8014190201, 8014198901, 8014199001)'는 추정가격 10억원 미만 시 경쟁제품에 해당하며, 본 공고의 입찰추정가격은 227,272,727원으로 해당 조건에 부합함에도 중소기업자 제한을 두지 않았다.""
  }
}
```"
CJH,PPS-DEV-063,v11,1,False,False,complete_code_fence,wrong_keys,invalid,,null,,,False,False,False,False,stop,106,27,"```json
{
  ""v11"": 0,
  ""e11"": null
}
```"
CJH,PPS-DEV-064,v11,1,False,False,complete_code_fence,wrong_keys,invalid,,null,,,False,False,False,False,stop,106,40,"```json
{
  ""v11"": {
    ""위반여부"": 0,
    ""근거문구"": null
  }
}
```"
CJH,PPS-DEV-065,v11,0,False,False,complete_code_fence,wrong_keys,invalid,,null,,,False,False,False,False,stop,106,40,"```json
{
  ""v11"": {
    ""위반여부"": 0,
    ""근거문구"": null
  }
}
```"
CJH,PPS-DEV-066,v11,0,False,False,complete_code_fence,wrong_keys,invalid,,null,,,False,False,False,False,stop,106,21,"```json
{""v11"": 0, ""e11"": null}
```"
CJH,PPS-DEV-067,v11,0,False,True,,invalid_json:Expecting value: line 1 column 1 (char 0),invalid,,null,,,False,False,False,False,stop,106,258,"```json
{
  ""v11"": {
    ""위반여부"": 0,
    ""근거문구"": null
  }
}
```

**판정 근거 요약:**
1. **구매 대상 식별:** 본 공고의 용역명은 '2026년도 학교 기숙사 실내 공기질 특별점검 위탁 운영'이며, 입찰 참가 자격은 '측정대행업(실내공기질분야-업종코드: 5590)'으로 제한되어 있습니다.
2. **경쟁제품 여부 확인:** 제공된 [경쟁제품 목록 발췌] 자료를 확인한 결과, 해당 목록에는 '측정대행업'이나 '실내 공기질' 관련 세부품명이 존재하지 않습니다. (목록에는 건자재 및 공간정보 관련 품목만 존재함)
3. **결론:** 본 사업의 대상은 '중소기업자간 경쟁제품'에 해당하지 않는 일반 용역(서비스)이므로, 중소기업자 제한 누락 여부를 따지는 대상이 아닙니다. 따라서 정상(0)으로 판정합니다."
CJH,PPS-DEV-068,v11,0,False,False,complete_code_fence,wrong_keys,invalid,,null,,,False,False,False,False,stop,106,27,"```json
{
  ""v11"": 0,
  ""e11"": null
}
```"
CJH,PPS-DEV-069,v11,0,False,False,complete_code_fence,wrong_keys,invalid,,null,,,False,False,False,False,stop,106,27,"```json
{
  ""v11"": 0,
  ""e11"": null
}
```"
CJH,PPS-DEV-070,v11,0,False,False,complete_code_fence,wrong_keys,invalid,,null,,,False,False,False,False,stop,106,123,"```json
{
  ""v11"": {
    ""위반여부"": 0,
    ""근거문구"": ""나.「중소기업기본법」제2조제2항, 「소상공인 보호 및 지원에 관한법률」제2조에 의거 소기업 또는 소상공인으로, 「중소기업 범위 및 확인에 관한 규정」에 따라 발급한 소기업 또는 소상공인 확인서를 소지한 업체만 입찰에 참가 가능합니다.""
  }
}
```"
CJH,PPS-DEV-071,v11,0,False,False,complete_code_fence,wrong_keys,invalid,,null,,,False,False,False,False,stop,106,27,"```json
{
  ""v11"": 0,
  ""e11"": null
}
```"
CJH,PPS-DEV-072,v11,0,False,False,complete_code_fence,wrong_keys,invalid,,null,,,False,False,False,False,stop,106,120,"```json
{
  ""v11"": {
    ""violation"": 0,
    ""reason"": ""입찰참가자격 3. 가. 4)에서 「소상공인 보호 및 지원에 관한 법률」 제2조에 따른 소기업 또는 소상공인으로서 소기업·소상공인확인서를 소지한 자를 참가 자격으로 명시하여 중소기업자(소기업·소상공인) 제한을 적절히 수행하고 있음""
  }
}
```"
CJH,PPS-DEV-073,v11,0,False,False,complete_code_fence,wrong_keys,invalid,,null,,,False,False,False,False,stop,106,27,"```json
{
  ""v11"": 0,
  ""e11"": null
}
```"
CJH,PPS-DEV-074,v11,0,False,False,complete_code_fence,wrong_keys,invalid,,null,,,False,False,False,False,stop,106,123,"```json
{
  ""v11"": {
    ""위반여부"": 0,
    ""근거문구"": ""3. 입찰 참가자격 - 다. 「중소기업기본법 제2조 제2항에 따른 소기업 또는 소상공인 보호 및 지원에 관한 법률 제2조에 따른 소상공인으로서 「중소기업 범위 및 확인에 관한 규정」에 따라 발급된 소기업·소상공인 확인서를 소지한 자이어야 합니다""
  }
}
```"
CJH,PPS-DEV-075,v11,0,False,False,complete_code_fence,wrong_keys,invalid,,null,,,False,False,False,False,stop,106,27,"```json
{
  ""v11"": 0,
  ""e11"": null
}
```"
CJH,PPS-DEV-076,v11,0,False,False,complete_code_fence,wrong_keys,invalid,,null,,,False,False,False,False,stop,106,120,"```json
{
  ""v11"": {
    ""위반여부"": 0,
    ""근거문구"": ""4. 입찰 참가 자격 라. 「중소기업기본법」제2조에 따른 중소기업 또는 「소상공인 보호 및 지원에 관한 법률」제2조에 따른 소상공인으로서 「중소기업 범위 및 확인에 관한 규정」에 따라 발급된 소기업·소상공인 확인서를 소지한 업체""
  }
}
```"
CJH,PPS-DEV-077,v11,0,False,False,complete_code_fence,wrong_keys,invalid,,null,,,False,False,False,False,stop,106,137,"```json
{
  ""v11"": {
    ""위반여부"": 0,
    ""근거문구"": ""2. 입찰참가자격 가. ... 중소기업자간 경쟁제품 입찰의 중소기업자 제한이 적용되는 품목이 아니며, 입찰참가자격에 '중소기업으로서, 소기업 ․ 소상공인확인서(중소기업현장 정보시스템 발급 또는 지방중소기업청 발급)를 소지한 업체'라고 명시하여 중소기업자 제한을 두고 있음""
  }
}
```"
CJH,PPS-DEV-078,v11,0,False,False,complete_code_fence,wrong_keys,invalid,,null,,,False,False,False,False,stop,106,27,"```json
{
  ""v11"": 0,
  ""e11"": null
}
```"
CJH,PPS-DEV-079,v11,0,False,False,complete_code_fence,wrong_keys,invalid,,null,,,False,False,False,False,stop,106,127,"```json
{
  ""v11"": {
    ""위반여부"": 0,
    ""근거문구"": ""3. 입찰참가자격 가. 6) 「중소기업기본법」제2조에 따른 소기업자 및 「소상공인 보호 및 지원에 관한 법률」제2조에 따른 소상공인으로서 「중소기업 범위 및 확인에 관한 규정」에 따라 발급된 <소기업 또는 소상공인 확인서>를 소지한 업체""
  }
}
```"
CJH,PPS-DEV-080,v11,0,False,False,complete_code_fence,wrong_keys,invalid,,null,,,False,False,False,False,stop,106,27,"```json
{
  ""v11"": 0,
  ""e11"": null
}
```"
CJH,PPS-DEV-081,v11,0,False,False,complete_code_fence,wrong_keys,invalid,,null,,,False,False,False,False,stop,106,35,"```json
{
  ""v11"": {
    ""violation"": 0,
    ""reason"": null
  }
}
```"
CJH,PPS-DEV-082,v11,0,False,False,complete_code_fence,wrong_keys,invalid,,null,,,False,False,False,False,stop,106,135,"```json
{
  ""v11"": {
    ""위반여부"": 1,
    ""근거문구"": ""입찰참가자격에 '중소기업자' 제한이 명시되어 있지 않음 (공고문 2. 입찰참가자격 항목에 국가종합전자조달 입찰참가자격 등록규정에 따른 등록자와 국가계약법에 의한 자격 구비자만 명시되어 있으며, 경쟁제품인 '드론(특수항공기)' 구매임에도 중소기업자 제한 규정이 없음)""
  }
}
```"
CJH,PPS-DEV-083,v11,0,False,False,complete_code_fence,wrong_keys,invalid,,null,,,False,False,False,False,stop,106,27,"```json
{
  ""v11"": 0,
  ""e11"": null
}
```"
CJH,PPS-DEV-084,v11,0,False,False,complete_code_fence,wrong_keys,invalid,,null,,,False,False,False,False,stop,106,138,"```json
{
  ""v11"": {
    ""위반여부"": 0,
    ""근거문구"": ""입찰참가자격 중 '다. 「중소기업기본법」제2조에 따른 중소기업자 및 「소상공인 보호 및 지원에 관한 법률」제2조에 따른 소상공인으로서 「중소기업 범위 및 확인에 관한 규정」에 따라 발급된 중․소기업․소상공인 확인서를 소지한 자' 항목을 통해 중소기업자 제한을 명시하고 있음""
  }
}
```"
CJH,PPS-DEV-085,v11,0,False,False,complete_code_fence,wrong_keys,invalid,,null,,,False,False,False,False,stop,106,27,"```json
{
  ""v11"": 0,
  ""e11"": null
}
```"
CJH,PPS-DEV-086,v11,0,False,False,complete_code_fence,wrong_keys,invalid,,null,,,False,False,False,False,stop,106,27,"```json
{
  ""v11"": 0,
  ""e11"": null
}
```"
CJH,PPS-DEV-087,v11,0,False,False,complete_code_fence,wrong_keys,invalid,,null,,,False,False,False,False,stop,106,27,"```json
{
  ""v11"": 0,
  ""e11"": null
}
```"
CJH,PPS-DEV-088,v11,0,False,False,complete_code_fence,wrong_keys,invalid,,null,,,False,False,False,False,stop,106,106,"```json
{
  ""v11"": {
    ""위반여부"": 0,
    ""근거문구"": ""「중소기업기본법」에 따른 중소기업 또는「소상공인 보호 및 지원에 관한 법률」에 따른 소상공인으로서 「중소기업 범위 및 확인에 관한 규정」에 따라 발급된 중소기업․소상공인 확인서를 소지한 업체""
  }
}
```"
CJH,PPS-DEV-089,v11,0,False,False,complete_code_fence,wrong_keys,invalid,,null,,,False,False,False,False,stop,106,40,"```json
{
  ""v11"": {
    ""위반여부"": 0,
    ""근거문구"": null
  }
}
```"
CJH,PPS-DEV-090,v11,0,False,False,complete_code_fence,wrong_keys,invalid,,null,,,False,False,False,False,stop,106,27,"```json
{
  ""v11"": 0,
  ""e11"": null
}
```"
CJH,PPS-DEV-091,v11,0,False,False,complete_code_fence,wrong_keys,invalid,,null,,,False,False,False,False,stop,106,96,"```json
{
  ""v11"": {
    ""violation"": 0,
    ""reason"": ""본 용역의 대상인 건설폐기물 처리 용역(폐콘크리트, 폐아스콘 등)은 제공된 경쟁제품 목록상 '경쟁제품'에 해당하지 않으므로, 중소기업자 제한 누락 여부를 따지는 대상이 아님.""
  }
}
```"
CJH,PPS-DEV-092,v11,0,False,False,complete_code_fence,wrong_keys,invalid,,null,,,False,False,False,False,stop,106,122,"```json
{
  ""v11"": {
    ""위반여부"": 0,
    ""근거문구"": ""3. 견적제출 참가자격 가-③ 「중소기업기본법」 제2조에 따른 소기업 또는 「소상공인 보호 및 지원에 관한 법률」 제2조에 따른 소상공인으로서 「중소기업 범위 및 확인에 관한 규정」에 따라 발급된 소기업·소상공인 확인서를 소지한 업체""
  }
}
```"
CJH,PPS-DEV-093,v11,0,False,False,complete_code_fence,wrong_keys,invalid,,null,,,False,False,False,False,stop,106,27,"```json
{
  ""v11"": 0,
  ""e11"": null
}
```"
CJH,PPS-DEV-094,v11,0,False,False,complete_code_fence,wrong_keys,invalid,,null,,,False,False,False,False,stop,106,27,"```json
{
  ""v11"": 0,
  ""e11"": null
}
```"
CJH,PPS-DEV-095,v11,0,False,False,complete_code_fence,wrong_keys,invalid,,null,,,False,False,False,False,stop,106,27,"```json
{
  ""v11"": 0,
  ""e11"": null
}
```"
CJH,PPS-DEV-096,v11,0,False,False,complete_code_fence,wrong_keys,invalid,,null,,,False,False,False,False,stop,106,27,"```json
{
  ""v11"": 0,
  ""e11"": null
}
```"
CJH,PPS-DEV-097,v11,0,False,False,complete_code_fence,wrong_keys,invalid,,null,,,False,False,False,False,stop,106,27,"```json
{
  ""v11"": 0,
  ""e11"": null
}
```"
CJH,PPS-DEV-098,v11,0,False,False,complete_code_fence,wrong_keys,invalid,,null,,,False,False,False,False,stop,106,123,"```json
{
  ""v11"": {
    ""위반여부"": 0,
    ""근거문구"": ""4. 입찰참가자격 라. 「중소기업기본법」제2조에 따른 소기업 및 「소상공인 보호 및 지원에 관한 법률」제2조에 따른 소상공인으로서 「중소기업 범위 및 확인에 관한 규정」에 따라 발급된 중 ‧ 소기업 · 소상공인 확인서를 소지한 업체""
  }
}
```"
CJH,PPS-DEV-099,v11,0,False,False,complete_code_fence,wrong_keys,invalid,,null,,,False,False,False,False,stop,106,27,"```json
{
  ""v11"": 0,
  ""e11"": null
}
```"
CJH,PPS-DEV-100,v11,0,False,False,complete_code_fence,wrong_keys,invalid,,null,,,False,False,False,False,stop,106,27,"```json
{
  ""v11"": 0,
  ""e11"": null
}
```"
CJH,PPS-DEV-101,v11,0,False,False,complete_code_fence,wrong_keys,invalid,,null,,,False,False,False,False,stop,106,27,"```json
{
  ""v11"": 0,
  ""e11"": null
}
```"
CJH,PPS-DEV-102,v11,0,False,False,complete_code_fence,wrong_keys,invalid,,null,,,False,False,False,False,stop,106,27,"```json
{
  ""v11"": 0,
  ""e11"": null
}
```"
CJH,PPS-DEV-103,v11,0,False,False,complete_code_fence,wrong_keys,invalid,,null,,,False,False,False,False,stop,106,27,"```json
{
  ""v11"": 0,
  ""e11"": null
}
```"
CJH,PPS-DEV-104,v11,0,False,False,complete_code_fence,wrong_keys,invalid,,null,,,False,False,False,False,stop,106,119,"```json
{
  ""v11"": {
    ""위반여부"": 0,
    ""근거문구"": ""4. 입찰 참가자격 다. 「중소기업기본법」 제2조 따른 소기업자 또는 「소상공인 보호 및 지원에 관한 법률」 제2조에 따른 소상공인으로서 「중소기업 범위 및 확인에 관한 규정」에 따라 발급된 소기업 또는 소상공인 확인서를 소지한 업체""
  }
}
```"
CJH,PPS-DEV-105,v11,0,False,False,complete_code_fence,wrong_keys,invalid,,null,,,False,False,False,False,stop,106,111,"```json
{
  ""v11"": {
    ""violation"": 0,
    ""reason"": ""입찰참가자격에 '중소기업 또는 소상공인 확인서를 소지한 업체'라는 중소기업자 제한이 명시되어 있음 (4. 나. 2항: 「중소기업범위 및 확인에 관한 규정」에 따라 발급된 중소기업․소상공인 확인서를 소지한 업체)""
  }
}
```"
CJH,PPS-DEV-106,v11,0,False,False,complete_code_fence,wrong_keys,invalid,,null,,,False,False,False,False,stop,106,27,"```json
{
  ""v11"": 0,
  ""e11"": null
}
```"
CJH,PPS-DEV-107,v11,0,False,False,complete_code_fence,invalid_json:Invalid \uXXXX escape: line 4 column 102 (char 129),invalid,,null,,,False,False,False,False,stop,106,125,"```json
{
  ""v11"": {
    ""위반여부"": 0,
    ""근거문구"": ""라. ｢중소기업기본법｣ 제2조에 따른 소기업자 또는 ｢소상공인 보호 및 지원에 관한 법률｣ 제2조에 따른 소상공인으로서 ʹ중소기업 범위 및 확인에 관한 규정\u20 eyes ʹ에 따라 발급된 소기업･소상공인 확인서를 소지한 자 이어야 합니다.""
  }
}
```"
CJH,PPS-DEV-108,v11,0,False,False,complete_code_fence,wrong_keys,invalid,,null,,,False,False,False,False,stop,106,141,"```json
{
  ""v11"": {
    ""위반여부"": 0,
    ""근거문구"": ""입찰 참가자격에 '라. 「중소기업기본법」제2조에 따른 소기업자 또는 「소상공인 보호 및 지원에 관한 법률」제2조에 따른 소상공인으로서 중소기업 범위 및 확인에 관한 규정에 따라 발급된 소기업·소상공인확인서를 소지한 자'를 명시하여 중소기업자(소기업·소상공인) 제한을 적용하고 있음""
  }
}
```"
CJH,PPS-DEV-109,v11,0,False,False,complete_code_fence,wrong_keys,invalid,,null,,,False,False,False,False,stop,106,40,"```json
{
  ""v11"": {
    ""위반여부"": 0,
    ""근거문구"": null
  }
}
```"
CJH,PPS-DEV-110,v11,0,False,False,complete_code_fence,wrong_keys,invalid,,null,,,False,False,False,False,stop,106,27,"```json
{
  ""v11"": 0,
  ""e11"": null
}
```"
CJH,PPS-DEV-111,v11,0,False,False,complete_code_fence,wrong_keys,invalid,,null,,,False,False,False,False,stop,106,27,"```json
{
  ""v11"": 0,
  ""e11"": null
}
```"
CJH,PPS-DEV-112,v11,0,False,False,complete_code_fence,wrong_keys,invalid,,null,,,False,False,False,False,stop,106,147,"```json
{
  ""v11"": {
    ""위반여부"": 0,
    ""근거문구"": ""3. 제안(입찰) 참가 자격 중 '라. ｢중소기업기본법｣ 제2조에 따른 중・소기업자 또는 ｢소상공인 보호 및 지원에 관한 법률｣ 제2조에 따른 소상공인으로서 ｢중소기업 범위 및 확인에 관한 규정｣에 따라 발급된 중・소기업, 소상공인 확인서를 소지한 자' 규정을 통해 중소기업자 제한을 명시하고 있음""
  }
}
```"
CJH,PPS-DEV-113,v11,0,False,False,complete_code_fence,wrong_keys,invalid,,null,,,False,False,False,False,stop,106,117,"```json
{
  ""v11"": {
    ""위반여부"": 0,
    ""근거문구"": ""다. 본 용역은 「중소기업제품 구매촉진 및 판로지원에 관한 법률 시행령」 제2조의3제1항 및 「중소기업제품 구매촉진 및 판로지원에 관한 법률 시행령」 제44조에 따라 중소기업자와의 우선 조달계약 예외 적용대상 용역입니다.""
  }
}
```"
CJH,PPS-DEV-114,v11,0,False,False,complete_code_fence,wrong_keys,invalid,,null,,,False,False,False,False,stop,106,40,"```json
{
  ""v11"": {
    ""위반여부"": 0,
    ""근거문구"": null
  }
}
```"
CJH,PPS-DEV-115,v11,0,False,False,complete_code_fence,wrong_keys,invalid,,null,,,False,False,False,False,stop,106,27,"```json
{
  ""v11"": 0,
  ""e11"": null
}
```"
CJH,PPS-DEV-116,v11,0,False,False,complete_code_fence,wrong_keys,invalid,,null,,,False,False,False,False,stop,106,187,"```json
{
  ""v11"": {
    ""위반여부"": 0,
    ""근거문구"": ""3. 입찰참가자격 가. ① 「국가를 당사자로 하는 계약에 관한 법률 시행령」제12조의 규정에 의한 유자격자로, 동법시행령 제76조에 의한 입찰참가자격제한에 해당하지 않는 업체 ② 「중소기업기본법」제2조 및 「소상공인 보호 및 지원에 관한 법률」제2조에 따른 중소기업 또는 소상공인으로서 「중소기업 범위 및 확인에 관한 규정」에 따라 발급된 ‘중ㆍ소기업 ․ 소상공인 확인서(중소기업확인서)’를 소지한 업체""
  }
}
```"
CJH,PPS-DEV-117,v11,0,False,False,complete_code_fence,wrong_keys,invalid,,null,,,False,False,False,False,stop,106,27,"```json
{
  ""v11"": 0,
  ""e11"": null
}
```"
CJH,PPS-DEV-118,v11,0,False,False,complete_code_fence,wrong_keys,invalid,,null,,,False,False,False,False,stop,106,57,"```json
{
  ""v11"": {
    ""위반여부"": 0,
    ""근거문구"": ""3. 입찰 참가자격 가. 소기업, 소상공인""
  }
}
```"
CJH,PPS-DEV-119,v11,0,False,False,complete_code_fence,wrong_keys,invalid,,null,,,False,False,False,False,stop,106,40,"```json
{
  ""v11"": {
    ""위반여부"": 0,
    ""근거문구"": null
  }
}
```"
CJH,PPS-DEV-120,v11,0,False,False,complete_code_fence,wrong_keys,invalid,,null,,,False,False,False,False,stop,106,118,"```json
{
  ""v11"": {
    ""위반여부"": 0,
    ""근거문구"": ""입찰참가자격에 '중소기업제품 구매촉진 및 판로지원에 관한 법률 시행령 제 2조의 2에 의거 소기업(소상공인) 확인서를(응찰(개찰)일 까지 발급된 것으로 유효기간 내에 있어야 함)를 소지한 업체'라고 명시되어 있음""
  }
}
```"
CJH,PPS-DEV-121,v11,0,False,False,complete_code_fence,wrong_keys,invalid,,null,,,False,False,False,False,stop,106,167,"```json
{
  ""v11"": {
    ""위반여부"": 0,
    ""근거문구"": ""2. 「지방자치단체를 당사자로하는 계약에 관한 법률」 제31조 및 같은 법 시행령 제92조에 의한 입찰참가자격 제한을 받지 않는 업체\n다. 「중소기업기본법」 제2조에 따른 중․소기업자 또는 「소상공인 보호 및 지원에 관한 법률」 제2조에 따른 소상공인으로서 「중소기업 범위 및 확인에 관한 규정」 에 따라 발급된 <중‧소기업 또는 소상공인 확인서>를 소지한 업체""
  }
}
```"
CJH,PPS-DEV-122,v11,0,False,False,complete_code_fence,wrong_keys,invalid,,null,,,False,False,False,False,stop,106,40,"```json
{
  ""v11"": {
    ""위반여부"": 0,
    ""근거문구"": null
  }
}
```"
CJH,PPS-DEV-123,v11,0,False,False,complete_code_fence,wrong_keys,invalid,,null,,,False,False,False,False,stop,106,27,"```json
{
  ""v11"": 0,
  ""e11"": null
}
```"
CJH,PPS-DEV-124,v11,0,False,False,complete_code_fence,wrong_keys,invalid,,null,,,False,False,False,False,stop,106,130,"```json
{
  ""v11"": {
    ""위반여부"": 0,
    ""근거문구"": ""나. 『중소기업제품 구매촉진 및 판로지원에 관한 법률 시행령』 제2조의 2에 의거 소기업 또는 소상공인 확인서를 소지한 업체 또는 벤처기업육성에 관한 특별조치 법 제2조 제1항에 따른 벤처기업 또는 중소기업창업 지원법 제2조 제3호에 따른 창업기업이어야 합니다.""
  }
}
```"
CJH,PPS-DEV-125,v11,0,False,False,complete_code_fence,wrong_keys,invalid,,null,,,False,False,False,False,stop,106,27,"```json
{
  ""v11"": 0,
  ""e11"": null
}
```"
CJH,PPS-DEV-126,v11,0,False,False,complete_code_fence,wrong_keys,invalid,,null,,,False,False,False,False,stop,106,27,"```json
{
  ""v11"": 0,
  ""e11"": null
}
```"
CJH,PPS-DEV-127,v11,0,False,False,complete_code_fence,wrong_keys,invalid,,null,,,False,False,False,False,stop,106,27,"```json
{
  ""v11"": 0,
  ""e11"": null
}
```"
CJH,PPS-DEV-128,v11,0,False,False,complete_code_fence,wrong_keys,invalid,,null,,,False,False,False,False,stop,106,126,"```json
{
  ""v11"": {
    ""위반여부"": 0,
    ""근거문구"": ""5. 입찰참가 자격 라. 「중소기업기본법」제2조에 따른 중 · 소기업자 또는「소상공인보호 및 지원에 관한 법률」제2조에 따른 소상공인으로서 “중소기업 범위 및 확인에 관한 규정”에 따라 발급된 중 · 소기업 · 소상공인 확인서를 소지한 자""
  }
}
```"
CJH,PPS-DEV-129,v11,0,False,False,complete_code_fence,wrong_keys,invalid,,null,,,False,False,False,False,stop,106,27,"```json
{
  ""v11"": 0,
  ""e11"": null
}
```"
CJH,PPS-DEV-130,v11,0,False,False,complete_code_fence,wrong_keys,invalid,,null,,,False,False,False,False,stop,106,117,"```json
{
  ""v11"": {
    ""위반여부"": 0,
    ""근거문구"": ""마. 「중소기업기본법」제 2조제 2항에 따른 소기업 또는 「소상공인 보호 및 지원에 관한 법률」제2조에 따른 소상공인으로서 ‘중소기업 범위 및 확인에 관한 규정’에 따라 발급된 소기업 또는 소상공인 확인서를 소지한 업체""
  }
}
```"
CJH,PPS-DEV-131,v11,0,False,True,,invalid_json:Expecting value: line 1 column 1 (char 0),invalid,,null,,,False,False,False,False,stop,106,417,"```json
{
  ""v11"": {
    ""위반여부"": 0,
    ""근거문구"": null
  }
}
```

**판정 근거 요약 (내부 검토용):**
1. **구매 대상 식별**: 본 공고의 과업은 '천리안위성 5호 운영 및 관측 데이터 수신/처리/배포를 수행하는 관제 및 전처리시스템 소프트웨어의 설계 및 개발'입니다.
2. **경쟁제품 여부 확인**: 제공된 [경쟁제품 목록]을 확인한 결과, '소프트웨어엔지니어링업' 또는 '정보시스템개발서비스'와 관련된 세부품명번호(8111159801, 8111159901 등)는 목록에 존재하나, 본 공고의 과업 내용이 특정된 '경쟁제품'에 해당한다는 명시적 연결이 부족하며, 무엇보다 해당 목록의 제품들이 '중소기업자간 경쟁제품'으로 지정되어 있는지에 대한 확정적 근거가 공고문 내에 없습니다.
3. **중소기업 제한 여부**: 공고문 2조(입찰참가자격)를 확인하면 '소프트웨어사업자(컴퓨터관련서비스사업, 업종코드 1468)' 등록 자격만을 명시하고 있으며, 중소기업자 제한에 대한 별도의 언급이 없습니다.
4. **결론**: 그러나 판정 절차상 '경쟁제품이 아닌 경우'는 정상(0)으로 분류됩니다. 본 공고의 과업은 일반적인 소프트웨어 개발 용역이며, 제공된 경쟁제품 목록의 품목들이 본 사업의 핵심 대상(경쟁제품)임을 입증할 근거가 없으므로 '경쟁제품이 아닌 경우'에 해당하여 위반이 아닙니다."
CJH,PPS-DEV-132,v11,0,False,False,complete_code_fence,wrong_keys,invalid,,null,,,False,False,False,False,stop,106,27,"```json
{
  ""v11"": 0,
  ""e11"": null
}
```"
CJH,PPS-DEV-133,v11,0,False,False,complete_code_fence,wrong_keys,invalid,,null,,,False,False,False,False,stop,106,27,"```json
{
  ""v11"": 0,
  ""e11"": null
}
```"
CJH,PPS-DEV-134,v11,0,False,True,,invalid_json:Expecting value: line 1 column 1 (char 0),invalid,,null,,,False,False,False,False,stop,106,284,"```json
{
  ""v11"": {
    ""위반여부"": 0,
    ""근거문구"": null
  }
}
```

**[판정 근거 요약]**
1. **구매 대상 식별**: 공고의 명칭은 '공공기관 차세대 경영정보시스템 구축'이며, 입찰참가자격 5번 항목에서 「소프트웨어진흥법」 제58조에 따른 '소프트웨어사업자(컴퓨터관련서비스사업)'를 요구하고 있습니다.
2. **경쟁제품 여부 확인**: 제공된 [참고자료: 경쟁제품 목록]을 확인한 결과, 해당 공고의 사업 내용(경영정보시스템 구축/소프트웨어 개발)과 일치하는 세부품명번호나 제품명이 목록에 존재하지 않습니다. (목록에는 정보통신장비, 보안카메라, 측량용역 등만 존재함)
3. **결론**: 본 사업은 중소기업자간 경쟁제품에 해당하지 않는 일반 용역(소프트웨어 개발) 사업이므로, 중소기업자 제한 누락 여부를 따지는 본 항목의 위반 조건(경쟁제품인 경우)을 충족하지 않습니다. 따라서 정상(0)으로 판정합니다."
CJH,PPS-DEV-135,v11,0,False,False,complete_code_fence,wrong_keys,invalid,,null,,,False,False,False,False,stop,106,159,"```json
{
  ""v11"": {
    ""위반여부"": 0,
    ""근거문구"": ""4. 입찰참가자격(다음 자격을 모두 갖춘 업체) ... 다. ｢중소기업제품 구매촉진 및 판로지원에 관한 법률 시행령｣ 제2조의2에 따라 ｢중소기업기본법｣ 제2조에 따른 소기업 또는 ｢소상공인기본법｣ 제2조에 따른 소상공인으로서 ｢중소기업 범위 및 확인에 관한 규정｣에 따라 소기업ㆍ소상공인확인서(전자함)를 소지한 자""
  }
}
```"
CJH,PPS-DEV-136,v11,0,False,False,complete_code_fence,wrong_keys,invalid,,null,,,False,False,False,False,stop,106,183,"```json
{
  ""v11"": {
    ""위반여부"": 0,
    ""근거문구"": ""3. 입찰 참가자격 가. 3) 「중소기업제품 구매촉진 및 판로지원에 관한 법률 시행령」 제2조의2(중소기업자와의 우선조달계약)에 의한 소기업 또는 소상공인에 해당하는 자로서 「중소기업 범위 및 확인에 관한 규정」에 따라 발급된 확인서를 소지한 업체이거나, 「중소기업제품 구매촉진 및 판로지원에 관한 법률 시행령」 제2조의3(중소기업자와의 우선조달계약에 대한 예외) 제1항 제2호의 비영리법인에 해당하는 자""
  }
}
```"
CJH,PPS-DEV-137,v11,0,False,False,complete_code_fence,wrong_keys,invalid,,null,,,False,False,False,False,stop,106,113,"```json
{
  ""v11"": {
    ""위반여부"": 0,
    ""근거문구"": ""「중소기업기본법」제2조(중소기업자의 범위)에 따른 소기업 또는 「소상공인기본법」제2조에 따른 소상공인으로서 “중소기업 범위 및 확인에 관한 규정”에 따라 발급된 소기업 또는 소상공인 확인서를 소지한 업체""
  }
}
```"
CJH,PPS-DEV-138,v11,0,False,False,complete_code_fence,wrong_keys,invalid,,null,,,False,False,False,False,stop,106,27,"```json
{
  ""v11"": 0,
  ""e11"": null
}
```"
CJH,PPS-DEV-139,v11,0,False,False,complete_code_fence,wrong_keys,invalid,,null,,,False,False,False,False,stop,106,112,"```json
{
  ""v11"": {
    ""violation"": 0,
    ""reason"": ""입찰참가자격 항목에서 「중소기업기본법」 제2조에 따른 중·소기업 및 「소상공인 보호 및 지원에 관한 법률」 제2조에 따른 소상공인으로서 유효한 중·소기업·소상공인 확인서를 소지한 자를 참가자격으로 명시하고 있음.""
  }
}
```"
CJH,PPS-DEV-140,v11,0,False,False,complete_code_fence,wrong_keys,invalid,,null,,,False,False,False,False,stop,106,27,"```json
{
  ""v11"": 0,
  ""e11"": null
}
```"
CJH,PPS-DEV-141,v11,0,False,False,complete_code_fence,wrong_keys,invalid,,null,,,False,False,False,False,stop,106,246,"```json
{
  ""v11"": {
    ""위반여부"": 1,
    ""근거문구"": ""용역명이 '지방정부 대전 0시 축제 행사 운영 대행 용역'이며, 경쟁제품 목록의 '회의기획및대행서비스(8014190201)' 또는 '기타행사기획및대행서비스(8014199001)'에 해당함. 해당 제품들은 특이사항에 '추정가격 10억원 미만에 한함'이라는 조건이 있으나, 본 공고의 입찰추정가격은 3,272,727,273원으로 10억원을 초과하여 경쟁제품 적용 대상에서 제외될 수 있으나, 공고문상 입찰참가자격(3. 나항)에서 '기타자유업(행사대행업, 업정코드 9901)' 등록 업체로만 제한하고 있을 뿐, 중소기업자 제한을 명시하지 않음.""
  }
}
```"
CJH,PPS-DEV-142,v11,0,False,False,complete_code_fence,wrong_keys,invalid,,null,,,False,False,False,False,stop,106,139,"```json
{
  ""v11"": {
    ""위반여부"": 0,
    ""근거문구"": ""7. 입찰참가자격 : ... (3) 입찰참가 대상에 따른 중소기업제품 구매촉진 및 판로지원에 관한 법률 시행령 제 2조의 2에 의거 소기업(소상공인) 또는 중기업 확인서를(응찰(개찰)일 까지 발급된 것으로 유효기간 내에 있어야 함)를 소지한 업체(2. 입찰에 부서 사항 확인 必)""
  }
}
```"
CJH,PPS-DEV-143,v11,0,False,False,complete_code_fence,wrong_keys,invalid,,null,,,False,False,False,False,stop,106,27,"```json
{
  ""v11"": 0,
  ""e11"": null
}
```"
CJH,PPS-DEV-144,v11,0,False,False,complete_code_fence,wrong_keys,invalid,,null,,,False,False,False,False,stop,106,130,"```json
{
  ""v11"": {
    ""위반여부"": 0,
    ""근거문구"": ""다. 「중소기업기본법」 제2조에 따른 소기업자 또는 「소상공인 보호 및 지원에 관한 법률」 제2조에 따른 소상공인으로서 「중소기업범위 및 확인에 관한 규정(중소벤처기업부 고시)」에 따라 발급된 「소기업·소상공인 확인서」를 소지한 업체이어야만 합니다.""
  }
}
```"
CJH,PPS-DEV-145,v11,0,False,False,complete_code_fence,wrong_keys,invalid,,null,,,False,False,False,False,stop,106,27,"```json
{
  ""v11"": 0,
  ""e11"": null
}
```"
CJH,PPS-DEV-146,v11,0,False,False,complete_code_fence,wrong_keys,invalid,,null,,,False,False,False,False,stop,106,27,"```json
{
  ""v11"": 0,
  ""e11"": null
}
```"
CJH,PPS-DEV-147,v11,0,False,False,complete_code_fence,wrong_keys,invalid,,null,,,False,False,False,False,stop,106,27,"```json
{
  ""v11"": 0,
  ""e11"": null
}
```"
CJH,PPS-DEV-148,v11,0,False,False,complete_code_fence,wrong_keys,invalid,,null,,,False,False,False,False,stop,106,176,"```json
{
  ""v11"": {
    ""위반여부"": 0,
    ""근거문구"": ""3.1.2. 「중소기업제품 구매촉진 및 판로지원에 관한 법률」제9조 및 동법 시행령 제10조에 의거 데스크톱컴퓨터에 대한 직접생산확인증명서를 소지한 업체, 3.1.3. 「중소기업기본법」제2조제2항에 따른 소기업과 「소상공인 보호 및 지원에 관한 법률」에 따른 소상공인으로서 「중소기업 범위 및 확인에 관한 규정」에 따라 발급된 소기업·소상공인 확인서를 소지한 업체""
  }
}
```"
CJH,PPS-DEV-149,v11,0,False,False,complete_code_fence,wrong_keys,invalid,,null,,,False,False,False,False,stop,106,40,"```json
{
  ""v11"": {
    ""위반여부"": 0,
    ""근거문구"": null
  }
}
```"
CJH,PPS-DEV-150,v11,0,False,False,complete_code_fence,wrong_keys,invalid,,null,,,False,False,False,False,stop,106,40,"```json
{
  ""v11"": {
    ""위반여부"": 0,
    ""근거문구"": null
  }
}
```"
CJH,PPS-DEV-151,v11,0,False,False,complete_code_fence,wrong_keys,invalid,,null,,,False,False,False,False,stop,106,40,"```json
{
  ""v11"": {
    ""위반여부"": 0,
    ""근거문구"": null
  }
}
```"
CJH,PPS-DEV-152,v11,0,False,False,complete_code_fence,wrong_keys,invalid,,null,,,False,False,False,False,stop,106,131,"```json
{
  ""v11"": {
    ""위반여부"": 0,
    ""근거문구"": ""나. 『중소기업제품 구매촉진 및 판로지원에 관한 법률 시행령』제2조의 2에 의거 소기업 또는 소상공인 확인서를 소지한 업체 또는 벤처기업육성에 관한 특별조치법 제2조 제1항에 따른 벤처기업 또는 중소기업창업 지원법 제2조 제3호에 따른 창업기업이 어야 합니다.""
  }
}
```"
CJH,PPS-DEV-153,v11,0,False,False,complete_code_fence,wrong_keys,invalid,,null,,,False,False,False,False,stop,106,128,"```json
{
  ""v11"": {
    ""위반여부"": 0,
    ""근거문구"": ""2. 입찰참가자격 : ... 나.「중소기업기본법」 제2조제2항에 따른 소기업 또는 ｢소상공인 보호 및 지원에 관한 법률｣ 제2조에 따른 소상공인으로서 ｢중소기업 범위 및 확인에 관한 규정｣ 에 따라 발급된 소기업 또는 소상공인확인서를 소지한 업체""
  }
}
```"
CJH,PPS-DEV-154,v11,0,False,False,complete_code_fence,wrong_keys,invalid,,null,,,False,False,False,False,stop,106,27,"```json
{
  ""v11"": 0,
  ""e11"": null
}
```"
CJH,PPS-DEV-155,v11,0,False,False,complete_code_fence,wrong_keys,invalid,,null,,,False,False,False,False,stop,106,27,"```json
{
  ""v11"": 0,
  ""e11"": null
}
```"
CJH,PPS-DEV-156,v11,0,False,False,complete_code_fence,wrong_keys,invalid,,null,,,False,False,False,False,stop,106,118,"```json
{
  ""v11"": {
    ""violation"": 0,
    ""reason"": ""입찰 참가자격의 '라'항에서 「중소기업기본법」 제2조제2항에 따른 중·소기업 또는 「소상공인 보호 및 지원에 관한 법률」 제2조에 따른 소상공인으로서 발급된 중·소기업, 소상공인 확인서를 소지한 업체를 참가 자격으로 명시하고 있음.""
  }
}
```"
CJH,PPS-DEV-157,v11,0,False,False,complete_code_fence,wrong_keys,invalid,,null,,,False,False,False,False,stop,106,40,"```json
{
  ""v11"": {
    ""위반여부"": 0,
    ""근거문구"": null
  }
}
```"
CJH,PPS-DEV-158,v11,0,False,False,complete_code_fence,wrong_keys,invalid,,null,,,False,False,False,False,stop,106,40,"```json
{
  ""v11"": {
    ""위반여부"": 0,
    ""근거문구"": null
  }
}
```"
CJH,PPS-DEV-159,v11,0,False,False,complete_code_fence,wrong_keys,invalid,,null,,,False,False,False,False,stop,106,129,"```json
{
  ""v11"": {
    ""위반여부"": 1,
    ""근거문구"": ""입찰참가자격에 '기계설비·가스공사업(업종코드 6202) 또는 학술·연구용역(업종코드 1169)' 등록 자격만 명시되어 있으며, 경쟁제품인 '소음기(세부품명번호 2399059901)' 등에 대한 중소기업자 제한 규정이 없습니다.""
  }
}
```"
CJH,PPS-DEV-160,v11,0,False,False,complete_code_fence,wrong_keys,invalid,,null,,,False,False,False,False,stop,106,27,"```json
{
  ""v11"": 0,
  ""e11"": null
}
```"
CJH,PPS-DEV-161,v11,0,False,False,complete_code_fence,wrong_keys,invalid,,null,,,False,False,False,False,stop,106,107,"```json
{
  ""v11"": {
    ""위반여부"": 0,
    ""근거문구"": ""다. 「중소기업기본법」제2조에 의한 소기업 또는 「소상공인 기본법」제2조에 의한 소상공인으로서 「중소기업 범위 및 확인에 관한 규정」에 따라 발급된 소기업 또는 소상공인 확인서를 소지한 자""
  }
}
```"
CJH,PPS-DEV-162,v11,0,False,True,,non_stop_finish,invalid,,null,,,False,False,False,False,length,,512,"```json
{
  ""v11"": {
    ""위반여부"": 1,
    ""근거문구"": ""입찰건명: 혈소판성분채혈키트 공동구매 및 기기 임차 계약, 세부품명번호: 4214269901(채혈세트)은 경쟁제품 목록(4016170101 원심분리기 등)에 명시되어 있지 않으나, 입찰추정가격이 89,918,181,818원으로 매우 고액임에도 불구하고 입찰참가자격에서 중소기업자 제한을 두지 않고 일반적인 자격 요건(국가계약법, 의료기기법 등)만을 명시하고 있음.""
  }
}
```

**※ 판정 근로 보충 설명 (내부 로직):**
1. **구매 대상 식별:** 세부품명번호 `4214269901`(채혈세트)은 제공된 [경쟁제품 목록]에 포함되어 있지 않습니다. (목록에는 원심분리기, 영상감시장치, 약품투입기, 인쇄물, 행사대행 등만 존재)
2. **경쟁제품 여부 판정:** 해당 품목이 경쟁제품 목록에 없으므로 원칙적으로는 '경쟁제품이 아닌 경우'에 해당하여 0이 되어야 하나, 공고의 성격상 '물품(내자)'이며 입찰추정가격이 매우 높음에도 불구하고 입찰참가자격(2. 입찰참가자격)에서 중소기업자 제한을 전혀 언급하지 않았습니다. 
3. **결론 도출:** 제공된 [경쟁제품 목록]에 해당 품목이 없으므로 '경쟁제품이 아닌 경우'로 판단하여 **0(정상)**이 타당하나, 만약 해당 품목이 중소기업자간 경쟁제품에 해당함에도 불구하고 자격 제한을 두지 않은 것으로 간주할 경우(시스템적 판단) 위반이 됩니다. 
*단, 제공된 데이터상으로는 해당 품목이 경쟁제품 목록에 존재하지 않으므로 **정상(0)**으로 판정하는 것이 논리적으로 정확합니다.*

**수정된 최종 응답"
CJH,PPS-DEV-163,v11,0,False,False,complete_code_fence,wrong_keys,invalid,,null,,,False,False,False,False,stop,106,27,"```json
{
  ""v11"": 0,
  ""e11"": null
}
```"
CJH,PPS-DEV-164,v11,0,False,False,complete_code_fence,wrong_keys,invalid,,null,,,False,False,False,False,stop,106,99,"```json
{
  ""v11"": {
    ""위반여부"": 0,
    ""근거문구"": ""5. 입찰참가자격 가. 2) 「중소기업기본법 제2조」에 따른 중소기업자로서 「중소기업 범위 및 확인에 관한 규정」에 따라 발급된 중소기업확인서를 소지한 자""
  }
}
```"
CJH,PPS-DEV-165,v11,0,False,False,complete_code_fence,wrong_keys,invalid,,null,,,False,False,False,False,stop,106,27,"```json
{
  ""v11"": 0,
  ""e11"": null
}
```"
CJH,PPS-DEV-166,v11,0,False,False,complete_code_fence,wrong_keys,invalid,,null,,,False,False,False,False,stop,106,91,"```json
{
  ""v11"": {
    ""위반여부"": 0,
    ""근거문구"": ""5) 「중소기업기본법」제2조에 따른 중·소기업자로서 「중소기업 범위 및 확인에 관한 규정」에 따라 발급된 ‘중소기업 확인서’를 소지한 자""
  }
}
```"
CJH,PPS-DEV-167,v11,0,False,False,complete_code_fence,wrong_keys,invalid,,null,,,False,False,False,False,stop,106,117,"```json
{
  ""v11"": {
    ""위반여부"": 0,
    ""근거문구"": ""3. 견적서 제출자격 가. ② 『중소기업기본법』에 따른 소기업 또는 『소상공인 보호 및 지원에 관한 법률』에 따른 소상공인으로, 「중소기업범위 및 확인에 관한 규정」에 따라 발급된 소기업·소상공인 확인서를 소지한 업체""
  }
}
```"
CJH,PPS-DEV-168,v11,0,False,False,complete_code_fence,wrong_keys,invalid,,null,,,False,False,False,False,stop,106,129,"```json
{
  ""v11"": {
    ""위반여부"": 0,
    ""근거문구"": ""「중소기업제품 구매촉진 및 판로지원에 관한 법률 시행령」제2조의2 (중소기업자와의 우선조달계약)제1항제1호 의거, 「중소기업법」제2조제2항에 따른 소기업 또는 「소상공인 보호 및 지원에 관한 법률」제2조에 따른 소상공인 (중기업 ×)""
  }
}
```"
CJH,PPS-DEV-169,v11,0,False,False,complete_code_fence,wrong_keys,invalid,,null,,,False,False,False,False,stop,106,221,"```json
{
  ""v11"": {
    ""위반여부"": 0,
    ""근거문구"": ""나. 「중소기업제품 구매촉진 및 판로지원에 관한 법률 시행령」제2조의2에 따라 「중소기업기본법」제2조제2항에 따른 중･소기업 또는 「소상공인 보호 및 지원에 관한 법률」제2조에 따른 소상공인으로서 「중소기업 범위 및 확인에 관한 규정(중소벤처기업부고시)」에 따라 발급된 중･소기업･소상공인 확인서를 소지하고, 「중소기업제품 구매촉진 및 판로지원에 관한 법률」제9조 및 같은 법 시행령 제 10조에 따라 기타행사기획및대행서비스(8014199001)에 대한 직접생산확인증명서를 소지한 업체""
  }
}
```"
CJH,PPS-DEV-170,v11,0,False,False,complete_code_fence,wrong_keys,invalid,,null,,,False,False,False,False,stop,106,123,"```json
{
  ""v11"": {
    ""위반여부"": 0,
    ""근거문구"": ""3. 입찰참가자격 가. 1) 「중소기업제품 구매촉진 및 판로지원에 관한 법률 시행령」제2조의2에 의하여 「중소기업기본법」제2조 중소기업 및 「소기업 및 소상공인 지원을 위한 법률」제2조 소상공인 자격을 구비해야 합니다.""
  }
}
```"
CJH,PPS-DEV-171,v11,0,False,True,,invalid_json:Expecting value: line 1 column 1 (char 0),invalid,,null,,,False,False,False,False,stop,106,396,"```json
{
  ""v11"": {
    ""위반여부"": 0,
    ""근거문구"": ""③ 「국가를 당사자로 하는 계약에 관한 법률」 제27조의5 및 같은 법 시행령 제12조 제3항에 따라 ‘조세포탈 등을 한 자’로서 유죄판결이 확정된 날부터 2년이 지나지 아니한 자는 입찰에 참여 할 수 없습니다. 입찰자는 같은 법 시행령 제12조 제3항 각 호에 해당하지 아니한다는 서약서를 입찰 시 제출하여야 합니다. (중략) ④ 「중소기업기본법」 제2조에 따른 중소기업자 또는 「소상공인 보호 및 지원에 관한 법률」 제2조에 따른 소상공인으로서 중소기업 범위 및 확인에 관한 규정에 따라 발급된 ‘중소기업·소상공인 확인서’를 소지해야 함""
  }
}
```

**※ 참고 (판정 근거 요약):**
1. **경쟁제품 여부:** 품명 '동영상제작서비스(8213160301)'는 제공된 [참고자료: 경쟁제품 목록 발색]에 포함된 경쟁제품입니다.
2. **중소기업 제한 여부:** 입찰참가자격 3-1의 ④번 항목에서 ""「중소기업기본법」 제2조에 따른 중소기업자 또는 「소상공인 보호 및 지원에 관한 법률」 제2조에 따른 소상공인으로서... '중소기업·소상공인 확인서'를 소지해야 함""이라고 명시하여 중소기업자 제한을 명확히 하고 있습니다. 따라서 위반이 아닙니다."
CJH,PPS-DEV-172,v11,0,False,False,complete_code_fence,wrong_keys,invalid,,null,,,False,False,False,False,stop,106,122,"```json
{
  ""v11"": {
    ""위반여부"": 0,
    ""근거문구"": ""3. 입찰참가자격 - 「국가종합전자조달시스템 입찰참가자격등록규정」에 따라 나라장터에 입찰참가자격 등록마감일시까지 아래의 사항을 입찰참가자격으로 등록한 자 - 「여성기업지원에 관한 법률」 제2조 제1호에 따른 여성기업""
  }
}
```"
CJH,PPS-DEV-173,v11,0,False,False,complete_code_fence,wrong_keys,invalid,,null,,,False,False,False,False,stop,106,140,"```json
{
  ""v11"": {
    ""위반여부"": 0,
    ""근거문구"": ""2. 입찰에 부치는 사항 가. 사업명: (26F129-B) FEBA부대 집중정신전력교육 용역 / 2. 입찰참가자격 가. ... 중소기업제품 구매촉진 및 판로지원에 관한 법률 시행령 제2조의2에 따른 우선조달계약 대상으로 '소기업' 또는 소상공인기본법 제2조의 '소상공인'""
  }
}
```"
CJH,PPS-DEV-174,v11,0,False,False,complete_code_fence,wrong_keys,invalid,,null,,,False,False,False,False,stop,106,137,"```json
{
  ""v11"": {
    ""위반여부"": 0,
    ""근거문구"": ""가. 「중소기업기본법」제2조에 따른 소기업자, 「중소기업제품 구매촉진 및 판로지원에 관한 법률」제7조의 2 규정에 따른 소기업 또는 소상공인으로서 중소기업청에서 발급한 소기업․소상공인 확인서(개찰일 전일까지 발급된 것으로 유효기간 내에 있어야 함)를 소지한 업체이어야 합니다.""
  }
}
```"
CJH,PPS-DEV-175,v11,0,False,False,complete_code_fence,wrong_keys,invalid,,null,,,False,False,False,False,stop,106,158,"```json
{
  ""v11"": {
    ""위반여부"": 0,
    ""근거문구"": ""다. 중소기업제품 구매촉진 및 판로지원에 관한 법률(이하 판로지원법)｣ 제8조의 2에 해당하지 않는 자로서 중소기업 범위 및 확인에 관한 규정에 따라 발급된 소기업·소상공인 확인서(이하 확인서)를 소지한 자(다만, ｢판로지원법｣ 제33조 제1항에 의거 중소기업자로 간주되는 특별법인도 해당 입찰참가자격이 있음)이어야 합니다.""
  }
}
```"
CJH,PPS-DEV-176,v11,0,False,False,complete_code_fence,wrong_keys,invalid,,null,,,False,False,False,False,stop,106,193,"```json
{
  ""v11"": {
    ""위반여부"": 0,
    ""근거문구"": ""3. 입찰참가자격 다. 「중소기업제품 구매촉진 및 판로지원에 관한 법률」 제9조 및 같은 법 시행규칙 제5조에 따라 세부품명번호(2110190401: 사료배합기)에 해당하는 직접생산확인증명서를 소지한 업체 라. 「중소기업기본법」 제2조에 따른 중소기업 또는 「소상공인 보호 및 지원에 관한 법률」 제2조에 따른 소상공인으로서, 「중소기업 범위 및 확인에 관한 규정」에 따른 중소기업(소상공인) 확인서...를 소지한 업체""
  }
}
```"
CJH,PPS-DEV-177,v11,0,False,False,complete_code_fence,wrong_keys,invalid,,null,,,False,False,False,False,stop,106,186,"```json
{
  ""v11"": {
    ""위반여부"": 0,
    ""근거문구"": ""2. 참가자격 1) ① ... 중소기업자간 경쟁제품 직접생산확인기준에 따라 세부품명인 ‘전시회기획및대행서비스(세부품명번호 8014198801)’ 를 소지한 업체 ② 「중소기업기본법」제2조제2항에 따른 중소기업 또는 「소상공인 보호 및 지원에 관한 법률」 제2조에 따른 소상공인으로서 「중소기업 범위 및 확인에 관한 규정」에 따라 발급된 중소기업확인서, 소상공인확인서 중 하나를 소지한 업체""
  }
}
```"
CJH,PPS-DEV-178,v11,0,False,False,complete_code_fence,wrong_keys,invalid,,null,,,False,False,False,False,stop,106,152,"```json
{
  ""v11"": {
    ""위반여부"": 1,
    ""근거문구"": ""입찰참가자격에 '중소기업자'에 대한 제한이 명시되어 있지 않음. 실제 구매 대상인 전기히트펌프(4010180601)와 히트펌프용실내기(4010178701)는 경쟁제품 목록에 포함된 경쟁제품이나, 입찰참가자격 항목에서 중소기업자 제한을 두지 않고 G2B 등록 업종 및 물품 제조/공급 업체만을 요구함.""
  }
}
```"
CJH,PPS-DEV-179,v11,0,False,False,complete_code_fence,wrong_keys,invalid,,null,,,False,False,False,False,stop,106,40,"```json
{
  ""v11"": {
    ""위반여부"": 0,
    ""근거문구"": null
  }
}
```"
CJH,PPS-DEV-180,v11,0,False,False,complete_code_fence,wrong_keys,invalid,,null,,,False,False,False,False,stop,106,125,"```json
{
  ""v11"": {
    ""위반여부"": 0,
    ""근거문구"": ""3. 입찰참가자격 다. 「중소기업 기본법」 제2조제2항에 따른 소기업 또는 「소상공인 보호 및 지원에 관한 법률」 제2조에 따른 소상공인 업체로서 ‘중소기업 범위 및 확인에 관한 규정’에 따라 발급된 소기업․소상공인 확인서...를 소지한 자""
  }
}
```"
CJH,PPS-DEV-181,v11,0,False,False,complete_code_fence,wrong_keys,invalid,,null,,,False,False,False,False,stop,106,40,"```json
{
  ""v11"": {
    ""위반여부"": 0,
    ""근거문구"": null
  }
}
```"
CJH,PPS-DEV-182,v11,0,False,False,complete_code_fence,wrong_keys,invalid,,null,,,False,False,False,False,stop,106,119,"```json
{
  ""v11"": 0,
  ""e11"": ""4. 입찰참가자격 2) 「중소기업기본법」제2조 제2항에 따른 중소기업 또는 「소상공인 보호 및 지원에 관한 법률」제2조에 따른 소상공인으로 「중·소기업·소상공인 및 장애인기업 확인요령」에 따라 발급된 중소기업 또는 소상공인 확인서를 소지한 업체""
}
```"
CJH,PPS-DEV-183,v11,0,False,False,complete_code_fence,wrong_keys,invalid,,null,,,False,False,False,False,stop,106,27,"```json
{
  ""v11"": 0,
  ""e11"": null
}
```"
CJH,PPS-DEV-184,v11,0,False,False,complete_code_fence,wrong_keys,invalid,,null,,,False,False,False,False,stop,106,105,"```json
{
  ""v11"": {
    ""위반여부"": 0,
    ""근거문구"": ""5. 견적제출자 참가 자격 가. 3) 「중소기업기본법 제2조」에 따른 중소기업자로서 「중소기업 범위 및 확인에 관한 규정」에 따라 발급된 소기업·소상공인확인서를 소지한 자""
  }
}
```"
CJH,PPS-DEV-185,v11,0,False,False,complete_code_fence,wrong_keys,invalid,,null,,,False,False,False,False,stop,106,27,"```json
{
  ""v11"": 0,
  ""e11"": null
}
```"
CJH,PPS-DEV-186,v11,0,False,False,complete_code_fence,wrong_keys,invalid,,null,,,False,False,False,False,stop,106,118,"```json
{
  ""v11"": {
    ""위반여부"": 0,
    ""근거문구"": ""5. 입찰참가자격 라. 「중소기업기본법」제2조에 따른 중소기업자 및 「소상공인기본법」제2조에 따른 소상공인으로서 중소기업 범위 및 확인에 관한 규정에 따라 발급된 중·소기업·소상공인확인서를 소지한 업체""
  }
}
```"
CJH,PPS-DEV-187,v11,0,False,False,complete_code_fence,wrong_keys,invalid,,null,,,False,False,False,False,stop,106,127,"```json
{
  ""v11"": {
    ""위반여부"": 0,
    ""근거문구"": ""※ 본 용역은「중소기업제품 구매촉진 및 판로지원에 관한 법률 시행령」 제2조의3 제1항 제3호 및 지방자치단체 입찰 및 계약집행기준 제5장-제9절-2-4)-마)에 따라 폐기물 처리 용역에 해당되므로 중소기업자와의 우선조달계약 대상에서 제외됩니다.""
  }
}
```"
CJH,PPS-DEV-188,v11,0,False,False,complete_code_fence,wrong_keys,invalid,,null,,,False,False,False,False,stop,106,27,"```json
{
  ""v11"": 0,
  ""e11"": null
}
```"
CJH,PPS-DEV-189,v11,0,False,False,complete_code_fence,wrong_keys,invalid,,null,,,False,False,False,False,stop,106,27,"```json
{
  ""v11"": 0,
  ""e11"": null
}
```"
CJH,PPS-DEV-190,v11,0,False,False,complete_code_fence,wrong_keys,invalid,,null,,,False,False,False,False,stop,106,107,"```json
{
  ""v11"": {
    ""위반여부"": 0,
    ""근거문구"": ""「중소기업제품 구매촉진 및 판로지원에 관한 법률」제2조 및 「소상공인 보호 및 지원에 관한 법률」제2조에 의거한 중·소기업·소상공인으로서 중·소기업·소상공인 확인서를 소지한 자""
  }
}
```"
CJH,PPS-DEV-191,v11,0,False,False,complete_code_fence,wrong_keys,invalid,,null,,,False,False,False,False,stop,106,156,"```json
{
  ""v11"": {
    ""위반여부"": 0,
    ""근거문구"": ""나. 과업 제안(입찰) 참가자격 조건 1) ... - 「중소기업기본법」 제2조에 따른 중소기업자 또는 「소상공인 보호 및 지원에 관한 법률」 제2조에 따른 소상공인으로서 \""중소기업 범위 및 확인에 관한 규정\""에 따라 발급된 중소기업․소상공인 확인서(제안서 접수 마감일 전 일 발급된 것으로 유효기간 내에 있어야 함)를 소지한 자""
  }
}
```"
CJH,PPS-DEV-192,v11,0,False,False,complete_code_fence,wrong_keys,invalid,,null,,,False,False,False,False,stop,106,119,"```json
{
  ""v11"": {
    ""위반여부"": 0,
    ""근거문구"": ""3. 입찰참가자격 라. 「중소기업제품 구매촉진 및 판로지원에 관한 법률」 등에 따른 소기업 또는 소상공인으로서 「중소기업 범위 및 확인에 관한 규정」과 「지방자치단체 입찰 및 계약 집행기준」에 따라 소기업・소상공인 확인서를 소지한 업체""
  }
}
```"
CJH,PPS-DEV-193,v11,0,False,False,complete_code_fence,wrong_keys,invalid,,null,,,False,False,False,False,stop,106,27,"```json
{
  ""v11"": 0,
  ""e11"": null
}
```"
CJH,PPS-DEV-194,v11,0,False,False,complete_code_fence,wrong_keys,invalid,,null,,,False,False,False,False,stop,106,148,"```json
{
  ""v11"": {
    ""위반여부"": 0,
    ""근거문구"": ""3. 견적제출 참가자격 가. 2) 「중소기업기본법」 제2조에 따른 소기업 또는 「소상공인 보호 및 지원에 관한 법률」 제2조에 따른 소상공인으로 「중소기업 범위 및 확인에 관한 규정」에 따라 발급된 소기업·소상공인확인서(견적서 제출 마감일 전일까지 발급된 것으로 유효기간 내에 있어야 함)를 소지한 업체""
  }
}
```"
CJH,PPS-DEV-195,v11,0,False,False,complete_code_fence,wrong_keys,invalid,,null,,,False,False,False,False,stop,106,40,"```json
{
  ""v11"": {
    ""위반여부"": 0,
    ""근거문구"": null
  }
}
```"
CJH,PPS-DEV-196,v11,0,False,False,complete_code_fence,wrong_keys,invalid,,null,,,False,False,False,False,stop,106,27,"```json
{
  ""v11"": 0,
  ""e11"": null
}
```"
CJH,PPS-DEV-197,v11,0,False,False,complete_code_fence,wrong_keys,invalid,,null,,,False,False,False,False,stop,106,21,"```json
{""v11"": 0, ""e11"": null}
```"
CJH,PPS-DEV-198,v11,0,False,False,complete_code_fence,wrong_keys,invalid,,null,,,False,False,False,False,stop,106,219,"```json
{
  ""v11"": {
    ""위반여부"": 0,
    ""근거문구"": ""3. 견적제출 참가자격 나. ... (개인사업자인 경우에는 사업자등록증 또는 관련 법령에 따른 허가·인가·면허·등록·신고 등에 관련된 서류에 기재된 사업장의 소재지)가 강원특별자치도 내에 있는 업체 마. 「중소기업기본법」 제2조제2항에 따른 소기업 또는 「소상공인 보호 및 지원에 관한 법률」제2조에 따른 소상공인으로서, ｢중소기업제품 구매촉진 및 판로지원에 관한 법률 시행령｣ 제2조의2(중소기업자와의 우선조달계약)에 의하여 “중소기업 범위 및 확인에 관한 규정”에 따라 발급된 소기업ㆍ소상공인 확인서를 소지한 업체""
  }
}
```"
CJH,PPS-DEV-199,v11,0,False,False,complete_code_fence,wrong_keys,invalid,,null,,,False,False,False,False,stop,106,27,"```json
{
  ""v11"": 0,
  ""e11"": null
}
```"
CJH,PPS-DEV-200,v11,0,False,False,complete_code_fence,wrong_keys,invalid,,null,,,False,False,False,False,stop,106,118,"```json
{
  ""v11"": {
    ""위반여부"": 0,
    ""근거문구"": ""견적제출 참가자격 마. 「소상공인기본법」제2조에 따른 소상공인 또는 「중소기업기본법」제2조 제2항에 따른 소기업으로서 「중소기업 범위 및 확인에 관한 규정」에 따라 발급된 소기업·소상공인 확인서를 소지한 업체""
  }
}
```"
CJH,PPS-DEV-01,v12,0,False,False,complete_code_fence,wrong_keys,invalid,,null,,,False,False,False,False,stop,106,165,"```json
{
  ""v12"": {
    ""위반여부"": 0,
    ""근거문구"": ""나. 『판로지원법』 제9조 및 같은 법 시행령 제10조에 따라 다음 세부품명으로 ‘직접생산확인증명서’를 모두 소지한 자로서 전자입찰서 제출 마감일 전일까지 발급되어 유효기간 내 있어야 함\n- 세부품명: 기타 행사기획 및 대행서비스(세부품명번호 8014199001), 축제기획 및 대행 서비스(세부품명번호 9015189001)""
  }
}
```"
CJH,PPS-DEV-02,v12,0,False,False,complete_code_fence,wrong_keys,invalid,,null,,,False,False,False,False,stop,106,40,"```json
{
  ""v12"": {
    ""위반여부"": 0,
    ""근거문구"": null
  }
}
```"
CJH,PPS-DEV-03,v12,0,False,False,complete_code_fence,wrong_keys,invalid,,null,,,False,False,False,False,stop,106,40,"```json
{
  ""v12"": {
    ""위반여부"": 0,
    ""근거문구"": null
  }
}
```"
CJH,PPS-DEV-04,v12,0,False,False,complete_code_fence,wrong_keys,invalid,,null,,,False,False,False,False,stop,106,40,"```json
{
  ""v12"": {
    ""위반여부"": 0,
    ""근거문구"": null
  }
}
```"
CJH,PPS-DEV-05,v12,0,False,False,complete_code_fence,wrong_keys,invalid,,null,,,False,False,False,False,stop,106,40,"```json
{
  ""v12"": {
    ""위반여부"": 0,
    ""근거문구"": null
  }
}
```"
CJH,PPS-DEV-06,v12,0,False,False,complete_code_fence,wrong_keys,invalid,,null,,,False,False,False,False,stop,106,71,"```json
{
  ""v12"": {
    ""위반여부"": 1,
    ""근거문구"": ""※ 직접생산확인증명서는 입찰서 제출마감일 전일까지 발급된 것으로서 유효기간 내에 있어야 함""
  }
}
```"
CJH,PPS-DEV-07,v12,0,False,False,complete_code_fence,wrong_keys,invalid,,null,,,False,False,False,False,stop,106,40,"```json
{
  ""v12"": {
    ""위반여부"": 0,
    ""근거문구"": null
  }
}
```"
CJH,PPS-DEV-08,v12,0,False,False,complete_code_fence,wrong_keys,invalid,,null,,,False,False,False,False,stop,106,40,"```json
{
  ""v12"": {
    ""위반여부"": 0,
    ""근거문구"": null
  }
}
```"
CJH,PPS-DEV-09,v12,0,False,False,complete_code_fence,wrong_keys,invalid,,null,,,False,False,False,False,stop,106,40,"```json
{
  ""v12"": {
    ""위반여부"": 0,
    ""근거문구"": null
  }
}
```"
CJH,PPS-DEV-10,v12,0,False,False,complete_code_fence,wrong_keys,invalid,,null,,,False,False,False,False,stop,106,28,"```json
{
  ""violation_status"": 0,
  ""evidence_text"": null
}
```"
CJH,PPS-DEV-12,v12,0,False,False,complete_code_fence,wrong_keys,invalid,,null,,,False,False,False,False,stop,106,28,"```json
{
  ""violation_status"": 0,
  ""evidence_text"": null
}
```"
CJH,PPS-DEV-13,v12,0,False,False,complete_code_fence,wrong_keys,invalid,,null,,,False,False,False,False,stop,106,74,"```json
{
  ""v12"": {
    ""위반여부"": 1,
    ""근거문구"": ""아. 산업디자인전문회사 신고확인증, 중소기업확인서, 직접생산확인증명확인서 각 1부""
  }
}
```"
CJH,PPS-DEV-14,v12,0,False,False,complete_code_fence,wrong_keys,invalid,,null,,,False,False,False,False,stop,106,117,"```json
{
  ""v12"": {
    ""위반여부"": 1,
    ""근거문구"": ""「중소기업제품 구매촉진 및 판로지원에 관한 법률」제9조 및 같은 법 시행령 10조에 의한 직접생산확인증명서 [세부품명：통학운송서비스/세부품명번호：7811189902]를 소지한 업체이어야 합니다.""
  }
}
```"
CJH,PPS-DEV-15,v12,1,False,False,complete_code_fence,wrong_keys,invalid,,null,,,False,False,False,False,stop,106,69,"```json
{
  ""violation"": 1,
  ""reason"": ""본 입찰 대상 물품(과일류, 세부품명번호 5030990101)에 대한 직접생산확인증명서를 보유한 자이어야 합니다.""
}
```"
CJH,PPS-DEV-16,v12,0,False,False,complete_code_fence,wrong_keys,invalid,,null,,,False,False,False,False,stop,106,102,"```json
{
  ""v12"": {
    ""위반여부"": 1,
    ""근거문구"": ""직접생산확인증명서[통학운송서비스(세부품명번호: 7811189902)]를 소지한 자로 전자입찰서 제출 마감일 전일까지 발급된 것으로 유효기간 내에 있어야 합니다.""
  }
}
```"
CJH,PPS-DEV-17,v12,0,False,False,complete_code_fence,wrong_keys,invalid,,null,,,False,False,False,False,stop,106,40,"```json
{
  ""v12"": {
    ""위반여부"": 0,
    ""근거문구"": null
  }
}
```"
CJH,PPS-DEV-18,v12,0,False,False,complete_code_fence,wrong_keys,invalid,,null,,,False,False,False,False,stop,106,40,"```json
{
  ""v12"": {
    ""위반여부"": 0,
    ""근거문구"": null
  }
}
```"
CJH,PPS-DEV-19,v12,0,False,False,complete_code_fence,wrong_keys,invalid,,null,,,False,False,False,False,stop,106,40,"```json
{
  ""v12"": {
    ""위반여부"": 0,
    ""근거문구"": null
  }
}
```"
CJH,PPS-DEV-20,v12,0,False,False,complete_code_fence,wrong_keys,invalid,,null,,,False,False,False,False,stop,106,40,"```json
{
  ""v12"": {
    ""위반여부"": 0,
    ""근거문구"": null
  }
}
```"
CJH,PPS-DEV-21,v12,0,False,False,complete_code_fence,wrong_keys,invalid,,null,,,False,False,False,False,stop,106,40,"```json
{
  ""v12"": {
    ""위반여부"": 0,
    ""근거문구"": null
  }
}
```"
CJH,PPS-DEV-22,v12,0,False,False,complete_code_fence,wrong_keys,invalid,,null,,,False,False,False,False,stop,106,40,"```json
{
  ""v12"": {
    ""위반여부"": 0,
    ""근거문구"": null
  }
}
```"
CJH,PPS-DEV-23,v12,0,False,False,complete_code_fence,wrong_keys,invalid,,null,,,False,False,False,False,stop,106,40,"```json
{
  ""v12"": {
    ""위반여부"": 0,
    ""근거문구"": null
  }
}
```"
CJH,PPS-DEV-24,v12,0,False,False,complete_code_fence,wrong_keys,invalid,,null,,,False,False,False,False,stop,106,120,"```json
{
  ""v12"": {
    ""위반여부"": 1,
    ""근거문구"": ""3) 「중소기업제품 구매촉진 및 판로지원에 관한 법률」 제9조 및 「같은 법 시행령」 제10조에 의한 아래의 세부품명의 직접생산확인증명서를 소지한 자\n- 정보시스템유지관리서비스 (세부품명번호 8111189901)""
  }
}
```"
CJH,PPS-DEV-25,v12,0,False,False,complete_code_fence,wrong_keys,invalid,,null,,,False,False,False,False,stop,106,24,"```json
{
  ""violation"": 0,
  ""reason"": null
}
```"
CJH,PPS-DEV-26,v12,0,False,False,complete_code_fence,wrong_keys,invalid,,null,,,False,False,False,False,stop,106,40,"```json
{
  ""v12"": {
    ""위반여부"": 0,
    ""근거문구"": null
  }
}
```"
CJH,PPS-DEV-28,v12,0,False,False,complete_code_fence,wrong_keys,invalid,,null,,,False,False,False,False,stop,106,40,"```json
{
  ""v12"": {
    ""위반여부"": 0,
    ""근거문구"": null
  }
}
```"
CJH,PPS-DEV-29,v12,0,False,False,complete_code_fence,wrong_keys,invalid,,null,,,False,False,False,False,stop,106,40,"```json
{
  ""v12"": {
    ""위반여부"": 0,
    ""근거문구"": null
  }
}
```"
CJH,PPS-DEV-30,v12,0,False,False,complete_code_fence,wrong_keys,invalid,,null,,,False,False,False,False,stop,106,40,"```json
{
  ""v12"": {
    ""위반여부"": 0,
    ""근거문구"": null
  }
}
```"
CJH,PPS-DEV-31,v12,0,False,False,complete_code_fence,wrong_keys,invalid,,null,,,False,False,False,False,stop,106,40,"```json
{
  ""v12"": {
    ""위반여부"": 0,
    ""근거문구"": null
  }
}
```"
CJH,PPS-DEV-32,v12,0,False,False,complete_code_fence,wrong_keys,invalid,,null,,,False,False,False,False,stop,106,40,"```json
{
  ""v12"": {
    ""위반여부"": 0,
    ""근거문구"": null
  }
}
```"
CJH,PPS-DEV-033,v12,0,False,False,complete_code_fence,wrong_keys,invalid,,null,,,False,False,False,False,stop,106,40,"```json
{
  ""v12"": {
    ""위반여부"": 0,
    ""근거문구"": null
  }
}
```"
CJH,PPS-DEV-034,v12,0,False,False,complete_code_fence,wrong_keys,invalid,,null,,,False,False,False,False,stop,106,40,"```json
{
  ""v12"": {
    ""위반여부"": 0,
    ""근거문구"": null
  }
}
```"
CJH,PPS-DEV-035,v12,0,False,False,complete_code_fence,wrong_keys,invalid,,null,,,False,False,False,False,stop,106,40,"```json
{
  ""v12"": {
    ""위반여부"": 0,
    ""근거문구"": null
  }
}
```"
CJH,PPS-DEV-036,v12,0,False,False,complete_code_fence,wrong_keys,invalid,,null,,,False,False,False,False,stop,106,40,"```json
{
  ""v12"": {
    ""위반여부"": 0,
    ""근거문구"": null
  }
}
```"
CJH,PPS-DEV-037,v12,0,False,False,complete_code_fence,wrong_keys,invalid,,null,,,False,False,False,False,stop,106,40,"```json
{
  ""v12"": {
    ""위반여부"": 0,
    ""근거문구"": null
  }
}
```"
CJH,PPS-DEV-038,v12,0,False,False,complete_code_fence,wrong_keys,invalid,,null,,,False,False,False,False,stop,106,40,"```json
{
  ""v12"": {
    ""위반여부"": 0,
    ""근거문구"": null
  }
}
```"
CJH,PPS-DEV-039,v12,0,False,False,complete_code_fence,wrong_keys,invalid,,null,,,False,False,False,False,stop,106,40,"```json
{
  ""v12"": {
    ""위반여부"": 0,
    ""근거문구"": null
  }
}
```"
CJH,PPS-DEV-040,v12,0,False,False,complete_code_fence,wrong_keys,invalid,,null,,,False,False,False,False,stop,106,24,"```json
{
  ""violation"": 0,
  ""reason"": null
}
```"
CJH,PPS-DEV-041,v12,0,False,False,complete_code_fence,wrong_keys,invalid,,null,,,False,False,False,False,stop,106,40,"```json
{
  ""v12"": {
    ""위반여부"": 0,
    ""근거문구"": null
  }
}
```"
CJH,PPS-DEV-042,v12,0,False,False,complete_code_fence,wrong_keys,invalid,,null,,,False,False,False,False,stop,106,40,"```json
{
  ""v12"": {
    ""위반여부"": 0,
    ""근거문구"": null
  }
}
```"
CJH,PPS-DEV-043,v12,0,False,False,complete_code_fence,wrong_keys,invalid,,null,,,False,False,False,False,stop,106,40,"```json
{
  ""v12"": {
    ""위반여부"": 0,
    ""근거문구"": null
  }
}
```"
CJH,PPS-DEV-044,v12,0,False,False,complete_code_fence,wrong_keys,invalid,,null,,,False,False,False,False,stop,106,40,"```json
{
  ""v12"": {
    ""위반여부"": 0,
    ""근거문구"": null
  }
}
```"
CJH,PPS-DEV-045,v12,0,False,False,complete_code_fence,wrong_keys,invalid,,null,,,False,False,False,False,stop,106,100,"```json
{
  ""v12"": {
    ""위반여부"": 1,
    ""근거문구"": ""1) 소기업∙소상공인확인서 및 직접생산확인증명서가 중소기업제품 공공구매종합정보망 (http://www.smpp.go.kr)에서 확인이 안 될 경우 입찰참가자격이 없습니다.""
  }
}
```"
CJH,PPS-DEV-046,v12,0,False,False,complete_code_fence,wrong_keys,invalid,,null,,,False,False,False,False,stop,106,40,"```json
{
  ""v12"": {
    ""위반여부"": 0,
    ""근거문구"": null
  }
}
```"
CJH,PPS-DEV-047,v12,0,False,False,complete_code_fence,wrong_keys,invalid,,null,,,False,False,False,False,stop,106,40,"```json
{
  ""v12"": {
    ""위반여부"": 0,
    ""근거문구"": null
  }
}
```"
CJH,PPS-DEV-048,v12,0,False,True,,invalid_json:Expecting value: line 1 column 1 (char 0),invalid,,null,,,False,False,False,False,stop,106,280,"```json
{
  ""v12"": {
    ""위반여부"": 0,
    ""근거문구"": null
  }
}
```

**판정 근거 요약 (내부 검토용):**
1. **구매 대상 식별:** 공고의 사업명은 '장애인체육대회 공개행사 및 경기운영지원 대행용역'이며, 실제 구매 대상은 행사 대행 서비스입니다.
2. **경쟁제품 여부 확인:** 제공된 [경쟁제품 목록 발췌] 자료에 따르면, 세부품명 '기타행사 기획 및 대행서비스(세부품명번호: 8014199001)'는 경쟁제품 목록에 포함되어 있습니다. (특이사항에 '추정가격 10억원 미만에 한함'이 있으나, 본 공고의 입찰추정가격은 약 5.45억원으로 해당 조건을 충족함)
3. **판정:** 구매 대상이 경쟁제품 목록에 존재하는 '경쟁제품'이므로, 직접생산확인증명서 소지를 요구하더라도 위반(1)이 아닌 정상(0)으로 판정합니다. (정상 조건: 경쟁제품인 경우)"
CJH,PPS-DEV-049,v12,1,False,False,complete_code_fence,wrong_keys,invalid,,null,,,False,False,False,False,stop,106,64,"```json
{
  ""v12"": {
    ""위반여부"": 1,
    ""근거문구"": ""해당업종 및 세부품명의 직접생산확인증명서를 보유한 업체여야 합니다.""
  }
}
```"
CJH,PPS-DEV-050,v12,0,False,False,complete_code_fence,wrong_keys,invalid,,null,,,False,False,False,False,stop,106,40,"```json
{
  ""v12"": {
    ""위반여부"": 0,
    ""근거문구"": null
  }
}
```"
CJH,PPS-DEV-051,v12,0,False,False,complete_code_fence,wrong_keys,invalid,,null,,,False,False,False,False,stop,106,35,"```json
{
  ""v12"": {
    ""violation"": 0,
    ""reason"": null
  }
}
```"
CJH,PPS-DEV-052,v12,0,False,False,complete_code_fence,wrong_keys,invalid,,null,,,False,False,False,False,stop,106,40,"```json
{
  ""v12"": {
    ""위반여부"": 0,
    ""근거문구"": null
  }
}
```"
CJH,PPS-DEV-053,v12,1,False,False,complete_code_fence,wrong_keys,invalid,,null,,,False,False,False,False,stop,106,135,"```json
{
  ""v12"": {
    ""위반여부"": 1,
    ""근거문구"": ""③ 「중소기업제품 구매촉진 및 판로지원에 관한 법률」 제9조 및 같은법 시행령 제10조 규정에 의한 직접생산확인증명서[세부품명 : 기타행사기획및대행서비스(8014199001) 또는 전시회기획및대행서비스(8014198801)]를 소지한 업체""
  }
}
```"
CJH,PPS-DEV-054,v12,1,False,True,,invalid_json:Expecting value: line 1 column 1 (char 0),invalid,,null,,,False,False,False,False,stop,106,442,"```json
{
  ""v12"": {
    ""위반여부"": 0,
    ""근거문구"": null
  }
}
```

**[판정 근거 요약]**
1. **구매 대상 식별**: 공고의 용역명은 『마늘한우 축제』 행사대행 용역이며, 사업 내용은 축제 기획 및 대행입니다.
2. **경쟁제품 여부 확인**: 참고자료(경쟁제품 목록)에 따르면, 세부품명번호 `9015189001`(축제기획및대행서비스)은 '경쟁제품'에 해당합니다.
3. **특이사항 검토**: 해당 제품의 특이사항은 ""추정가격 3억원 미만에 한함""입니다. 본 공고의 입찰추정가격은 `327,272,727원`으로, 3억원을 초과하여 특이사항 조건을 충족하지 못합니다.
4. **판정 결과**: 비록 금액 조건(3억 초과)으로 인해 일반용역(일반제품) 성격을 띠게 되나, 판정 기준상 경쟁제품 목록에 존재하는 품목이며 직접생산확인증명서 소지를 요구하는 것은 경쟁제품에 대한 자격 요건(직접생산확인증명서 소지)을 요구하는 것으로 간주되어 정상(0)으로 판정합니다. (※ 단, 질문의 의도가 '금액 초과로 인한 일반용역화'를 엄격히 적용한다면 1이 될 수 있으나, 통상적인 경쟁제품 목록 내 품목에 대한 자격 제한은 정상으로 분류함)

*수정 사항: 질문의 조건 1(금액 조건 미충족 시 일반제품 분류)을 엄격히 적용할 경우 1이 될 수 있으나, 제공된 문구상 '경쟁제품인 경우' 0에 해당하므로 0으로 판정하였습니다.*"
CJH,PPS-DEV-056,v12,1,False,False,complete_code_fence,wrong_keys,invalid,,null,,,False,False,False,False,stop,106,118,"```json
{
  ""v12"": {
    ""위반여부"": 1,
    ""근거문구"": ""「중소기업제품 구매촉진 및 판로지원에 관한 법률」제9조 및 같은 법 시행규칙 제5조 규정에 의하여 직접생산확인증명서(세부품명번호 8111219901, 세부품명 : 인터넷지원개발서비스)를 소지한 업체여야 합니다.""
  }
}
```"
CJH,PPS-DEV-057,v12,1,False,False,complete_code_fence,wrong_keys,invalid,,null,,,False,False,False,False,stop,106,65,"```json
{
  ""v12"": {
    ""위반여부"": 0,
    ""근거문구"": ""차. 해당업종 및 세부품명의 직접생산확인증명서를 보유한 업체여야 합니다.""
  }
}
```"
CJH,PPS-DEV-058,v12,0,False,False,complete_code_fence,wrong_keys,invalid,,null,,,False,False,False,False,stop,106,28,"```json
{
  ""violation_status"": 0,
  ""evidence_text"": null
}
```"
CJH,PPS-DEV-059,v12,0,False,False,complete_code_fence,wrong_keys,invalid,,null,,,False,False,False,False,stop,106,40,"```json
{
  ""v12"": {
    ""위반여부"": 0,
    ""근거문구"": null
  }
}
```"
CJH,PPS-DEV-060,v12,0,False,False,complete_code_fence,wrong_keys,invalid,,null,,,False,False,False,False,stop,106,186,"```json
{
  ""v12"": {
    ""위반여부"": 1,
    ""근거문구"": ""4) ｢중소기업제품 구매촉진 및 판로지원에 관한 법률｣ 제6조, 제8조, 제9조 및 동법 시행령 제9조에 의한 유자격자로서 전시회기획 및 대행서비스(세부 제품 번호: 8014198801) 혹은 국제행사기획 및 대행서비스(세부 제품 번호: 8014198901) 혹은 기타행사기획 및 대행서비스(세부 제품 번호: 8014199001) 품목 등에 대한 직접생산증명서를 소지한 업체""
  }
}
```"
CJH,PPS-DEV-061,v12,0,False,False,complete_code_fence,wrong_keys,invalid,,null,,,False,False,False,False,stop,106,40,"```json
{
  ""v12"": {
    ""위반여부"": 0,
    ""근거문구"": null
  }
}
```"
CJH,PPS-DEV-062,v12,0,False,False,complete_code_fence,wrong_keys,invalid,,null,,,False,False,False,False,stop,106,40,"```json
{
  ""v12"": {
    ""위반여부"": 0,
    ""근거문구"": null
  }
}
```"
CJH,PPS-DEV-063,v12,0,False,False,complete_code_fence,wrong_keys,invalid,,null,,,False,False,False,False,stop,106,113,"```json
{
  ""violation_status"": 1,
  ""evidence_text"": ""라. 전자입찰서 제출 마감일 전일까지 「중소기업제품 구매촉진 및 판로지원에 관한 법률」 제9조 및 같은 법 시행령 제10조에 의거 해당 물품(시설물경비서비스, 세부품명번호 9212159901)의 직접생산확인증명서를 소지한 업체""
}
```"
CJH,PPS-DEV-064,v12,0,False,False,complete_code_fence,wrong_keys,invalid,,null,,,False,False,False,False,stop,106,28,"```json
{
  ""violation_status"": 0,
  ""evidence_text"": null
}
```"
CJH,PPS-DEV-065,v12,0,False,False,complete_code_fence,wrong_keys,invalid,,null,,,False,False,False,False,stop,106,40,"```json
{
  ""v12"": {
    ""위반여부"": 0,
    ""근거문구"": null
  }
}
```"
CJH,PPS-DEV-066,v12,0,False,False,complete_code_fence,wrong_keys,invalid,,null,,,False,False,False,False,stop,106,40,"```json
{
  ""v12"": {
    ""위반여부"": 0,
    ""근거문구"": null
  }
}
```"
CJH,PPS-DEV-068,v12,0,False,False,complete_code_fence,wrong_keys,invalid,,null,,,False,False,False,False,stop,106,24,"```json
{
  ""violation"": 0,
  ""reason"": null
}
```"
CJH,PPS-DEV-069,v12,0,False,False,complete_code_fence,wrong_keys,invalid,,null,,,False,False,False,False,stop,106,40,"```json
{
  ""v12"": {
    ""위반여부"": 0,
    ""근거문구"": null
  }
}
```"
CJH,PPS-DEV-070,v12,0,False,False,complete_code_fence,wrong_keys,invalid,,null,,,False,False,False,False,stop,106,40,"```json
{
  ""v12"": {
    ""위반여부"": 0,
    ""근거문구"": null
  }
}
```"
CJH,PPS-DEV-071,v12,0,False,False,complete_code_fence,wrong_keys,invalid,,null,,,False,False,False,False,stop,106,107,"```json
{
  ""v12"": {
    ""위반여부"": 1,
    ""근거문구"": ""「중소기업제품 구매촉진 및 판로지원에 관한 법률」 제9조 규정에 의거 직접생산확인증명서【기타행사기획및대행서비스(세부품명번호:8014199001)】를 소지한 업체""
  }
}
```"
CJH,PPS-DEV-072,v12,0,False,False,complete_code_fence,wrong_keys,invalid,,null,,,False,False,False,False,stop,106,40,"```json
{
  ""v12"": {
    ""위반여부"": 0,
    ""근거문구"": null
  }
}
```"
CJH,PPS-DEV-073,v12,0,False,False,complete_code_fence,wrong_keys,invalid,,null,,,False,False,False,False,stop,106,40,"```json
{
  ""v12"": {
    ""위반여부"": 0,
    ""근거문구"": null
  }
}
```"
CJH,PPS-DEV-074,v12,0,False,False,complete_code_fence,wrong_keys,invalid,,null,,,False,False,False,False,stop,106,122,"```json
{
  ""v12"": {
    ""위반여부"": 1,
    ""근거문구"": ""라. 「중소기업제품 구매촉진 및 판로지원에 관한 법률」 제9조 및 같은 법 시행령 제10 조에 의한 직접생산증명서(세부품명 : “기타행사기획및대행서비스”, 세부품명 번호 : 8014199001)를 소지한 자""
  }
}
```"
CJH,PPS-DEV-075,v12,0,False,False,complete_code_fence,wrong_keys,invalid,,null,,,False,False,False,False,stop,106,80,"```json
{
  ""v12"": {
    ""위반여부"": 1,
    ""근거문구"": ""마. 「중소기업제품 구매촉진 및 판로지원에 관한 법률」 제9조 및 같은 법 시행령 제10조에 의한 직접생산증명서""
  }
}
```"
CJH,PPS-DEV-076,v12,0,True,False,complete_code_fence,,fp,1,"""「중소기업제품 구매촉진 및 판로지원에 관한 법률」제9조 및 같은 법 시행령 제10조 규정에 따라 발급된 직접생산확인증명서(기타행사기획및대행서비스, 세부품명번호 8014199001) 또는 직접생산확인증명서(축제기획및대행서비스, 세부품명번호 9015189001)를 소지한 업체""",False,True,False,False,False,False,stop,106,143,"```json
{
  ""위반여부"": 1,
  ""근거문구"": ""「중소기업제품 구매촉진 및 판로지원에 관한 법률」제9조 및 같은 법 시행령 제10조 규정에 따라 발급된 직접생산확인증명서(기타행사기획및대행서비스, 세부품명번호 8014199001) 또는 직접생산확인증명서(축제기획및대행서비스, 세부품명번호 9015189001)를 소지한 업체""
}
```"
CJH,PPS-DEV-077,v12,0,False,False,complete_code_fence,wrong_keys,invalid,,null,,,False,False,False,False,stop,106,65,"```json
{
  ""v12"": {
    ""위반여부"": 1,
    ""근거문구"": ""기타행사기획 및 대행서비스 부문의 직접생산확인증명서를 소지한 업체""
  }
}
```"
CJH,PPS-DEV-078,v12,0,False,False,complete_code_fence,wrong_keys,invalid,,null,,,False,False,False,False,stop,106,107,"```json
{
  ""v12"": {
    ""위반여부"": 1,
    ""근거문구"": ""마. 「중소기업제품 구매촉진 및 판로지원에 관한 법률」제9조 및 같은 법 시행령 제10조에 의한 직접생산확인증명서(세부품명 : 디자인서비스(8214150201)를 소지한 자""
  }
}
```"
CJH,PPS-DEV-079,v12,0,False,False,complete_code_fence,wrong_keys,invalid,,null,,,False,False,False,False,stop,106,40,"```json
{
  ""v12"": {
    ""위반여부"": 0,
    ""근거문구"": null
  }
}
```"
CJH,PPS-DEV-080,v12,0,False,False,complete_code_fence,wrong_keys,invalid,,null,,,False,False,False,False,stop,106,40,"```json
{
  ""v12"": {
    ""위반여부"": 0,
    ""근거문구"": null
  }
}
```"
CJH,PPS-DEV-081,v12,0,False,False,complete_code_fence,wrong_keys,invalid,,null,,,False,False,False,False,stop,106,40,"```json
{
  ""v12"": {
    ""위반여부"": 0,
    ""근거문구"": null
  }
}
```"
CJH,PPS-DEV-082,v12,0,False,False,complete_code_fence,wrong_keys,invalid,,null,,,False,False,False,False,stop,106,40,"```json
{
  ""v12"": {
    ""위반여부"": 0,
    ""근거문구"": null
  }
}
```"
CJH,PPS-DEV-083,v12,0,False,False,complete_code_fence,wrong_keys,invalid,,null,,,False,False,False,False,stop,106,40,"```json
{
  ""v12"": {
    ""위반여부"": 0,
    ""근거문구"": null
  }
}
```"
CJH,PPS-DEV-084,v12,0,False,False,complete_code_fence,wrong_keys,invalid,,null,,,False,False,False,False,stop,106,40,"```json
{
  ""v12"": {
    ""위반여부"": 0,
    ""근거문구"": null
  }
}
```"
CJH,PPS-DEV-087,v12,0,False,False,complete_code_fence,wrong_keys,invalid,,null,,,False,False,False,False,stop,106,40,"```json
{
  ""v12"": {
    ""위반여부"": 0,
    ""근거문구"": null
  }
}
```"
CJH,PPS-DEV-088,v12,0,False,False,complete_code_fence,wrong_keys,invalid,,null,,,False,False,False,False,stop,106,40,"```json
{
  ""v12"": {
    ""위반여부"": 0,
    ""근거문구"": null
  }
}
```"
CJH,PPS-DEV-089,v12,0,False,False,complete_code_fence,wrong_keys,invalid,,null,,,False,False,False,False,stop,106,40,"```json
{
  ""v12"": {
    ""위반여부"": 0,
    ""근거문구"": null
  }
}
```"
CJH,PPS-DEV-090,v12,0,False,False,complete_code_fence,wrong_keys,invalid,,null,,,False,False,False,False,stop,106,40,"```json
{
  ""v12"": {
    ""위반여부"": 0,
    ""근거문구"": null
  }
}
```"
CJH,PPS-DEV-091,v12,0,False,False,complete_code_fence,wrong_keys,invalid,,null,,,False,False,False,False,stop,106,40,"```json
{
  ""v12"": {
    ""위반여부"": 0,
    ""근거문구"": null
  }
}
```"
CJH,PPS-DEV-092,v12,0,False,False,complete_code_fence,wrong_keys,invalid,,null,,,False,False,False,False,stop,106,40,"```json
{
  ""v12"": {
    ""위반여부"": 0,
    ""근거문구"": null
  }
}
```"
CJH,PPS-DEV-093,v12,0,False,False,complete_code_fence,wrong_keys,invalid,,null,,,False,False,False,False,stop,106,116,"```json
{
  ""v12"": {
    ""위반여부"": 1,
    ""근거문구"": ""마. 「중소기업제품 구매촉진 및 판로지원에 관한 법률」제9조 및 같은 법 시행령 제10조에 의한 직접생산확인증명서 (\""기타행사기획및대행서비스\"", 세부품명번호 : 8014199001) 소지한 자""
  }
}
```"
CJH,PPS-DEV-094,v12,0,False,False,complete_code_fence,wrong_keys,invalid,,null,,,False,False,False,False,stop,106,28,"```json
{
  ""violation_status"": 0,
  ""evidence_text"": null
}
```"
CJH,PPS-DEV-095,v12,0,False,False,complete_code_fence,wrong_keys,invalid,,null,,,False,False,False,False,stop,106,40,"```json
{
  ""v12"": {
    ""위반여부"": 0,
    ""근거문구"": null
  }
}
```"
CJH,PPS-DEV-096,v12,0,False,False,complete_code_fence,wrong_keys,invalid,,null,,,False,False,False,False,stop,106,28,"```json
{
  ""violation_status"": 0,
  ""evidence_text"": null
}
```"
CJH,PPS-DEV-097,v12,0,False,False,complete_code_fence,wrong_keys,invalid,,null,,,False,False,False,False,stop,106,24,"```json
{
  ""violation"": 0,
  ""evidence"": null
}
```"
CJH,PPS-DEV-098,v12,0,False,False,complete_code_fence,wrong_keys,invalid,,null,,,False,False,False,False,stop,106,40,"```json
{
  ""v12"": {
    ""위반여부"": 0,
    ""근거문구"": null
  }
}
```"
CJH,PPS-DEV-099,v12,0,False,False,complete_code_fence,wrong_keys,invalid,,null,,,False,False,False,False,stop,106,28,"```json
{
  ""violation_flag"": 0,
  ""evidence_text"": null
}
```"
CJH,PPS-DEV-100,v12,0,False,True,,invalid_json:Expecting value: line 1 column 1 (char 0),invalid,,null,,,False,False,False,False,stop,106,249,"```json
{
  ""v12"": {
    ""위반여부"": 0,
    ""근거문구"": null
  }
}
```

**[판정 근거 요약]**
1. **구매 대상 식별**: 공고의 건명은 '공기업 본선송풍기 교체 본체 제작설치'이며, 세부품명번호는 '4010160101(송풍기)'입니다.
2. **경쟁제품 여부 확인**: 제공된 [참고자료: 경쟁제품 목록 발췌]에 따르면, 세부품명번호 `4010160101`은 '송풍기'로서 경쟁제품 목록에 명확히 포함되어 있습니다.
3. **판정**: 본 공고는 경쟁제품(송풍기)을 구매하는 사업이므로, 입찰참가자격으로 직접생산확인증명서 소지를 요구하더라도 '경쟁제품에 대한 직접생산확인증명서 소지 요구'에 해당하여 위반이 아닌 정상(0)으로 판정합니다."
CJH,PPS-DEV-101,v12,0,False,False,complete_code_fence,wrong_keys,invalid,,null,,,False,False,False,False,stop,106,40,"```json
{
  ""v12"": {
    ""위반여부"": 0,
    ""근거문구"": null
  }
}
```"
CJH,PPS-DEV-102,v12,0,False,False,complete_code_fence,wrong_keys,invalid,,null,,,False,False,False,False,stop,106,123,"```json
{
  ""v12"": {
    ""위반여부"": 0,
    ""근거문구"": ""③ 「중소기업제품 구매촉진 및 판로지원에 관한 법률」 제9조 및 같은 법 시행령 제10조, 동법시행규칙 제5조에 따라 발급된 유효한 직접생산확인증명서[세부품명 : 1111169701(잡석)]를 소지한 업체""
  }
}
```"
CJH,PPS-DEV-103,v12,0,True,False,complete_code_fence,,fp,1,"""디자인 서비스(세부품명번호 8214150201)에 대한 직접생산확인증명서와 중소기업확인서를 소지한 자""",False,True,False,False,False,False,stop,106,72,"```json
{
  ""위반여부"": 1,
  ""근거문구"": ""디자인 서비스(세부품명번호 8214150201)에 대한 직접생산확인증명서와 중소기업확인서를 소지한 자""
}
```"
CJH,PPS-DEV-104,v12,0,False,False,complete_code_fence,wrong_keys,invalid,,null,,,False,False,False,False,stop,106,40,"```json
{
  ""v12"": {
    ""위반여부"": 0,
    ""근거문구"": null
  }
}
```"
CJH,PPS-DEV-105,v12,0,False,False,complete_code_fence,wrong_keys,invalid,,null,,,False,False,False,False,stop,106,40,"```json
{
  ""v12"": {
    ""위반여부"": 0,
    ""근거문구"": null
  }
}
```"
CJH,PPS-DEV-106,v12,0,False,True,,invalid_json:Expecting value: line 1 column 1 (char 0),invalid,,null,,,False,False,False,False,stop,106,243,"```json
{
  ""v12"": {
    ""위반여부"": 0,
    ""근거문구"": null
  }
}
```

**[판정 근거 요약]**
1. **구매 대상 식별**: 공고의 구매 대상은 '레진콘크리트관(폴리에스테르수지콘크리트관)'이며, 세부품명번호는 `4014210906`입니다.
2. **경쟁제품 여부 확인**: 제공된 [경쟁제품 목록 발췌] 자료를 확인한 결과, 세부품명번호 `401421` 계열(관류)이 목록에 포함되어 있으며, 해당 품목은 경쟁제품에 해당합니다.
3. **판정 결과**: 본 공고는 경쟁제품을 구매하는 건이므로, 직접생산확인증명서 소지를 요구하더라도 이는 '경쟁제품에 대한 직접생산확인증명서 소지 요구'에 해당하여 위반이 아닌 **정상(0)**으로 판정합니다."
CJH,PPS-DEV-107,v12,0,False,False,complete_code_fence,wrong_keys,invalid,,null,,,False,False,False,False,stop,106,78,"```json
{
  ""v12"": {
    ""위반여부"": 0,
    ""근거문구"": ""직접생산 확인증명서 ‘기타도로여객운송서비스(7811189904)’를 소지한 업체 이어야 합니다.""
  }
}
```"
CJH,PPS-DEV-108,v12,0,False,False,complete_code_fence,wrong_keys,invalid,,null,,,False,False,False,False,stop,106,40,"```json
{
  ""v12"": {
    ""위반여부"": 0,
    ""근거문구"": null
  }
}
```"
CJH,PPS-DEV-109,v12,0,False,False,complete_code_fence,wrong_keys,invalid,,null,,,False,False,False,False,stop,106,24,"```json
{
  ""violation"": 0,
  ""evidence"": null
}
```"
CJH,PPS-DEV-110,v12,0,False,False,complete_code_fence,wrong_keys,invalid,,null,,,False,False,False,False,stop,106,70,"```json
{
  ""v12"": {
    ""위반여부"": 1,
    ""근거문구"": ""제조사 직접생산증명서 또는 제조사의 공급증명원/기술지원확약서를 계약시 반드시 제출하여야 한다.""
  }
}
```"
CJH,PPS-DEV-111,v12,0,False,False,complete_code_fence,wrong_keys,invalid,,null,,,False,False,False,False,stop,106,40,"```json
{
  ""v12"": {
    ""위반여부"": 0,
    ""근거문구"": null
  }
}
```"
CJH,PPS-DEV-112,v12,0,False,False,complete_code_fence,wrong_keys,invalid,,null,,,False,False,False,False,stop,106,40,"```json
{
  ""v12"": {
    ""위반여부"": 0,
    ""근거문구"": null
  }
}
```"
CJH,PPS-DEV-113,v12,0,False,False,complete_code_fence,wrong_keys,invalid,,null,,,False,False,False,False,stop,106,40,"```json
{
  ""v12"": {
    ""위반여부"": 0,
    ""근거문구"": null
  }
}
```"
CJH,PPS-DEV-114,v12,0,False,False,complete_code_fence,wrong_keys,invalid,,null,,,False,False,False,False,stop,106,40,"```json
{
  ""v12"": {
    ""위반여부"": 0,
    ""근거문구"": null
  }
}
```"
CJH,PPS-DEV-115,v12,0,False,False,complete_code_fence,wrong_keys,invalid,,null,,,False,False,False,False,stop,106,40,"```json
{
  ""v12"": {
    ""위반여부"": 0,
    ""근거문구"": null
  }
}
```"
CJH,PPS-DEV-116,v12,0,False,False,complete_code_fence,wrong_keys,invalid,,null,,,False,False,False,False,stop,106,40,"```json
{
  ""v12"": {
    ""위반여부"": 0,
    ""근거문구"": null
  }
}
```"
CJH,PPS-DEV-117,v12,0,False,False,complete_code_fence,wrong_keys,invalid,,null,,,False,False,False,False,stop,106,114,"```json
{
  ""v12"": {
    ""위반여부"": 1,
    ""근거문구"": ""「중소기업제품 구매촉진 및 판로지원에 관한 법률」제9조 및 같은 법 시행령 제10조에 의한 직접생산확인증명서[기타행사기획및대행서비스(세부품명번호: 8014199001)]를 보유한 업체""
  }
}
```"
CJH,PPS-DEV-118,v12,0,False,False,complete_code_fence,wrong_keys,invalid,,null,,,False,False,False,False,stop,106,40,"```json
{
  ""v12"": {
    ""위반여부"": 0,
    ""근거문구"": null
  }
}
```"
CJH,PPS-DEV-119,v12,0,False,False,complete_code_fence,wrong_keys,invalid,,null,,,False,False,False,False,stop,106,40,"```json
{
  ""v12"": {
    ""위반여부"": 0,
    ""근거문구"": null
  }
}
```"
CJH,PPS-DEV-120,v12,0,False,False,complete_code_fence,wrong_keys,invalid,,null,,,False,False,False,False,stop,106,40,"```json
{
  ""v12"": {
    ""위반여부"": 0,
    ""근거문구"": null
  }
}
```"
CJH,PPS-DEV-121,v12,0,False,False,complete_code_fence,wrong_keys,invalid,,null,,,False,False,False,False,stop,106,40,"```json
{
  ""v12"": {
    ""위반여부"": 0,
    ""근거문구"": null
  }
}
```"
CJH,PPS-DEV-122,v12,0,False,False,complete_code_fence,wrong_keys,invalid,,null,,,False,False,False,False,stop,106,122,"```json
{
  ""v12"": {
    ""위반여부"": 0,
    ""근거문구"": ""「중소기업제품 구매촉진 및 판로지원에 관한 법률」제9조 및 동법 시행령 제10조에 따라 직접생산확인증명서 “직접생산확인증명서【3011159701(세부품명:아스팔트콘크리트)】”를 소지한 업체""
  }
}
```"
CJH,PPS-DEV-123,v12,0,False,False,complete_code_fence,wrong_keys,invalid,,null,,,False,False,False,False,stop,106,40,"```json
{
  ""v12"": {
    ""위반여부"": 0,
    ""근거문구"": null
  }
}
```"
CJH,PPS-DEV-124,v12,0,False,False,complete_code_fence,wrong_keys,invalid,,null,,,False,False,False,False,stop,106,24,"```json
{
  ""violation"": 0,
  ""evidence"": null
}
```"
CJH,PPS-DEV-125,v12,0,False,False,complete_code_fence,wrong_keys,invalid,,null,,,False,False,False,False,stop,106,40,"```json
{
  ""v12"": {
    ""위반여부"": 0,
    ""근거문구"": null
  }
}
```"
CJH,PPS-DEV-127,v12,0,False,False,complete_code_fence,wrong_keys,invalid,,null,,,False,False,False,False,stop,106,40,"```json
{
  ""v12"": {
    ""위반여부"": 0,
    ""근거문구"": null
  }
}
```"
CJH,PPS-DEV-128,v12,0,False,False,complete_code_fence,wrong_keys,invalid,,null,,,False,False,False,False,stop,106,40,"```json
{
  ""v12"": {
    ""위반여부"": 0,
    ""근거문구"": null
  }
}
```"
CJH,PPS-DEV-129,v12,0,False,False,complete_code_fence,wrong_keys,invalid,,null,,,False,False,False,False,stop,106,40,"```json
{
  ""v12"": {
    ""위반여부"": 0,
    ""근거문구"": null
  }
}
```"
CJH,PPS-DEV-130,v12,0,False,False,complete_code_fence,wrong_keys,invalid,,null,,,False,False,False,False,stop,106,40,"```json
{
  ""v12"": {
    ""위반여부"": 0,
    ""근거문구"": null
  }
}
```"
CJH,PPS-DEV-131,v12,0,False,False,complete_code_fence,wrong_keys,invalid,,null,,,False,False,False,False,stop,106,40,"```json
{
  ""v12"": {
    ""위반여부"": 0,
    ""근거문구"": null
  }
}
```"
CJH,PPS-DEV-132,v12,0,False,False,complete_code_fence,wrong_keys,invalid,,null,,,False,False,False,False,stop,106,24,"```json
{
  ""violation"": 0,
  ""evidence"": null
}
```"
CJH,PPS-DEV-133,v12,0,False,False,complete_code_fence,wrong_keys,invalid,,null,,,False,False,False,False,stop,106,40,"```json
{
  ""v12"": {
    ""위반여부"": 0,
    ""근거문구"": null
  }
}
```"
CJH,PPS-DEV-134,v12,0,False,False,complete_code_fence,wrong_keys,invalid,,null,,,False,False,False,False,stop,106,40,"```json
{
  ""v12"": {
    ""위반여부"": 0,
    ""근거문구"": null
  }
}
```"
CJH,PPS-DEV-135,v12,0,False,False,complete_code_fence,wrong_keys,invalid,,null,,,False,False,False,False,stop,106,40,"```json
{
  ""v12"": {
    ""위반여부"": 0,
    ""근거문구"": null
  }
}
```"
CJH,PPS-DEV-137,v12,0,False,False,complete_code_fence,wrong_keys,invalid,,null,,,False,False,False,False,stop,106,28,"```json
{
  ""violation_status"": 0,
  ""evidence_text"": null
}
```"
CJH,PPS-DEV-138,v12,0,True,False,complete_code_fence,,fp,1,"""「중소기업제품 구매촉진 및 판로지원에 관한 법률」 제9조 및 동법 시행령 제10조에서 규정한 【직접생산증명서(기타행사기획및대행서비스(8014199001) 또는 축제기획및대행서비스(9015189001)】를 소지한 업체""",False,True,False,False,False,False,stop,106,119,"```json
{
  ""위반여부"": 1,
  ""근거문구"": ""「중소기업제품 구매촉진 및 판로지원에 관한 법률」 제9조 및 동법 시행령 제10조에서 규정한 【직접생산증명서(기타행사기획및대행서비스(8014199001) 또는 축제기획및대행서비스(9015189001)】를 소지한 업체""
}
```"
CJH,PPS-DEV-139,v12,0,False,False,complete_code_fence,wrong_keys,invalid,,null,,,False,False,False,False,stop,106,76,"```json
{
  ""violation_status"": 1,
  ""evidence_text"": ""‘직접생산확인증명서’가 중소기업제품 공공구매종합정보망(http://www.smpp.go.kr)에서 확인되지 않을 경우 입찰 참가자격이 없습니다.""
}
```"
CJH,PPS-DEV-140,v12,0,False,False,complete_code_fence,wrong_keys,invalid,,null,,,False,False,False,False,stop,106,40,"```json
{
  ""v12"": {
    ""위반여부"": 0,
    ""근거문구"": null
  }
}
```"
CJH,PPS-DEV-141,v12,0,False,False,complete_code_fence,wrong_keys,invalid,,null,,,False,False,False,False,stop,106,40,"```json
{
  ""v12"": {
    ""위반여부"": 0,
    ""근거문구"": null
  }
}
```"
CJH,PPS-DEV-142,v12,0,False,False,complete_code_fence,wrong_keys,invalid,,null,,,False,False,False,False,stop,106,40,"```json
{
  ""v12"": {
    ""위반여부"": 0,
    ""근거문구"": null
  }
}
```"
CJH,PPS-DEV-143,v12,0,False,False,complete_code_fence,wrong_keys,invalid,,null,,,False,False,False,False,stop,106,102,"```json
{
  ""violation"": 0,
  ""evidence"": ""「중소기업제품 구매촉진 및 판로지원에 관한 법률」제9조에 따라 간판(세부품명번호 5512190401) 및 디자인서비스(세부품명번호 8214150201) 대한 직접생산확인증명서를 발급받은 업체""
}
```"
CJH,PPS-DEV-144,v12,0,False,False,complete_code_fence,wrong_keys,invalid,,null,,,False,False,False,False,stop,106,40,"```json
{
  ""v12"": {
    ""위반여부"": 0,
    ""근거문구"": null
  }
}
```"
CJH,PPS-DEV-145,v12,0,False,False,complete_code_fence,wrong_keys,invalid,,null,,,False,False,False,False,stop,106,218,"```json
{
  ""violation_status"": 1,
  ""evidence_text"": ""2)「중소기업제품 구매촉진 및 판로지원에 관한 법률」제9조 및 같은 법 시행령 제10조의 규정에 의해 아래 세부 품명의 직접생산확인증명서를 소지한 업체\n※ 아래 ‘①’~‘④’ 중 최소 1개 이상 소지\n① 회의기획 및 대행서비스(세부품명번호: 8014190201)\n② 전시회기획 및 대행서비스(세부품명번호: 8014198801)\n③ 국제행사기획 및 대행서비스(세부품명번호: 8014198901)\n④ 기타행사기획 및 대행서비스(세부품명번호: 8014199001)""
}
```"
CJH,PPS-DEV-146,v12,0,False,False,complete_code_fence,wrong_keys,invalid,,null,,,False,False,False,False,stop,106,40,"```json
{
  ""v12"": {
    ""위반여부"": 0,
    ""근거문구"": null
  }
}
```"
CJH,PPS-DEV-147,v12,0,False,False,complete_code_fence,wrong_keys,invalid,,null,,,False,False,False,False,stop,106,111,"```json
{
  ""v12"": {
    ""위반여부"": 1,
    ""근거문구"": ""｢중소기업제품 구매촉진 및 판로지원에 관한 법률｣ 제9조 및 같은 법 시행령 제10조의 규정에 따라 직접생산확인증명서(기타행사기획 및 대행서비스, 8014199001)를 소지한 자""
  }
}
```"
CJH,PPS-DEV-148,v12,0,False,False,complete_code_fence,wrong_keys,invalid,,null,,,False,False,False,False,stop,106,93,"```json
{
  ""v12"": {
    ""위반여부"": 0,
    ""근거문구"": ""「중소기업제품 구매촉진 및 판로지원에 관한 법률」제9조 및 동법 시행령 제10조에 의거 데스크톱컴퓨터에 대한 직접생산확인증명서를 소지한 업체""
  }
}
```"
CJH,PPS-DEV-149,v12,0,False,False,complete_code_fence,wrong_keys,invalid,,null,,,False,False,False,False,stop,106,40,"```json
{
  ""v12"": {
    ""위반여부"": 0,
    ""근거문구"": null
  }
}
```"
CJH,PPS-DEV-150,v12,0,False,False,complete_code_fence,wrong_keys,invalid,,null,,,False,False,False,False,stop,106,40,"```json
{
  ""v12"": {
    ""위반여부"": 0,
    ""근거문구"": null
  }
}
```"
CJH,PPS-DEV-152,v12,0,False,False,complete_code_fence,wrong_keys,invalid,,null,,,False,False,False,False,stop,106,40,"```json
{
  ""v12"": {
    ""위반여부"": 0,
    ""근거문구"": null
  }
}
```"
CJH,PPS-DEV-153,v12,0,False,False,complete_code_fence,wrong_keys,invalid,,null,,,False,False,False,False,stop,106,24,"```json
{
  ""violation"": 0,
  ""evidence"": null
}
```"
CJH,PPS-DEV-154,v12,0,False,False,complete_code_fence,wrong_keys,invalid,,null,,,False,False,False,False,stop,106,24,"```json
{
  ""violation"": 0,
  ""evidence"": null
}
```"
CJH,PPS-DEV-155,v12,0,True,False,complete_code_fence,,fp,1,"""③ 「중소기업제품 구매촉진 및 판로지원에 관한 법률」 제9조에 따른 직접생산확인증명서(기타행사기획및대행서비스:8014199001)를 소지한 업체""",False,True,False,False,False,False,stop,106,89,"```json
{
  ""위반여부"": 1,
  ""근거문구"": ""③ 「중소기업제품 구매촉진 및 판로지원에 관한 법률」 제9조에 따른 직접생산확인증명서(기타행사기획및대행서비스:8014199001)를 소지한 업체""
}
```"
CJH,PPS-DEV-156,v12,0,False,False,complete_code_fence,wrong_keys,invalid,,null,,,False,False,False,False,stop,106,40,"```json
{
  ""v12"": {
    ""위반여부"": 0,
    ""근거문구"": null
  }
}
```"
CJH,PPS-DEV-157,v12,0,False,False,complete_code_fence,wrong_keys,invalid,,null,,,False,False,False,False,stop,106,24,"```json
{
  ""violation"": 0,
  ""reason"": null
}
```"
CJH,PPS-DEV-158,v12,0,False,False,complete_code_fence,wrong_keys,invalid,,null,,,False,False,False,False,stop,106,28,"```json
{
  ""violation_status"": 0,
  ""evidence_text"": null
}
```"
CJH,PPS-DEV-159,v12,0,False,False,complete_code_fence,wrong_keys,invalid,,null,,,False,False,False,False,stop,106,28,"```json
{
  ""violation_status"": 0,
  ""evidence_text"": null
}
```"
CJH,PPS-DEV-160,v12,0,False,False,complete_code_fence,wrong_keys,invalid,,null,,,False,False,False,False,stop,106,40,"```json
{
  ""v12"": {
    ""위반여부"": 0,
    ""근거문구"": null
  }
}
```"
CJH,PPS-DEV-161,v12,0,False,False,complete_code_fence,wrong_keys,invalid,,null,,,False,False,False,False,stop,106,28,"```json
{
  ""violation_status"": 0,
  ""evidence_text"": null
}
```"
CJH,PPS-DEV-162,v12,0,False,False,complete_code_fence,wrong_keys,invalid,,null,,,False,False,False,False,stop,106,40,"```json
{
  ""v12"": {
    ""위반여부"": 0,
    ""근거문구"": null
  }
}
```"
CJH,PPS-DEV-163,v12,0,False,False,complete_code_fence,wrong_keys,invalid,,null,,,False,False,False,False,stop,106,40,"```json
{
  ""v12"": {
    ""위반여부"": 0,
    ""근거문구"": null
  }
}
```"
CJH,PPS-DEV-164,v12,0,False,False,complete_code_fence,wrong_keys,invalid,,null,,,False,False,False,False,stop,106,40,"```json
{
  ""v12"": {
    ""위반여부"": 0,
    ""근거문구"": null
  }
}
```"
CJH,PPS-DEV-165,v12,0,False,False,complete_code_fence,wrong_keys,invalid,,null,,,False,False,False,False,stop,106,40,"```json
{
  ""v12"": {
    ""위반여부"": 0,
    ""근거문구"": null
  }
}
```"
CJH,PPS-DEV-166,v12,0,False,False,complete_code_fence,wrong_keys,invalid,,null,,,False,False,False,False,stop,106,117,"```json
{
  ""v12"": {
    ""위반여부"": 0,
    ""근거문구"": ""3) 「중소기업제품 구매촉진 및 판로지원에 관한 법률」제9조 및 같은 법 시행령 제10조에 의한 직접생산확인증명서[디자인형울타리(세부품명번호 10자리: 3015200101)]를 소지한 자""
  }
}
```"
CJH,PPS-DEV-167,v12,0,False,False,complete_code_fence,wrong_keys,invalid,,null,,,False,False,False,False,stop,106,40,"```json
{
  ""v12"": {
    ""위반여부"": 0,
    ""근거문구"": null
  }
}
```"
CJH,PPS-DEV-168,v12,0,False,False,complete_code_fence,wrong_keys,invalid,,null,,,False,False,False,False,stop,106,40,"```json
{
  ""v12"": {
    ""위반여부"": 0,
    ""근거문구"": null
  }
}
```"
CJH,PPS-DEV-169,v12,0,True,False,complete_code_fence,,fp,1,"""「중소기업제품 구매촉진 및 판로지원에 관한 법률」제9조 및 같은 법 시행령 제 10조에 따라 기타행사기획및대행서비스(8014199001)에 대한 직접생산확인증명서를 소지한 업체""",False,True,False,False,False,False,stop,106,97,"```json
{
  ""위반여부"": 1,
  ""근거문구"": ""「중소기업제품 구매촉진 및 판로지원에 관한 법률」제9조 및 같은 법 시행령 제 10조에 따라 기타행사기획및대행서비스(8014199001)에 대한 직접생산확인증명서를 소지한 업체""
}
```"
CJH,PPS-DEV-171,v12,0,False,False,complete_code_fence,wrong_keys,invalid,,null,,,False,False,False,False,stop,106,94,"```json
{
  ""v12"": {
    ""위반여부"": 0,
    ""근거문구"": ""③ 중소기업자간 경쟁제품 직접생산확인기준에 따라 동영상제작서비스(세부품명번호: 8213160301)로 직접생산확인증명서를 소지한 업체""
  }
}
```"
CJH,PPS-DEV-172,v12,0,False,False,complete_code_fence,wrong_keys,invalid,,null,,,False,False,False,False,stop,106,24,"```json
{
  ""violation"": 0,
  ""evidence"": null
}
```"
CJH,PPS-DEV-174,v12,0,False,False,complete_code_fence,wrong_keys,invalid,,null,,,False,False,False,False,stop,106,24,"```json
{
  ""violation"": 0,
  ""evidence"": null
}
```"
CJH,PPS-DEV-175,v12,0,False,False,complete_code_fence,wrong_keys,invalid,,null,,,False,False,False,False,stop,106,40,"```json
{
  ""v12"": {
    ""위반여부"": 0,
    ""근거문구"": null
  }
}
```"
CJH,PPS-DEV-176,v12,0,False,False,complete_code_fence,wrong_keys,invalid,,null,,,False,False,False,False,stop,106,109,"```json
{
  ""v12"": {
    ""위반여부"": 0,
    ""근거문구"": ""「중소기업제품 구매촉진 및 판로지원에 관한 법률」 제9조 및 같은 법 시행규칙 제5조에 따라 세부품명번호(2110190401: 사료배합기)에 해당하는 직접생산확인증명서를 소지한 업체""
  }
}
```"
CJH,PPS-DEV-177,v12,0,False,True,,invalid_json:Expecting value: line 1 column 1 (char 0),invalid,,null,,,False,False,False,False,stop,106,260,"```json
{
  ""v12"": {
    ""위반여부"": 0,
    ""근거문구"": null
  }
}
```

**판정 근거 요약 (내부 검토용):**
1. **구매 대상 식별:** 공고의 명칭은 '공기업 외국인 관광객 전통시장 방문 연계 홍보 용역'이며, 입찰 참가 자격에서 요구하는 세부품명은 '전시회기획및대행서비스(세부품명번호 8014198801)'입니다.
2. **경쟁제품 여부 확인:** 제공된 [참고자료: 경쟁제품 목록 발췌]에 따르면, 세부품명번호 `8014198801`은 '전시회,회의및행사대행서비스'로서 경쟁제품 목록에 포함되어 있습니다.
3. **판정:** 해당 용역은 경쟁제품에 해당하므로, 직접생산확인증명서 소지를 요구하더라도 '일반제품·일반용역의 직접생산확인 자격 제한' 위반에 해당하지 않습니다 (정상)."
CJH,PPS-DEV-178,v12,0,False,False,complete_code_fence,wrong_keys,invalid,,null,,,False,False,False,False,stop,106,40,"```json
{
  ""v12"": {
    ""위반여부"": 0,
    ""근거문구"": null
  }
}
```"
CJH,PPS-DEV-179,v12,0,False,False,complete_code_fence,wrong_keys,invalid,,null,,,False,False,False,False,stop,106,100,"```json
{
  ""v12"": {
    ""위반여부"": 0,
    ""근거문구"": ""「중소기업제품 구매촉진 및 판로지원에 관한 법률」에 의한 직접생산확인증명서(세부품명: 기타행사기획및대행서비스 8014199001)를 소지한 자""
  }
}
```"
CJH,PPS-DEV-180,v12,0,False,False,complete_code_fence,wrong_keys,invalid,,null,,,False,False,False,False,stop,106,40,"```json
{
  ""v12"": {
    ""위반여부"": 0,
    ""근거문구"": null
  }
}
```"
CJH,PPS-DEV-181,v12,0,False,False,complete_code_fence,wrong_keys,invalid,,null,,,False,False,False,False,stop,106,40,"```json
{
  ""v12"": {
    ""위반여부"": 0,
    ""근거문구"": null
  }
}
```"
CJH,PPS-DEV-182,v12,0,False,False,complete_code_fence,wrong_keys,invalid,,null,,,False,False,False,False,stop,106,40,"```json
{
  ""v12"": {
    ""위반여부"": 0,
    ""근거문구"": null
  }
}
```"
CJH,PPS-DEV-183,v12,0,False,False,complete_code_fence,wrong_keys,invalid,,null,,,False,False,False,False,stop,106,40,"```json
{
  ""v12"": {
    ""위반여부"": 0,
    ""근거문구"": null
  }
}
```"
CJH,PPS-DEV-184,v12,0,False,False,complete_code_fence,wrong_keys,invalid,,null,,,False,False,False,False,stop,106,109,"```json
{
  ""v12"": {
    ""위반여부"": 0,
    ""근거문구"": ""「중소기업제품 구매촉진 및 판로지원에 관한 법률 」제9조 및 같은 법 시행령 제10조에 의한 직접생산확인서(세부품명:조경석(10자리: 1111169801)를 소지한 자""
  }
}
```"
CJH,PPS-DEV-185,v12,0,False,False,complete_code_fence,wrong_keys,invalid,,null,,,False,False,False,False,stop,106,40,"```json
{
  ""v12"": {
    ""위반여부"": 0,
    ""근거문구"": null
  }
}
```"
CJH,PPS-DEV-186,v12,0,False,False,complete_code_fence,wrong_keys,invalid,,null,,,False,False,False,False,stop,106,115,"```json
{
  ""v12"": {
    ""위반여부"": 0,
    ""근거문구"": ""다. 「중소기업제품 구매촉진 및 판로지원에 관한 법률 제9조 및 동법 시행령 제10조의 규정에 의한 직접생산확인증명서 [혼합골재(세부품명번호 10자리 3010990201)]를 소지한 업체""
  }
}
```"
CJH,PPS-DEV-187,v12,0,False,False,complete_code_fence,wrong_keys,invalid,,null,,,False,False,False,False,stop,106,40,"```json
{
  ""v12"": {
    ""위반여부"": 0,
    ""근거문구"": null
  }
}
```"
CJH,PPS-DEV-188,v12,0,False,False,complete_code_fence,wrong_keys,invalid,,null,,,False,False,False,False,stop,106,122,"```json
{
  ""v12"": {
    ""위반여부"": 0,
    ""근거문구"": ""「중소기업제품 구매촉진 및 판로지원에 관한 법률」 제9조 및 같은 법 시행령 제10조에 의한 직접생산확인증명서[세부품명 : 실물모형및전시물 (세부품명번호 10자리 : 6010989901)]을 소지한 자""
  }
}
```"
CJH,PPS-DEV-189,v12,0,False,False,complete_code_fence,wrong_keys,invalid,,null,,,False,False,False,False,stop,106,40,"```json
{
  ""v12"": {
    ""위반여부"": 0,
    ""근거문구"": null
  }
}
```"
CJH,PPS-DEV-190,v12,0,False,False,complete_code_fence,wrong_keys,invalid,,null,,,False,False,False,False,stop,106,40,"```json
{
  ""v12"": {
    ""위반여부"": 0,
    ""근거문구"": null
  }
}
```"
CJH,PPS-DEV-191,v12,0,False,False,complete_code_fence,wrong_keys,invalid,,null,,,False,False,False,False,stop,106,88,"```json
{
  ""v12"": {
    ""위반여부"": 1,
    ""근거문구"": ""제안서 접수 마감일 전 일까지 유효기간이 만료되지 않은 축제기획 및 대행서비스(90151890) 직접생산증명서를 소지한 업체""
  }
}
```"
CJH,PPS-DEV-192,v12,0,False,False,complete_code_fence,wrong_keys,invalid,,null,,,False,False,False,False,stop,106,117,"```json
{
  ""v12"": {
    ""위반여부"": 0,
    ""근거문구"": ""다. 「중소기업제품 구매촉진 및 판로지원에 관한 법률」 제9조 및 같은 법 시행령 제10조에 따른 직접생산확인증명서(세부품명: 금속제패널, 세부품명번호: 3015180209)를 소지한 업체""
  }
}
```"
CJH,PPS-DEV-194,v12,0,False,False,complete_code_fence,wrong_keys,invalid,,null,,,False,False,False,False,stop,106,40,"```json
{
  ""v12"": {
    ""위반여부"": 0,
    ""근거문구"": null
  }
}
```"
CJH,PPS-DEV-195,v12,0,False,False,complete_code_fence,wrong_keys,invalid,,null,,,False,False,False,False,stop,106,40,"```json
{
  ""v12"": {
    ""위반여부"": 0,
    ""근거문구"": null
  }
}
```"
CJH,PPS-DEV-196,v12,0,False,False,complete_code_fence,wrong_keys,invalid,,null,,,False,False,False,False,stop,106,24,"```json
{
  ""violation"": 0,
  ""evidence"": null
}
```"
CJH,PPS-DEV-197,v12,0,False,False,complete_code_fence,wrong_keys,invalid,,null,,,False,False,False,False,stop,106,24,"```json
{
  ""violation"": 0,
  ""evidence"": null
}
```"
CJH,PPS-DEV-198,v12,0,False,True,,invalid_json:Expecting value: line 1 column 1 (char 0),invalid,,null,,,False,False,False,False,stop,106,216,"```json
{
  ""v12"": {
    ""위반여부"": 0,
    ""근거문구"": null
  }
}
```

**판정 근거 설명 (참고용):**
1. **구매 대상 식별:** 공고의 품명은 '잡석'이며, 세부품명번호는 '1111169701'입니다.
2. **경쟁제품 여부 확인:** 제공된 [경쟁제품 목록 발췌] 자료에 따르면, 세부품명번호 '1111169701(잡석)'은 경쟁제품 목록에 포함되어 있습니다.
3. **판정 결과:** 구매 대상이 경쟁제품에 해당하므로, 입찰 참가 자격으로 직접생산확인증명서 소지를 요구하더라도 이는 '경쟁제품에 대한 직접생산확인증명서 소지 요구'에 해당하여 정상(0)으로 판정합니다."
CJH,PPS-DEV-199,v12,0,False,False,complete_code_fence,wrong_keys,invalid,,null,,,False,False,False,False,stop,106,125,"```json
{
  ""v12"": {
    ""위반여부"": 1,
    ""근거문구"": ""「중소기업제품 구매촉진 및 판로지원에 관한 법률」 제9조제4항 및 동법 시행규칙 제5조제3항에 따른 직접생산확인증명서(세부품명 : 기타행사기획 및 대행서비스, 세부품명번호 : 8014199001)를 소지한 업체""
  }
}
```"
CJH,PPS-DEV-200,v12,0,False,False,complete_code_fence,wrong_keys,invalid,,null,,,False,False,False,False,stop,106,40,"```json
{
  ""v12"": {
    ""위반여부"": 0,
    ""근거문구"": null
  }
}
```"
CJH,PPS-DEV-01,v13,0,False,False,complete_code_fence,wrong_keys,invalid,,null,,,False,False,False,False,stop,106,53,"```json
{
  ""v13"": {
    ""위반여부"": 0,
    ""근거문구"": ""기업형태 : 중소기업, 소상공인""
  }
}
```"
CJH,PPS-DEV-02,v13,0,False,False,complete_code_fence,wrong_keys,invalid,,null,,,False,False,False,False,stop,106,112,"```json
{
  ""v13"": {
    ""위반여부"": 0,
    ""근거문구"": ""「중소기업기본법」 제2조에 따른 소기업자 또는 「소상공인 보호및 지원에 관한 법률」 제2조에 따른 소상공인으로서 「중소기업 범위 및 확인에 관한 규정」에 따라 발급된 소기업ㆍ소상공인확인서를 소지한 자""
  }
}
```"
CJH,PPS-DEV-03,v13,0,False,False,complete_code_fence,wrong_keys,invalid,,null,,,False,False,False,False,stop,106,143,"```json
{
  ""v13"": {
    ""위반여부"": 0,
    ""근거문구"": ""다. 「벤처기업육성에 관한 특별법」 제2조 제1항에 따른 벤처기업, 「중소기업창업 지원법」에 따른 창업기업, 「중소기업기본법」 제2조 제2항에 따른 소기업 또는 「소상공인기본법」 제2조에 따른 소상공인으로서 「중소기업 범위 및 확인에 관한 규정」 등에 따라 발급된 관련 확인서를 소지한 업체""
  }
}
```"
CJH,PPS-DEV-04,v13,0,False,False,complete_code_fence,wrong_keys,invalid,,null,,,False,False,False,False,stop,106,40,"```json
{
  ""v13"": {
    ""위반여부"": 0,
    ""근거문구"": null
  }
}
```"
CJH,PPS-DEV-05,v13,0,False,False,complete_code_fence,wrong_keys,invalid,,null,,,False,False,False,False,stop,106,113,"```json
{
  ""v13"": {
    ""위반여부"": 0,
    ""근거문구"": ""③ 「중소기업기본법」 제2조에 따른 중소기업 및 「소상공인 보호 및 지원에 관한 법률」 제2조에 따른 소상공인으로서 「중소기업 범위 및 확인에 관한 규정」에 따라 발급된 중소기업·소상공인 확인서를 소지한 업체""
  }
}
```"
CJH,PPS-DEV-06,v13,0,False,False,complete_code_fence,wrong_keys,invalid,,null,,,False,False,False,False,stop,106,135,"```json
{
  ""v13"": {
    ""위반여부"": 0,
    ""근거문구"": ""「중소기업기본법 시행령」 제8조 및 「소상공인 보호 및 지원에 관한 법률」 제2조에 따른 중·소기업·소상공인으로서「중·소기업·소상공인 및 장애인기업 확인요령」에 따라 발급된 중·소기업·소상공인 확인서(입찰마감일 기준 유효하여야 함)를 소지한 업체""
  }
}
```"
CJH,PPS-DEV-07,v13,0,False,False,complete_code_fence,wrong_keys,invalid,,null,,,False,False,False,False,stop,106,40,"```json
{
  ""v13"": {
    ""위반여부"": 0,
    ""근거문구"": null
  }
}
```"
CJH,PPS-DEV-08,v13,0,False,False,complete_code_fence,wrong_keys,invalid,,null,,,False,False,False,False,stop,106,75,"```json
{
  ""v13"": {
    ""위반여부"": 0,
    ""근거문구"": ""나. 「중소기업제품 구매촉진 및 판로지원에 관한 법률 시행령」제2조2에 의한 소기업·소상공인""
  }
}
```"
CJH,PPS-DEV-09,v13,0,False,False,complete_code_fence,wrong_keys,invalid,,null,,,False,False,False,False,stop,106,128,"```json
{
  ""v13"": {
    ""위반여부"": 0,
    ""근거문구"": ""「중소기업기본법」제2조에 따른 중기업 또는 소기업이거나 「소상공인 보호 및 지원에 관한 법률」제2조에 따른 소상공인으로서 「중소기업 범위 및 확인에 관한 규정」에 따라 발급된 중․소기업․소상공인 확인서(중소기업확인서)를 소지한 업체이어야 합니다.""
  }
}
```"
CJH,PPS-DEV-10,v13,0,False,False,complete_code_fence,wrong_keys,invalid,,null,,,False,False,False,False,stop,106,120,"```json
{
  ""v13"": {
    ""위반여부"": 0,
    ""근거문구"": ""② 「중소기업기본법」 제2조에 따른 중소기업자 또는 「소상공인 보호 및 지원에 관한 법률」 제2조에 따른 소상공인으로서「중소기업 범위 및 확인에 관한 규정」에 따라 발급된 ‘중기업·소기업·소상공인확인서’를 소지한 업체""
  }
}
```"
CJH,PPS-DEV-11,v13,0,False,False,complete_code_fence,wrong_keys,invalid,,null,,,False,False,False,False,stop,106,104,"```json
{
  ""violation_status"": 0,
  ""evidence_text"": ""「중소기업기본법」제2조에 따른 중‧소기업 또는「소상공인 보호 및 지원에 관한 법률」제2조에 따른 소상공인으로서「중소기업 범위 및 확인에 관한 규정」에 따라 발급된 중기업 또는 소기업․소상공인확인서를 소지한 업체""
}
```"
CJH,PPS-DEV-12,v13,0,False,False,complete_code_fence,wrong_keys,invalid,,null,,,False,False,False,False,stop,106,130,"```json
{
  ""v13"": {
    ""위반여부"": 0,
    ""근거문구"": ""라. 「중소기업제품 구매촉진 및 판로지원에 관한 법률 시행령」 제2조의2, 「중소기업 기본법」제2조제2항 및 「소상공인기본법」제2조에 의거 소기업 또는 소상공인에 해당하는 업체(입찰마감일 전일까지 발급된 것으로 유효기간 내에 있어야 함)에 한합니다 .""
  }
}
```"
CJH,PPS-DEV-13,v13,0,False,False,complete_code_fence,wrong_keys,invalid,,null,,,False,False,False,False,stop,106,40,"```json
{
  ""v13"": {
    ""위반여부"": 0,
    ""근거문구"": null
  }
}
```"
CJH,PPS-DEV-14,v13,0,False,False,complete_code_fence,wrong_keys,invalid,,null,,,False,False,False,False,stop,106,40,"```json
{
  ""v13"": {
    ""위반여부"": 0,
    ""근거문구"": null
  }
}
```"
CJH,PPS-DEV-15,v13,0,False,False,complete_code_fence,wrong_keys,invalid,,null,,,False,False,False,False,stop,106,132,"```json
{
  ""v13"": {
    ""위반여부"": 0,
    ""근거문구"": ""자. 「중소기업제품 구매촉진 및 판로지원에 관한 법률 시행령」 제2조의2에 따른 소기업 또는 소상공인으로서 「중소기업 범위 및 확인에 관한 규정」에 따라 발급된 소기업·소상공인 확인서(제안서제출 마감일까지 발급된 것으로 유효기간 내에 있어야 함)를 소지한 자이어야 합니다.""
  }
}
```"
CJH,PPS-DEV-16,v13,1,False,False,complete_code_fence,wrong_keys,invalid,,null,,,False,False,False,False,stop,106,98,"```json
{
  ""v13"": {
    ""위반여부"": 0,
    ""근거문구"": ""『중소기업제품 구매촉진 및 판로지원에 관한 법률』 제2조에 따른 소기업자로서 중소기업 범위 및 확인에 관한 규정에 따라 발급된 소기업, 소상공인확인서를 소지한 업체이어야 합니다""
  }
}
```"
CJH,PPS-DEV-17,v13,0,False,False,complete_code_fence,wrong_keys,invalid,,null,,,False,False,False,False,stop,106,97,"```json
{
  ""v13"": {
    ""위반여부"": 0,
    ""근거문구"": ""다. 「중소기업기본법」제2조에 따른 중소기업자 또는 「소상공인 보호 및 지원에 관한 법률」제2조에 따른 소상공인으로서 중소기업확인서를 소지한 업체이어야 합니다.""
  }
}
```"
CJH,PPS-DEV-18,v13,0,False,False,complete_code_fence,wrong_keys,invalid,,null,,,False,False,False,False,stop,106,216,"```json
{
  ""v13"": {
    ""violation"": 0,
    ""reason"": ""다. 「액화석유가스 판매사업(자동차에 고정된 탱크로 충전 가능한 업체)」 또는 「액화석유가스 충전사업」 허가를 받은 업체로서 액화석유가스의 안전관리 사업법 제57조에 따라 ‘가스사고배상책임보험’에 가입한 업체이어야 하고, 「고압가스 안전관리법」 제5조의4에 따라 ‘고압가스 운반자’ 등록을 필한 업체\n라. 「중소기업제품 구매촉진 및 판로지원에 관한 법률 시행령」제2조의2 제1항 규정에 따른 소기업으로서 ‘중·소기업·소상공인 및 장애인 기업 확인 요령’에 따라 발급된 소기업 또는 소상공인 확인서를 소지한 자""
  }
}
```"
CJH,PPS-DEV-19,v13,0,False,False,complete_code_fence,wrong_keys,invalid,,null,,,False,False,False,False,stop,106,285,"```json
{
  ""v13"": {
    ""위반여부"": 0,
    ""근거문구"": ""2) 입찰참가자격 등록 마감일시까지 나라장터(G2B)에 가스엔진히트펌프(세부품명번호: 4010180602)를 제조 또는 공급물품으로 등록한 업체로서 공사에서 제시한 규격으로 납품이 가능한 업체\n2) 입찰공고일 전일부터 계약체결일까지 법인등기부등본상 본점소재지(개인사업자인 경우에는 사업자등록증 또는 관련 법령에 따른 허가·인가·면허·등록·신고 등에 관련된 서류에 기재된 사업장의 소재지)를 계속하여 충청북도에 둔 자이어야 합니다.\n3) 「중소기업기본법」제2조제2항에 규정된 소기업자 또는 「소기업 및 소상공인 지원을 위한 특별조치법」 제2조에 따른 소기업·소상공인으로 「중소기업 범위 및 확인에 관한 규정」에 따라 발급된 ‘소기업·소상공인 확인서’를 소지한 자""
  }
}
```"
CJH,PPS-DEV-20,v13,0,False,False,complete_code_fence,wrong_keys,invalid,,null,,,False,False,False,False,stop,106,40,"```json
{
  ""v13"": {
    ""위반여부"": 0,
    ""근거문구"": null
  }
}
```"
CJH,PPS-DEV-21,v13,0,False,False,complete_code_fence,wrong_keys,invalid,,null,,,False,False,False,False,stop,106,119,"```json
{
  ""v13"": {
    ""위반여부"": 0,
    ""근거문구"": ""다. 「중소기업기본법」제2조에 따른 중소기업 또는 「소상공인 보호 및 지원에 관한 법률」제2조에 따른 소상공인으로서 「중소기업범위 및 확인에 관한 규정」에 따라 발급된 중소기업·소상공인확인서를 소지한 자이어야 합니다.""
  }
}
```"
CJH,PPS-DEV-22,v13,0,False,False,complete_code_fence,wrong_keys,invalid,,null,,,False,False,False,False,stop,106,57,"```json
{
  ""v13"": {
    ""위반여부"": 1,
    ""근거문구"": ""[판로지원법 시행령] 소기업,소상공인제한""
  }
}
```"
CJH,PPS-DEV-23,v13,0,False,False,complete_code_fence,wrong_keys,invalid,,null,,,False,False,False,False,stop,106,134,"```json
{
  ""v13"": {
    ""위반여부"": 0,
    ""근거문구"": ""본 입찰은 중기간경쟁제품인 드론을 요구하지만, 수요기관의 특별한 사정으로 인하여 사업에서 요구되는 규격이 특정한 기술을 필요로 하므로 ｢중소기업제품 구매촉진 및 판로지원에 관한 법률 시행령｣ 제7조제1항제4호 규정을 적용하여 직접생산확인품목에서 제외하고 일반물품으로 입찰공고합니다.""
  }
}
```"
CJH,PPS-DEV-24,v13,0,False,False,complete_code_fence,wrong_keys,invalid,,null,,,False,False,False,False,stop,106,117,"```json
{
  ""v13"": {
    ""위반여부"": 0,
    ""근거문구"": ""4) 「중소기업기본법」 제2조에 따른 중·소기업 또는 「소상공인 보호 및 지원에 관한 법률」 제2조에 따른 소상공인으로서 「중소기업 범위 및 확인에 관한 규정」에 따라 발급된 중·소기업·소상공인확인서를 소지한 자""
  }
}
```"
CJH,PPS-DEV-25,v13,0,False,False,complete_code_fence,wrong_keys,invalid,,null,,,False,False,False,False,stop,106,40,"```json
{
  ""v13"": {
    ""위반여부"": 0,
    ""근거문구"": null
  }
}
```"
CJH,PPS-DEV-26,v13,0,False,False,complete_code_fence,wrong_keys,invalid,,null,,,False,False,False,False,stop,106,117,"```json
{
  ""v13"": {
    ""위반여부"": 0,
    ""근거문구"": ""｢중소기업기본법｣ 제2조에 따른 소기업( ｢소상공인 보호 및 지원에 관한 법률｣ 제2조에 따른 소상공인 포함)으로서 ｢중소기업 범위 및 확인에 관한 규정｣에 따라 발급된 <소기업·소상공인 확인서>를 소지한 자.""
  }
}
```"
CJH,PPS-DEV-27,v13,0,False,False,complete_code_fence,wrong_keys,invalid,,null,,,False,False,False,False,stop,106,107,"```json
{
  ""violation_status"": 0,
  ""evidence_text"": ""라. 「중소기업기본법」 제2조에 따른 소기업자 또는 「소상공인 보호 및 지원에 관한 법률」 제2조에 따른 소상공인으로서 「중소기업 범위 및 확인에 관한 규정」 제6조에 따라 발급된 소기업·소상공인확인서*를 소지한 업체""
}
```"
CJH,PPS-DEV-28,v13,0,False,False,complete_code_fence,wrong_keys,invalid,,null,,,False,False,False,False,stop,106,40,"```json
{
  ""v13"": {
    ""위반여부"": 0,
    ""근거문구"": null
  }
}
```"
CJH,PPS-DEV-29,v13,0,False,False,complete_code_fence,wrong_keys,invalid,,null,,,False,False,False,False,stop,106,40,"```json
{
  ""v13"": {
    ""위반여부"": 0,
    ""근거문구"": null
  }
}
```"
CJH,PPS-DEV-30,v13,0,False,False,complete_code_fence,wrong_keys,invalid,,null,,,False,False,False,False,stop,106,40,"```json
{
  ""v13"": {
    ""위반여부"": 0,
    ""근거문구"": null
  }
}
```"
CJH,PPS-DEV-31,v13,0,False,False,complete_code_fence,wrong_keys,invalid,,null,,,False,False,False,False,stop,106,40,"```json
{
  ""v13"": {
    ""위반여부"": 0,
    ""근거문구"": null
  }
}
```"
CJH,PPS-DEV-32,v13,0,False,False,complete_code_fence,wrong_keys,invalid,,null,,,False,False,False,False,stop,106,40,"```json
{
  ""v13"": {
    ""위반여부"": 0,
    ""근거문구"": null
  }
}
```"
CJH,PPS-DEV-033,v13,0,False,False,complete_code_fence,wrong_keys,invalid,,null,,,False,False,False,False,stop,106,40,"```json
{
  ""v13"": {
    ""위반여부"": 0,
    ""근거문구"": null
  }
}
```"
CJH,PPS-DEV-034,v13,0,False,False,complete_code_fence,wrong_keys,invalid,,null,,,False,False,False,False,stop,106,109,"```json
{
  ""v13"": {
    ""위반여부"": 0,
    ""근거문구"": ""나. 「중소기업제품의 구매촉진 및 판로지원에 관한 법률 시행령」제2조의 2에 따라 소기업 또는 소상공인 확인서를 소지한 업체이어야 합니다. (입찰서 제출 마감일 전일까지 발급된 것으로 유효기간 내에 있어야 함)""
  }
}
```"
CJH,PPS-DEV-035,v13,0,False,False,complete_code_fence,wrong_keys,invalid,,null,,,False,False,False,False,stop,106,48,"```json
{
  ""v13"": {
    ""위반여부"": 0,
    ""근거문구"": ""제한경쟁(소기업)""
  }
}
```"
CJH,PPS-DEV-036,v13,0,False,False,complete_code_fence,wrong_keys,invalid,,null,,,False,False,False,False,stop,106,136,"```json
{
  ""v13"": {
    ""위반여부"": 0,
    ""근거문구"": ""「중소기업기본법」 제2조에 따른 소기업자 또는 「소상공인 보호 및 지원에 관한 법률」 제2조에 따른 소상공인으로서 「중소기업 범위 및 확인에 관한 규정」에 따라 발급된 소기업ㆍ소상공인 확인서(적격심사 서류제출 마감일까지 발급된 것으로 유효기간 내에 있어야 함)를 소지한 업체""
  }
}
```"
CJH,PPS-DEV-037,v13,0,False,True,,invalid_json:Expecting value: line 1 column 1 (char 0),invalid,,null,,,False,False,False,False,stop,106,273,"```json
{
  ""v13"": {
    ""위반여부"": 0,
    ""근거문구"": null
  }
}
```

**[판정 근거 요약]**
1. **구매 대상 식별**: 공고의 품목은 '전기히트펌프[4010180601]', '히트펌프용실내기[4010178701]', '냉난방기[4010178702]'입니다.
2. **경쟁제품 여부 확인**: 제공된 [참고자료: 경쟁제품 목록 발췌]에는 위 세부품명번호들이 포함되어 있지 않습니다. (목록에는 쾌속조형기, 레미콘, 계장제어장치, 주방기기용받침대, 측량용역만 존재)
3. **결론**: 본 공고의 대상 물품은 '경쟁제품'이 아니므로, 판정 기준에 따라 '경쟁제품이 아닌 경우'에 해당하여 위반이 아닙니다. (또한 공고문 내에 소기업·소상공인만을 대상으로 하는 별도의 제한 문구도 존재하지 않습니다.)"
CJH,PPS-DEV-038,v13,0,False,False,complete_code_fence,wrong_keys,invalid,,null,,,False,False,False,False,stop,106,57,"```json
{
  ""v13"": {
    ""위반여부"": 0,
    ""근거문구"": ""[판로지원법 시행령] 소기업,소상공인제한""
  }
}
```"
CJH,PPS-DEV-039,v13,0,False,True,,invalid_json:Expecting value: line 1 column 1 (char 0),invalid,,null,,,False,False,False,False,stop,106,398,"```json
{
  ""violation"": 0,
  ""evidence"": ""입찰공고일 전날부터 입찰일까지(낙찰자는 계약체결일까지) 주된 영업소의 소재지[법원등기부 상 본점소재지(개인사업자인 경우 사업자등록증 또는 관련 법령에 따른 허가·인가·면허·등록·신고 등에 관련서류에 기재된 사업장의 소재지)]가 경기도 또는 서울특별시인 업체""
}
```

**[판정 근거 요약 - 내부 검토용]**
1. **구매 대상 식별**: 공고의 과업 내용은 '농촌 혁신아이디어 콘테스트 운영 용역'이며, 이는 경영관련서비스(전시회, 회의 및 행사대행서비스)와 관련된 것으로 보입니다.
2. **경쟁제품 여부**: 참고자료의 경쟁제품 목록에서 '801419(전시회, 회의 및 행사대행서비스)' 항목을 확인하였으며, 해당 제품은 '추정가격 10억원 미만' 조건이 있으나, 본 공고의 추정가격(63,636,364원)은 이를 충족합니다.
3. **제한의 적절성**: 본 공고는 '입찰방법: 제한경쟁(소기업·소상공인)'으로 명시되어 있습니다.
4. **법적 근거 확인**: 판로지원법 제7조의2(소기업 및 소상공인에 대한 경쟁제품 조달계약에 관한 특례)에 따라 경쟁제품에 대하여 소기업 또는 소상공인만을 대상으로 하는 제한경쟁이 가능하므로, 이는 법적 허용 근거가 있는 정상적인 제한입니다. (따라서 위반이 아님)"
CJH,PPS-DEV-040,v13,0,False,False,complete_code_fence,wrong_keys,invalid,,null,,,False,False,False,False,stop,106,57,"```json
{
  ""v13"": {
    ""위반여부"": 0,
    ""근거문구"": ""[판로지원법 시행령] 소기업,소상공인제한""
  }
}
```"
CJH,PPS-DEV-041,v13,0,False,False,complete_code_fence,wrong_keys,invalid,,null,,,False,False,False,False,stop,106,57,"```json
{
  ""v13"": {
    ""위반여부"": 0,
    ""근거문구"": ""[판로지원법 시행령] 소기업,소상공인제한""
  }
}
```"
CJH,PPS-DEV-042,v13,0,False,False,complete_code_fence,wrong_keys,invalid,,null,,,False,False,False,False,stop,106,105,"```json
{
  ""v13"": {
    ""위반여부"": 0,
    ""근거문구"": ""나. 중소기업기본법 제2조 제2항에 따른 중·소기업 또는 소상공인 보호 및 지원에 관한 법률 제2조에 따른 소상공인으로서 중·소기업, 소상공인확인서 중 하나를 소지한 업체이어야 합니다.""
  }
}
```"
CJH,PPS-DEV-043,v13,0,False,False,complete_code_fence,wrong_keys,invalid,,null,,,False,False,False,False,stop,106,76,"```json
{
  ""v13"": {
    ""위반여부"": 0,
    ""근거문구"": ""중·소기업, 소상공인확인서 중 1부(제출마감일 전일까지 발급된 것으로 유효 기간 내에 있어야 함)""
  }
}
```"
CJH,PPS-DEV-044,v13,0,False,False,complete_code_fence,wrong_keys,invalid,,null,,,False,False,False,False,stop,106,111,"```json
{
  ""v13"": {
    ""위반여부"": 0,
    ""근거문구"": ""① 「국가종합전자조달시스템 입찰참가자격등록규정」에 의하여 국가종합전자조달시스템에 입찰참가자격 등록마감일시까지 [기타자유업종[업종코드: 9999] 입찰참가자격을 등록한 자""
  }
}
```"
CJH,PPS-DEV-045,v13,0,False,False,complete_code_fence,wrong_keys,invalid,,null,,,False,False,False,False,stop,106,124,"```json
{
  ""v13"": {
    ""위반여부"": 0,
    ""근거문구"": ""「중소기업기본법」 제2조에 따른 중소기업 또는 「소상공인 보호 및 지원에 관한 법률」 제2조에 따른 소상공인으로서 「중소기업 범위 및 확인에 관한 규정(중소벤처기업부 고시)」 에 따라 발급된 ‘중소기업·소상공인 확인서’를 소지한 자""
  }
}
```"
CJH,PPS-DEV-046,v13,0,False,False,complete_code_fence,wrong_keys,invalid,,null,,,False,False,False,False,stop,106,46,"```json
{
  ""v13"": {
    ""violation"": 0,
    ""reason"": ""중․소기업․소상공인 제한""
  }
}
```"
CJH,PPS-DEV-047,v13,0,False,False,complete_code_fence,wrong_keys,invalid,,null,,,False,False,False,False,stop,106,124,"```json
{
  ""v13"": {
    ""위반여부"": 0,
    ""근거문구"": ""라. 「중소기업제품 구매촉진 및 판로지원에 관한 법률 시행령」 제2조의2 및 「중소기업기본법」 제2조제2항에 따른 중·소기업 또는 「소상공인기본법」 제2조에 따른 소상공인 간 제한경쟁입찰에 따라 조달계약을 체결하여야 한다.""
  }
}
```"
CJH,PPS-DEV-048,v13,0,False,False,complete_code_fence,wrong_keys,invalid,,null,,,False,False,False,False,stop,106,128,"```json
{
  ""v13"": {
    ""위반여부"": 0,
    ""근거문구"": ""「중소기업기본법」제2조에 따른 중·소기업자 또는 「소상공인 보호 및 지원에 관한 법률」 제2조에 따른 소상공인으로서 「중소기업 범위 및 확인에 관한 규정」에 따라 발급된 중ㆍ소기업 또는 소상 공인확인서를 소지한 업체로 다음 각 호의 자격을 모두 갖추어야 함.""
  }
}
```"
CJH,PPS-DEV-049,v13,0,False,False,complete_code_fence,wrong_keys,invalid,,null,,,False,False,False,False,stop,106,122,"```json
{
  ""v13"": {
    ""위반여부"": 0,
    ""근거문구"": ""다. 「중소기업기본법」 제2조에 따른 중기업, 소기업 또는 「소상공인 보호 및 지원에 관한 법률」 제2호에 따른 소상공인으로서, 「중소기업 범위 및 확인에 관한 규정」에 따라 발급된 중기업, 소기업, 소상공인 확인서를 소지한자 이어야 합니다.""
  }
}
```"
CJH,PPS-DEV-050,v13,0,False,False,complete_code_fence,wrong_keys,invalid,,null,,,False,False,False,False,stop,106,154,"```json
{
  ""v13"": {
    ""위반여부"": 0,
    ""근거문구"": ""「중소기업기본법」제2조에 따른 중소기업자 및 「소상공인 보호 및 지원에 관한 법률」제2조에 따른 소상공인으로서「중·소기업·소상공인 및 장애인기업 확인요령」에 따라 발급된 중·소기업·소상공인 확인서를 소지한 업체(단, 중소기업제품 구매촉진 및 판로지원에 관한 법률 제8조의2에 해당하는 자는 입찰에 참여할 수 없음)""
  }
}
```"
CJH,PPS-DEV-051,v13,0,False,False,complete_code_fence,wrong_keys,invalid,,null,,,False,False,False,False,stop,106,155,"```json
{
  ""v13"": {
    ""violation"": 0,
    ""reason"": ""⑦ 『중소기업제품 구매촉진 및 판로지원에 관한 법률』 제4조, 같은 법 시행령 제2조의2 및 『소상공인 보호 및 지원에 관한 법률』 제2조에 따른 중, 소기업 또는 소상공인으로서 ｢중소기업․소상공인 및 장애인기업 확인요령｣에 따라 발급된 중소기업․ 소상공인확인서 (입찰 마감일 전일까지 발급된 것으로 유효기간내에 있어야 함)를 소지한 업체""
  }
}
```"
CJH,PPS-DEV-052,v13,0,False,False,complete_code_fence,wrong_keys,invalid,,null,,,False,False,False,False,stop,106,131,"```json
{
  ""v13"": {
    ""위반여부"": 0,
    ""근거문구"": ""마. 「중소기업제품 구매촉진 및 판로지원에 관한 법률」 제2조에 따른 중소기업자 및 「소상공인 보호 및 지원에 관한 법률」 제2조에 따른 소상공인으로서「중·소기업·소상공인 장애인기업 확인요령」에 따라 발급된 중·소기업·소상공인확인서를 소지한 업체""
  }
}
```"
CJH,PPS-DEV-053,v13,0,False,False,complete_code_fence,wrong_keys,invalid,,null,,,False,False,False,False,stop,106,115,"```json
{
  ""v13"": {
    ""위반여부"": 0,
    ""근거문구"": ""②「중소기업기본법」제2조에 따른 중소기업 또는 「소상공인 보호 및 지원에 관한 법률」제2조에 따른 소상공인으로서「중소기업 범위 및 확인에 관한 규정」에 따라 발급된 중·소기업·소상공인확인서를 소지한 자""
  }
}
```"
CJH,PPS-DEV-054,v13,0,False,False,complete_code_fence,wrong_keys,invalid,,null,,,False,False,False,False,stop,106,133,"```json
{
  ""v13"": {
    ""위반여부"": 0,
    ""근거문구"": ""라. 「중소기업기본법」제2조에 따른 중·소기업자 및「소상공인 보호 및 지원에 관한 법률」제2조에 따른 소상공인으로서「중소기업 범위 및 확인에 관한 규정」에 따라 발급된 중·소기업·소상공인 확인서(입찰마감 전일까지 발급 및 유효기간 내)를 소지한 자""
  }
}
```"
CJH,PPS-DEV-055,v13,0,False,False,complete_code_fence,wrong_keys,invalid,,null,,,False,False,False,False,stop,106,151,"```json
{
  ""v13"": {
    ""위반여부"": 0,
    ""근거문구"": ""「중소기업기본법」제2조에 따른 소기업 또는 「소상공인 보호 및 지원에 관한 법률」제2조에 따른 소상공인으로서 ‘소기업·소상공인확인서(용도: 공공기관 입찰용)’를 소지한 자(유효기간 내 있어야함) 또는「중소기업제품 구매촉진 및 판로지원에 관한 법률」시행령 제2조의3 제2호에 해당하는 비영리 법인""
  }
}
```"
CJH,PPS-DEV-056,v13,0,False,False,complete_code_fence,wrong_keys,invalid,,null,,,False,False,False,False,stop,106,135,"```json
{
  ""violation"": 0,
  ""reason"": ""「중소기업기본법」제2조에 따른 소기업 또는 「소상공인 보호 및 지원에 관한 법률」제2조에 따른 소상공인으로서 ‘소기업·소상공인확인서(용도: 공공기관 입찰용)’를 소지한 자(유효기간 내 있어야함) 또는「중소기업제품 구매촉진 및 판로지원에 관한 법률」시행령 제2조의3 제2호에 해당하는 비영리 법인""
}
```"
CJH,PPS-DEV-057,v13,0,False,True,,invalid_json:Expecting value: line 1 column 1 (char 0),invalid,,null,,,False,False,False,False,stop,106,412,"```json
{
  ""v13"": {
    ""위반여부"": 0,
    ""근거문구"": ""가. 입찰방법 : 제한경쟁입찰(중·소기업, 소상공인, 직접생업체)\n나. 입찰방식 : 전자입찰/총액입찰\n다. 규격 및 수량: 인쇄회로기판(PCB) 코팅머신 1대(세부사항은 규격서 참조)\n바. 입찰참가자는 해당 물품을 직접 생산하는 업체이어야 하며, 단순 유통·판매 또는 OEM·ODM 방식의 납품은 허용하지 않음""
  }
}
```

**판정 근거 요약 (내부 검토용):**
1. **경쟁제품 여부:** 공고의 세부품명(코팅머신, 번호 2315150201)은 제공된 경쟁제품 목록에 명시되어 있지 않으나, 입찰 방식이 '제한경쟁입찰(중·소기업, 소상공인, 직접생산업체)'로 설정되어 있습니다.
2. **법적 근거 확인:** 판로지원법 제7조의2 및 관련 법령에 따르면 중소기업자간 경쟁제품의 경우 소기업 또는 소상공인을 대상으로 제한경쟁을 할 수 있습니다. 본 공고는 '중·소기업, 소상공인'을 대상으로 하고 있으며, 이는 중소기업제품 구매촉진 및 판로지원에 관한 법률에 따른 통상적인 제한 범위 내에 있습니다.
3. **결론:** 해당 공고는 경쟁제품 여부와 상관없이 입찰 참가 자격을 중소기업 및 소상공인으로 제한하고 있으며, 이는 법적 허용 범위 내의 제한으로 판단되어 정상(0)으로 판정합니다."
CJH,PPS-DEV-058,v13,0,False,False,complete_code_fence,wrong_keys,invalid,,null,,,False,False,False,False,stop,106,59,"```json
{
  ""v13"": {
    ""위반여부"": 0,
    ""근거문구"": ""중소기업 및 소상공인 확인 서류 1부(해당시)""
  }
}
```"
CJH,PPS-DEV-059,v13,0,False,False,complete_code_fence,wrong_keys,invalid,,null,,,False,False,False,False,stop,106,119,"```json
{
  ""v13"": {
    ""위반여부"": 0,
    ""근거문구"": ""「중소기업기본법」 제2조제2항에 따른 소기업 및「소상공인 보호 및 지원에 관한 법률」제2조에 따른 소상공인으로서「중소기업 범위 및 확인에 관한 규정」에 따라 발급된 [소기업·소상공인 확인서]를 소지한 자이어야 합니다.""
  }
}
```"
CJH,PPS-DEV-060,v13,0,False,True,,invalid_json:Expecting value: line 1 column 1 (char 0),invalid,,null,,,False,False,False,False,stop,106,398,"```json
{
  ""v13"": {
    ""violation"": 0,
    ""reason"": ""3) 공고일 전일까지 행사(공연, 전시, 축제, 이벤트) 기획 또는 대행업 중 하나 이상을 주 업종으로 사업자등록을 필한 업체\n4) ｢중소기업제품 구매촉진 및 판로지원에 관한 법률｣ 제6조, 제8조, 제9조 및 동법 시행령 제9조에 의한 유자격자로서 전시회기획 및 대행서비스(세부 제품 번호: 8014198801) 혹은 국제행사기획 및 대행서비스(세부 제품 번호: 8014198901) 혹은 기타행사기획 및 대행서비스(세부 제품 번호: 8014199001) 품목 등에 대한 직접생산증명서를 소지한 업체""
  }
}
```

**참고 (판정 근거 요약):**
해당 공고는 입찰 참가 자격에서 특정 품목(전시회/국제행사/기타행사 기획 및 대행서비스)에 대한 직접생산증명서 소지를 요구하고 있으며, 이는 경쟁제품 목록의 세부품명번호(8014198801, 8014198901, 8014199001)와 일치합니다. 다만, 공고문상에서 '소기업·소상공인'으로 입찰 참가 자격을 명시적으로 제한하고 있지 않으며, 단순히 해당 제품의 직접생산증명서 소지 여부를 자격 요건으로 제시하고 있으므로 위반에 해당하지 않습니다."
CJH,PPS-DEV-061,v13,0,False,False,complete_code_fence,wrong_keys,invalid,,null,,,False,False,False,False,stop,106,40,"```json
{
  ""v13"": {
    ""위반여부"": 0,
    ""근거문구"": null
  }
}
```"
CJH,PPS-DEV-062,v13,0,False,False,complete_code_fence,wrong_keys,invalid,,null,,,False,False,False,False,stop,106,40,"```json
{
  ""v13"": {
    ""위반여부"": 0,
    ""근거문구"": null
  }
}
```"
CJH,PPS-DEV-063,v13,0,False,False,complete_code_fence,wrong_keys,invalid,,null,,,False,False,False,False,stop,106,40,"```json
{
  ""v13"": {
    ""위반여부"": 0,
    ""근거문구"": null
  }
}
```"
CJH,PPS-DEV-064,v13,0,False,False,complete_code_fence,wrong_keys,invalid,,null,,,False,False,False,False,stop,106,40,"```json
{
  ""v13"": {
    ""위반여부"": 0,
    ""근거문구"": null
  }
}
```"
CJH,PPS-DEV-065,v13,0,False,False,complete_code_fence,wrong_keys,invalid,,null,,,False,False,False,False,stop,106,126,"```json
{
  ""v13"": {
    ""위반여부"": 0,
    ""근거문구"": ""｢중소기업기본법｣ 제2조에 따른 중소기업자 또는 ｢소상공인 보호 및 지원에 관한 법률｣ 제2조에 따른 소상공인으로서, ｢중소기업 범위 및 확인에 관한 규정｣에 따라 발급된 중기업 확인서, 중소기업확인서, 소기업확인서 중 하나를 소지한 업체""
  }
}
```"
CJH,PPS-DEV-066,v13,0,False,False,complete_code_fence,wrong_keys,invalid,,null,,,False,False,False,False,stop,106,59,"```json
{
  ""v13"": {
    ""위반여부"": 0,
    ""근거문구"": ""[판로지원법 시행령] 중기업,소기업,소상공인 제한""
  }
}
```"
CJH,PPS-DEV-067,v13,0,False,True,,invalid_json:Expecting value: line 1 column 1 (char 0),invalid,,null,,,False,False,False,False,stop,106,216,"```json
{
  ""v13"": {
    ""위반여부"": 0,
    ""근거문구"": ""조항호내용\"":\""[판로지원법 시행령] 소기업,소상공인제한\""""
  }
}
```

**※ 참고 (판정 근거 요약):**
본 공고의 구매 대상은 '측정대행업(실내공기질분야)'으로, 제공된 경쟁제품 목록(레미콘, 아스팔트콘크리트, 측량용역, 공간정보DB구축서비스 등)에 해당하지 않는 **일반 제품/용역**입니다. 따라서 경쟁제품 입찰에 해당하지 않으므로 위반이 아닙니다. (또한, 공고의 조항호내용에 소기업·소상공인 제한이 명시되어 있으나, 이는 경쟁제품에 대한 제한이 아닌 일반적인 입찰 참가 자격 제한의 일환으로 판단됩니다.)"
CJH,PPS-DEV-068,v13,0,False,False,complete_code_fence,wrong_keys,invalid,,null,,,False,False,False,False,stop,106,116,"```json
{
  ""v13"": {
    ""위반여부"": 0,
    ""근거문구"": ""다. 「중소기업기본법」제2조에 따른 중소기업자 또는 「소상공인 보호 및 지원에 관한 법률」 제2조에 따른 소상공인으로서 「중소기업 범위 및 확인에 관한 규정」에 따라 발급된 중소기업․소상공인확인서를 소지한 자""
  }
}
```"
CJH,PPS-DEV-069,v13,1,False,False,complete_code_fence,wrong_keys,invalid,,null,,,False,False,False,False,stop,106,105,"```json
{
  ""v13"": {
    ""위반여부"": 0,
    ""근거문구"": ""「중소기업기본법」 제2조제2항에 따른 소기업자, 「소상공인기본법」 제2조에 따른 소상공인, 벤처기업 또는 「중소기업창업 지원법」 제2조제2호에 따른 창업자""
  }
}
```"
CJH,PPS-DEV-070,v13,0,False,False,complete_code_fence,wrong_keys,invalid,,null,,,False,False,False,False,stop,106,123,"```json
{
  ""v13"": {
    ""위반여부"": 0,
    ""근거문구"": ""나.「중소기업기본법」제2조제2항, 「소상공인 보호 및 지원에 관한법률」제2조에 의거 소기업 또는 소상공인으로, 「중소기업 범위 및 확인에 관한 규정」에 따라 발급한 소기업 또는 소상공인 확인서를 소지한 업체만 입찰에 참가 가능합니다.""
  }
}
```"
CJH,PPS-DEV-071,v13,0,False,False,complete_code_fence,wrong_keys,invalid,,null,,,False,False,False,False,stop,106,87,"```json
{
  ""violation_status"": 0,
  ""evidence_text"": ""「중소기업기본법」 제2조에 따른 중·소기업자 또는 「소상공인 보호 및 지원에 관한 법률」 제2조에 따른 소상공인으로서 중·소기업 또는 소상공인확인서를 소지한 업체""
}
```"
CJH,PPS-DEV-072,v13,0,False,False,complete_code_fence,wrong_keys,invalid,,null,,,False,False,False,False,stop,106,140,"```json
{
  ""v13"": {
    ""위반여부"": 0,
    ""근거문구"": ""4) 「소상공인 보호 및 지원에 관한 법률」 제2조에 따른 소기업 또는 소상공인으로서, 「중소기업 범위 및 확인에 관한 규정( [공고호수])」에 따라 발급된 소기업, 소상공인확인서(제안서 제출 마감일까지 제출하여야 하며, 그 확인은 제출 마감일까지 발생, 신고, 수정된 자료도 포함함)를 소지한 자""
  }
}
```"
CJH,PPS-DEV-073,v13,0,False,False,complete_code_fence,wrong_keys,invalid,,null,,,False,False,False,False,stop,106,106,"```json
{
  ""v13"": {
    ""violation"": 0,
    ""reason"": ""「중소기업기본법」 제2조 제2항에 따른 중소기업 또는 「소상공인기본법」 제2조에 따른 소상공인으로서 「중소기업 범위 및 확인에 관한 규정」에 따라 발급된 중소기업·소상공인 확인서를 소지한 자""
  }
}
```"
CJH,PPS-DEV-074,v13,1,False,False,complete_code_fence,wrong_keys,invalid,,null,,,False,False,False,False,stop,106,112,"```json
{
  ""v13"": {
    ""위반여부"": 0,
    ""근거문구"": ""나. 「중소기업기본법 제2조 제2항에 따른 소기업 또는 소상공인 보호 및 지원에 관한 법률 제2조에 따른 소상공인으로서 「중소기업 범위 및 확인에 관한 규정」에 따라 발급된 소기업‧소상공인 확인서를 소지한 자""
  }
}
```"
CJH,PPS-DEV-075,v13,0,False,False,complete_code_fence,wrong_keys,invalid,,null,,,False,False,False,False,stop,106,121,"```json
{
  ""v13"": {
    ""위반여부"": 0,
    ""근거문구"": ""다. 「중소기업기본법」 제2조에 따른 중소기업자 또는 「소상공인기본법」제2조에 따른 소상공인으로 「중소기업범위 및 확인에 관한 규정」에 따라 발급된 유효 기간 내의 ‘중소기업 또는 소상공인확인서’를 소지한 업체""
  }
}
```"
CJH,PPS-DEV-076,v13,1,False,False,complete_code_fence,wrong_keys,invalid,,null,,,False,False,False,False,stop,106,113,"```json
{
  ""v13"": {
    ""위반여부"": 0,
    ""근거문구"": ""라.「중소기업기본법」제2조에 따른 중소기업 또는「소상공인 보호 및 지원에 관한 법률」제2조에 따른 소상공인으로서「중소기업 범위 및 확인에 관한 규정」에 따라 발급된 소기업·소상공인 확인서를 소지한 업체""
  }
}
```"
CJH,PPS-DEV-077,v13,1,False,False,complete_code_fence,wrong_keys,invalid,,null,,,False,False,False,False,stop,106,126,"```json
{
  ""v13"": {
    ""위반여부"": 0,
    ""근거문구"": ""「중소기업제품 구매촉진 및 판로지원에 관한 법률」에 의한 중소기업으로서, 소기업 ․ 소상공인확인서(중소기업현황 정보시스템 발급 또는 지방중소기업청 발급)를 소지한 업체이면서, 기타행사기획 및 대행서비스 부문의 직접생산확인증명서를 소지한 업체.""
  }
}
```"
CJH,PPS-DEV-078,v13,1,False,False,complete_code_fence,wrong_keys,invalid,,null,,,False,False,False,False,stop,106,132,"```json
{
  ""v13"": {
    ""위반여부"": 0,
    ""근거문구"": ""다. 「중소기업기본법」제2조에 따른 소기업자 또는「소상공인 보호 및 지원에 관한 법률」제2조에 따른 소상공인으로서「중소기업 범위 및 확인에 관한 규정」에 따라 발급된 소기업·소상공인 확인서(계약체결일까지 발급된 것으로 유효기간 내에 있어야 함)를 소지한 업체""
  }
}
```"
CJH,PPS-DEV-079,v13,0,False,False,complete_code_fence,wrong_keys,invalid,,null,,,False,False,False,False,stop,106,116,"```json
{
  ""v13"": {
    ""위반여부"": 0,
    ""근거문구"": ""6) 「중소기업기본법」제2조에 따른 소기업자 및 「소상공인 보호 및 지원에 관한 법률」제2조에 따른 소상공인으로서 「중소기업 범위 및 확인에 관한 규정」에 따라 발급된 <소기업 또는 소상공인 확인서>를 소지한 업체""
  }
}
```"
CJH,PPS-DEV-080,v13,0,False,False,complete_code_fence,wrong_keys,invalid,,null,,,False,False,False,False,stop,106,245,"```json
{
  ""violation"": 0,
  ""reason"": ""다. ｢중소기업기본법｣ 제2조에 따른 소기업자 또는 ｢소상공인기본법｣ 제2조에 따른 소상공인으로서 ｢중소기업 범위 및 확인에 관한 규정｣에 따라 발급된 <소기업·소상공인 확인서>를 소지한 업체\n※ 중소기업‧소상공인 확인서는 제안서 제출일까지 발급된 것으로 유효기간 내에 있어야 하고, 중소기업제품 공공구매 종합정보망(http://www.smpp.go.kr)에서 확인 가능해야 입찰참가자격 인정\n※ 단,「중소기업제품 구매촉진 및 판로지원에 관한 법률 시행령」제2조의3(중소기업자와의 우선조달계약에 대한 예외)에 따라 본 사업은 중소기업자 또는 소상공인 여부와 관계 없이 입찰참가자격조건을 만족할 경우 비영리법인도 참가 가능""
}
```"
CJH,PPS-DEV-081,v13,0,False,False,complete_code_fence,wrong_keys,invalid,,null,,,False,False,False,False,stop,106,40,"```json
{
  ""v13"": {
    ""위반여부"": 0,
    ""근거문구"": null
  }
}
```"
CJH,PPS-DEV-082,v13,0,False,False,complete_code_fence,wrong_keys,invalid,,null,,,False,False,False,False,stop,106,40,"```json
{
  ""v13"": {
    ""위반여부"": 0,
    ""근거문구"": null
  }
}
```"
CJH,PPS-DEV-083,v13,0,False,False,complete_code_fence,wrong_keys,invalid,,null,,,False,False,False,False,stop,106,35,"```json
{
  ""v13"": {
    ""violation"": 0,
    ""reason"": null
  }
}
```"
CJH,PPS-DEV-084,v13,0,False,False,complete_code_fence,wrong_keys,invalid,,null,,,False,False,False,False,stop,106,116,"```json
{
  ""v13"": {
    ""위반여부"": 0,
    ""근거문구"": ""다. 「중소기업기본법」제2조에 따른 중소기업자 및 「소상공인 보호 및 지원에 관한 법률」제2조에 따른 소상공인으로서 「중소기업 범위 및 확인에 관한 규정」에 따라 발급된 중․소기업․소상공인 확인서를 소지한 자""
  }
}
```"
CJH,PPS-DEV-085,v13,0,False,False,complete_code_fence,wrong_keys,invalid,,null,,,False,False,False,False,stop,106,163,"```json
{
  ""v13"": {
    ""위반여부"": 0,
    ""근거문구"": ""3) 「중소기업기본법」제2조에 따른 소기업자 또는 「소상공인보호 및 지원에 관한 법률」제2조에 따른 소상공인으로서 「중소기업 범위 및 확인에 관한 규정」에 따라 발급된 <소기업·소상공인 확인서>를 소지한 업체(단, 「중소기업제품 구매촉진 및 판로지원에 관한 법률 시행령」제2조의3제1항제2호의가 따라 비영리법인은 입찰참가 가능)""
  }
}
```"
CJH,PPS-DEV-086,v13,0,False,False,complete_code_fence,wrong_keys,invalid,,null,,,False,False,False,False,stop,106,110,"```json
{
  ""v13"": {
    ""violation"": 0,
    ""reason"": ""다. 「중소기업기본법」 제2조에 따른 중소기업자 또는 「소상공인 보호 및 지원에 관한 법률」 제2조에 따른 소상공인으로서 「중소기업 범위 및 확인에 관한 규정」에 따라 발급된 중소기업ㆍ소상공인 확인서를 소지한 자""
  }
}
```"
CJH,PPS-DEV-087,v13,0,False,False,complete_code_fence,wrong_keys,invalid,,null,,,False,False,False,False,stop,106,196,"```json
{
  ""v13"": {
    ""위반여부"": 0,
    ""근거문구"": ""② 「중소기업기본법」제2조에 따른 소기업자 및 「소상공인 보호 및 지원에 관한 법률」제2조에 따른 소상공인으로서「중소기업 범위 및 확인에 관한 규정」에 따라 발급된 소기업ㆍ소상공인 확인서(전자입찰서 제출 마감일 전일까지 발급된 것으로 유효기간 내에 있어야 함)를 소지한 자\n※ 「중소기업제품 구매촉진 및 판로지원에 관한 법률 시행령」 제2조의3 제1항 제2호에 따라 비영리법인은 소기업·소상공인확인서가 없어도 입찰에 참가할 수 있습니다.""
  }
}
```"
CJH,PPS-DEV-088,v13,0,False,False,complete_code_fence,wrong_keys,invalid,,null,,,False,False,False,False,stop,106,106,"```json
{
  ""v13"": {
    ""위반여부"": 0,
    ""근거문구"": ""「중소기업기본법」에 따른 중소기업 또는「소상공인 보호 및 지원에 관한 법률」에 따른 소상공인으로서 「중소기업 범위 및 확인에 관한 규정」에 따라 발급된 중소기업․소상공인 확인서를 소지한 업체""
  }
}
```"
CJH,PPS-DEV-089,v13,0,False,False,complete_code_fence,wrong_keys,invalid,,null,,,False,False,False,False,stop,106,40,"```json
{
  ""v13"": {
    ""위반여부"": 0,
    ""근거문구"": null
  }
}
```"
CJH,PPS-DEV-090,v13,0,False,False,complete_code_fence,wrong_keys,invalid,,null,,,False,False,False,False,stop,106,115,"```json
{
  ""v13"": {
    ""위반여부"": 0,
    ""근거문구"": ""○ | 「중소기업기본법」 제2조에 따른 중소기업자 또는 「소상공인 보호 및 지원에 관한 법률」 제2조에 따른 소상공인으로서 「중소기업 범위 및 확인에 관한 규정」에 따라 발급된 중소기업ㆍ소상공인 확인서를 소지한 자""
  }
}
```"
CJH,PPS-DEV-091,v13,0,False,False,complete_code_fence,wrong_keys,invalid,,null,,,False,False,False,False,stop,106,40,"```json
{
  ""v13"": {
    ""위반여부"": 0,
    ""근거문구"": null
  }
}
```"
CJH,PPS-DEV-092,v13,0,False,False,complete_code_fence,wrong_keys,invalid,,null,,,False,False,False,False,stop,106,111,"```json
{
  ""v13"": {
    ""위반여부"": 0,
    ""근거문구"": ""③ 「중소기업기본법」 제2조에 따른 소기업 또는 「소상공인 보호 및 지원에 관한 법률」 제2조에 따른 소상공인으로서 「중소기업 범위 및 확인에 관한 규정」에 따라 발급된 소기업·소상공인 확인서를 소지한 업체""
  }
}
```"
CJH,PPS-DEV-094,v13,0,False,False,complete_code_fence,wrong_keys,invalid,,null,,,False,False,False,False,stop,106,51,"```json
{
  ""v13"": {
    ""위반여부"": 0,
    ""근거문구"": ""중기업. 소기업(소상공인)""
  }
}
```"
CJH,PPS-DEV-095,v13,0,False,False,complete_code_fence,wrong_keys,invalid,,null,,,False,False,False,False,stop,106,136,"```json
{
  ""v13"": {
    ""위반여부"": 0,
    ""근거문구"": ""다. 중소기업 기본법｣제2조에 따른 소기업 또는 ｢소상공인 보호 및 지원에 관한 법률｣제2조에 따른 소상공인으로서 ｢중소기업 범위 및 확인에 관한 규정｣ 에 따라 발급된 [소기업·소상공인 확인서]를 소지한 업체(견적서 제출 마감일 이전에 발급된 것으로 유효기간 내에 있어야 함)""
  }
}
```"
CJH,PPS-DEV-096,v13,0,False,False,complete_code_fence,wrong_keys,invalid,,null,,,False,False,False,False,stop,106,119,"```json
{
  ""violation_status"": 0,
  ""evidence_text"": ""나.「중소기업기본법」제2조에 따른 중/소기업자 및 「소상공인 보호 및 지원에 관한 법률」제2조에 따른 소기업 및 소상공인으로서 중/소기업·소상공인확인서(전자입찰서 제출 마감일 전일까지 발급된 것으로 유효기간 내에 있어야 함)를 소지한 업체이어야 합니다.""
}
```"
CJH,PPS-DEV-097,v13,0,False,False,complete_code_fence,wrong_keys,invalid,,null,,,False,False,False,False,stop,106,62,"```json
{
  ""v13"": {
    ""violation"": 0,
    ""reason"": ""추정가격 2천만원 초과 1억원 이하 물품·용역(소기업 소상공인 계약)""
  }
}
```"
CJH,PPS-DEV-098,v13,0,False,False,complete_code_fence,wrong_keys,invalid,,null,,,False,False,False,False,stop,106,115,"```json
{
  ""v13"": {
    ""위반여부"": 0,
    ""근거문구"": ""라. 「중소기업기본법」제2조에 따른 소기업 및「소상공인 보호 및 지원에 관한 법률」제2조에 따른 소상공인으로서「중소기업 범위 및 확인에 관한 규정」에 따라 발급된 중 ‧ 소기업 · 소상공인 확인서를 소지한 업체""
  }
}
```"
CJH,PPS-DEV-099,v13,0,False,False,complete_code_fence,wrong_keys,invalid,,null,,,False,False,False,False,stop,106,40,"```json
{
  ""v13"": {
    ""위반여부"": 0,
    ""근거문구"": null
  }
}
```"
CJH,PPS-DEV-100,v13,0,False,False,complete_code_fence,wrong_keys,invalid,,null,,,False,False,False,False,stop,106,82,"```json
{
  ""v13"": {
    ""위반여부"": 0,
    ""근거문구"": ""가.『중소기업기본법』 제2조에 따른 중소기업 또는 『소상공인 보호 및 지원에 관한 법률』제2조에 따른 소상공인""
  }
}
```"
CJH,PPS-DEV-101,v13,0,False,False,complete_code_fence,wrong_keys,invalid,,null,,,False,False,False,False,stop,106,116,"```json
{
  ""v13"": {
    ""위반여부"": 0,
    ""근거문구"": ""마. ‘중소기업기본법’ 제2조 제2항에 따른 소기업 또는 ‘소상공인 보호 및 지원에 관한 법률’ 제2조에 따른 소상공인으로서 ‘중소기업 범위 및 확인에 관한 규정’에 따라 발급된 소기업‧소상공인확인서를 소지한 자""
  }
}
```"
CJH,PPS-DEV-102,v13,0,False,False,complete_code_fence,wrong_keys,invalid,,null,,,False,False,False,False,stop,106,110,"```json
{
  ""v13"": {
    ""위반여부"": 0,
    ""근거문구"": ""④ 「중소기업기본법」 제2조제2항에 따른 소기업 또는 「소상공인기본법」 제2조에 따른 소상공인으로서 「중소기업 범위 및 확인에 관한 규정」에 따라 발급된 소기업·소상공인 확인서를 소지한 자""
  }
}
```"
CJH,PPS-DEV-103,v13,0,False,False,complete_code_fence,wrong_keys,invalid,,null,,,False,False,False,False,stop,106,56,"```json
{
  ""v13"": {
    ""위반여부"": 0,
    ""근거문구"": ""2. 계약방법 : 제한경쟁입찰(중소기업자)""
  }
}
```"
CJH,PPS-DEV-104,v13,0,False,False,complete_code_fence,wrong_keys,invalid,,null,,,False,False,False,False,stop,106,112,"```json
{
  ""v13"": {
    ""위반여부"": 0,
    ""근거문구"": ""다. 「중소기업기본법」 제2조 따른 소기업자 또는 「소상공인 보호 및 지원에 관한 법률」 제2조에 따른 소상공인으로서 「중소기업 범위 및 확인에 관한 규정」에 따라 발급된 소기업 또는 소상공인 확인서를 소지한 업체""
  }
}
```"
CJH,PPS-DEV-105,v13,0,False,False,complete_code_fence,wrong_keys,invalid,,null,,,False,False,False,False,stop,106,162,"```json
{
  ""v13"": {
    ""위반여부"": 0,
    ""근거문구"": ""※ 본 건은 추정가격 1억원 미만의 용역으로써 「중소기업제품 구매촉진 및 판로지원에 관한 법률 시행령」 제2조의2(중소기업자와의 우선조달계약)에 의거 소기업 또는 소상공인 우선조달계약 대상이나, 같은 법 시행령 제2조의3(중소기업자와의 우선조달 계약에 대한 예외)제1항1호에 해당하여 소기업․소상공인 우선조달계약에 대한 예외로 취급합니다.""
  }
}
```"
CJH,PPS-DEV-106,v13,0,False,False,complete_code_fence,wrong_keys,invalid,,null,,,False,False,False,False,stop,106,71,"```json
{
  ""v13"": {
    ""위반여부"": 0,
    ""근거문구"": ""※ 소기업·소상공인 제한, 총액계약, 적격심사 비대상, 단독이행, 전자입찰""
  }
}
```"
CJH,PPS-DEV-107,v13,0,False,False,complete_code_fence,wrong_keys,invalid,,null,,,False,False,False,False,stop,106,119,"```json
{
  ""v13"": {
    ""위반여부"": 0,
    ""근거문구"": ""라. ｢중소기업기본법｣ 제2조에 따른 소기업자 또는 ｢소상공인 보호 및 지원에 관한 법률｣ 제2조에 따른 소상공인으로서 ʹ중소기업 범위 및 확인에 관한 규정ʹ에 따라 발급된 소기업･소상공인 확인서를 소지한 자 이어야 합니다.""
  }
}
```"
CJH,PPS-DEV-108,v13,0,False,False,complete_code_fence,wrong_keys,invalid,,null,,,False,False,False,False,stop,106,111,"```json
{
  ""v13"": {
    ""위반여부"": 0,
    ""근거문구"": ""라. 「중소기업기본법」제2조에 따른 소기업자 또는「소상공인 보호 및 지원에 관한 법률」제2조에 따른 소상공인으로서 중소기업 범위 및 확인에 관한 규정에 따라 발급된 소기업·소상공인확인서를 소지한 자""
  }
}
```"
CJH,PPS-DEV-110,v13,0,False,False,complete_code_fence,wrong_keys,invalid,,null,,,False,False,False,False,stop,106,167,"```json
{
  ""v13"": {
    ""위반여부"": 0,
    ""근거문구"": ""5 중소기업자간 경쟁제품의 구매촉진 및 판로지원에 관한 법률 시행령 제2조의2(중소기업자와의 우선조달계약)에 의하여 「중소기업기본법」 제2조에 따른 중·소기업 또는 「소상공인 보호 및 지원에 관한 법률」 제2조에 따른 소상공인으로서 「중소기업 범위 및 확인에 관한 규정」에 따라 발급된 중·소기업·소상공인확인서(유효기간 내에 있어야 함)를 소지한 업체""
  }
}
```"
CJH,PPS-DEV-111,v13,0,False,False,complete_code_fence,wrong_keys,invalid,,null,,,False,False,False,False,stop,106,40,"```json
{
  ""v13"": {
    ""위반여부"": 0,
    ""근거문구"": null
  }
}
```"
CJH,PPS-DEV-112,v13,0,False,False,complete_code_fence,wrong_keys,invalid,,null,,,False,False,False,False,stop,106,108,"```json
{
  ""violation_status"": 0,
  ""evidence_text"": ""라. ｢중소기업기본법｣ 제2조에 따른 중・소기업자 또는 ｢소상공인 보호 및 지원에 관한 법률｣ 제2조에 따른 소상공인으로서 ｢중소기업 범위 및 확인에 관한 규정｣에 따라 발급된 중・소기업, 소상공인 확인서를 소지한 자""
}
```"
CJH,PPS-DEV-113,v13,0,False,False,complete_code_fence,wrong_keys,invalid,,null,,,False,False,False,False,stop,106,40,"```json
{
  ""v13"": {
    ""위반여부"": 0,
    ""근거문구"": null
  }
}
```"
CJH,PPS-DEV-114,v13,0,False,False,complete_code_fence,wrong_keys,invalid,,null,,,False,False,False,False,stop,106,102,"```json
{
  ""v13"": {
    ""위반여부"": 0,
    ""근거문구"": ""「중소기업제품 구매촉진 및 판로지원에 관한 법률 시행령」제2조의2에 의거 「소기업 및 소상공인 지원을 위한 특별조치법」제2조에 따른 소기업 또는 소상공인에 해당하는 업체이어야 합니다.""
  }
}
```"
CJH,PPS-DEV-115,v13,0,False,False,complete_code_fence,wrong_keys,invalid,,null,,,False,False,False,False,stop,106,106,"```json
{
  ""v13"": {
    ""위반여부"": 0,
    ""근거문구"": ""라. 「중소기업제품 구매촉진 및 판로지원에 관한 법률 시행령」제2조의3 및 「중소기업제품 공공구매제도 운영요령」제44조에 따라 중소기업자와 우선조달계약에 대한 예외가 적용되는 사업입니다.""
  }
}
```"
CJH,PPS-DEV-116,v13,0,False,False,complete_code_fence,wrong_keys,invalid,,null,,,False,False,False,False,stop,106,124,"```json
{
  ""v13"": {
    ""위반여부"": 0,
    ""근거문구"": ""②「중소기업기본법」제2조 및「소상공인 보호 및 지원에 관한 법률」제2조에 따른 중소기업 또는 소상공인으로서「중소기업 범위 및 확인에 관한 규정」에 따라 발급된‘중ㆍ소기업 ․ 소상공인 확인서(중소기업확인서)’를 소지한 업체""
  }
}
```"
CJH,PPS-DEV-117,v13,0,False,False,complete_code_fence,wrong_keys,invalid,,null,,,False,False,False,False,stop,106,181,"```json
{
  ""v13"": {
    ""위반여부"": 0,
    ""근거문구"": ""『중소기업제품 구매촉진 및 판로지원에 관한 법률』시행령제2조의２(중소기업자와의 우선조달계약)에 의한 중기업·소기업 또는 소상공인\n\n-「중소기업기본법」제2조제2항에 따른 중기업·소기업 또는「소상공인 보호 및 지원에 관한 법률」제2조에 따른 소상공인으로「중·소기업·소상공인 및 장애인기업 확인요령」에 따라 발급된 중기업·소기업 또는 소상공인확인서를 소지한 사업자""
  }
}
```"
CJH,PPS-DEV-118,v13,0,False,False,complete_code_fence,wrong_keys,invalid,,null,,,False,False,False,False,stop,106,59,"```json
{
  ""v13"": {
    ""위반여부"": 0,
    ""근거문구"": ""3. 입찰 참가자격\n가. 소기업, 소상공인""
  }
}
```"
CJH,PPS-DEV-119,v13,0,False,False,complete_code_fence,wrong_keys,invalid,,null,,,False,False,False,False,stop,106,40,"```json
{
  ""v13"": {
    ""위반여부"": 0,
    ""근거문구"": null
  }
}
```"
CJH,PPS-DEV-120,v13,0,False,False,complete_code_fence,wrong_keys,invalid,,null,,,False,False,False,False,stop,106,120,"```json
{
  ""v13"": {
    ""위반여부"": 0,
    ""근거문구"": ""입찰에 따른 중소기업제품 구매촉진 및 판로지원에 관한 법률 시행령 제 2 조의 2에 의거 소기업(소상공인) 확인서를(응찰(개찰)일 까지 발급된 것으로 유효기간 내에 있어야 함)를 소지한 업체(2. 입찰에 부리는 사항 확인 必)""
  }
}
```"
CJH,PPS-DEV-121,v13,0,False,False,complete_code_fence,wrong_keys,invalid,,null,,,False,False,False,False,stop,106,108,"```json
{
  ""violation_status"": 0,
  ""evidence_text"": ""라. 「중소기업기본법」 제2조에 따른 중․소기업자 또는 「소상공인 보호 및 지원에 관한 법률」 제2조에 따른 소상공인으로서 「중소기업 범위 및 확인에 관한 규정」 에 따라 발급된 <중‧소기업 또는 소상공인 확인서>를 소지한 업체""
}
```"
CJH,PPS-DEV-122,v13,0,False,False,complete_code_fence,wrong_keys,invalid,,null,,,False,False,False,False,stop,106,113,"```json
{
  ""v13"": {
    ""위반여부"": 0,
    ""근거문구"": ""4)「중소기업기본법」제2조에 따른 소기업 및「소상공인 보호 및 지원에 관한 법률」제2조에 따른 소상공인으로서「중소기업 범위 및 확인에 관한 규정」에 따라 발급된 소기업․소상공인확인서를 소지한 업체""
  }
}
```"
CJH,PPS-DEV-123,v13,0,False,False,complete_code_fence,wrong_keys,invalid,,null,,,False,False,False,False,stop,106,24,"```json
{
  ""violation"": 0,
  ""reason"": null
}
```"
CJH,PPS-DEV-124,v13,0,False,False,complete_code_fence,wrong_keys,invalid,,null,,,False,False,False,False,stop,106,59,"```json
{
  ""v13"": {
    ""위반여부"": 0,
    ""근거문구"": ""소기업 또는 소상공인·벤처기업·창업자 제한경쟁""
  }
}
```"
CJH,PPS-DEV-125,v13,0,False,False,complete_code_fence,wrong_keys,invalid,,null,,,False,False,False,False,stop,106,114,"```json
{
  ""v13"": {
    ""위반여부"": 0,
    ""근거문구"": ""나.「중소기업 기본법」제2조에 따른 소기업 또는「소상공인 보호 및 지원에 관한 법률」제2조에 따른 소상공인으로서「중소기업 범위 및 확인에 관한 규정」에 따라 발급된 ‘소기업·소상공인 확인서’를 소지한 자.""
  }
}
```"
CJH,PPS-DEV-126,v13,0,False,False,complete_code_fence,wrong_keys,invalid,,null,,,False,False,False,False,stop,106,114,"```json
{
  ""v13"": {
    ""위반여부"": 0,
    ""근거문구"": ""3-1-3 「중소기업제품 구매촉진 및 판로지원에 관한 법률 시행령」 제2조2에 따른 중·소기업 또는 소상공인으로서 「중·소기업 및 확인에 관한 규정」 “중·소기업·소상공인 확인서”를 소지한 업체이어야 합니다.""
  }
}
```"
CJH,PPS-DEV-127,v13,0,False,False,complete_code_fence,wrong_keys,invalid,,null,,,False,False,False,False,stop,106,102,"```json
{
  ""v13"": {
    ""위반여부"": 0,
    ""근거문구"": ""※ 본 용역은 「중소기업제품 구매촉진 및 판로지원에 관한 법률시행령」 및 「중소기업제품 공공구매 제도 운영요령」에 의거 중소기업자 우선조달계약에 대한 예외가 적용되는 용역입니다.""
  }
}
```"
CJH,PPS-DEV-128,v13,0,False,False,complete_code_fence,wrong_keys,invalid,,null,,,False,False,False,False,stop,106,116,"```json
{
  ""v13"": {
    ""위반여부"": 0,
    ""근거문구"": ""「중소기업기본법」제2조에 따른 중 · 소기업자 또는「소상공인보호 및 지원에 관한 법률」제2조에 따른 소상공인으로서 “중소기업 범위 및 확인에 관한 규정”에 따라 발급된 중 · 소기업 · 소상공인 확인서를 소지한 자""
  }
}
```"
CJH,PPS-DEV-129,v13,0,False,False,complete_code_fence,wrong_keys,invalid,,null,,,False,False,False,False,stop,106,112,"```json
{
  ""v13"": {
    ""위반여부"": 0,
    ""근거문구"": ""◆ 「중소기업기본법」제2조에 따른 소기업자 또는「소상공인 보호 및 지원에 관한 법률」제2조에 따른 소상공인으로서 「중소기업 범위 및 확인에 관한 규정」에 따라 발급된 소기업·소상공인 확인서를 소지한 자""
  }
}
```"
CJH,PPS-DEV-130,v13,0,False,False,complete_code_fence,wrong_keys,invalid,,null,,,False,False,False,False,stop,106,117,"```json
{
  ""v13"": {
    ""위반여부"": 0,
    ""근거문구"": ""마. 「중소기업기본법」제 2조제 2항에 따른 소기업 또는 「소상공인 보호 및 지원에 관한 법률」제2조에 따른 소상공인으로서 ‘중소기업 범위 및 확인에 관한 규정’에 따라 발급된 소기업 또는 소상공인 확인서를 소지한 업체""
  }
}
```"
CJH,PPS-DEV-131,v13,0,False,False,complete_code_fence,wrong_keys,invalid,,null,,,False,False,False,False,stop,106,40,"```json
{
  ""v13"": {
    ""위반여부"": 0,
    ""근거문구"": null
  }
}
```"
CJH,PPS-DEV-132,v13,0,False,True,,invalid_json:Expecting value: line 1 column 1 (char 0),invalid,,null,,,False,False,False,False,stop,106,155,"```json
{
  ""v13"": {
    ""위반여부"": 0,
    ""근거문구"": ""조항호내용\"":\""[판로지원법 시행령] 중기업,소기업,소상공인 제한\""""
  }
}
```

*(참고: 제공된 공고 정보의 `조항호내용`에 명시된 문구를 근거로 판정하였습니다. 판정 절차에 따라 해당 공고는 중소기업자간 경쟁제품 여부를 확인하였으나, 공고 정보상에 이미 판로지원법 시행령에 따른 제한 사항이 명시되어 있으므로 '정상(0)'으로 판정됩니다.)*"
CJH,PPS-DEV-133,v13,0,False,False,complete_code_fence,wrong_keys,invalid,,null,,,False,False,False,False,stop,106,77,"```json
{
  ""violation_status"": 0,
  ""evidence_text"": ""다. 「중소기업기본법」 제2조에 따른 중소기업자로서, 「중소기업 범위 및 확인에 관한 규정」에 따라 발급된 중소기업확인서를 소지한 자""
}
```"
CJH,PPS-DEV-134,v13,0,False,False,complete_code_fence,wrong_keys,invalid,,null,,,False,False,False,False,stop,106,40,"```json
{
  ""v13"": {
    ""위반여부"": 0,
    ""근거문구"": null
  }
}
```"
CJH,PPS-DEV-135,v13,0,False,False,complete_code_fence,wrong_keys,invalid,,null,,,False,False,False,False,stop,106,167,"```json
{
  ""v13"": {
    ""위반여부"": 0,
    ""근거문구"": ""라. ｢중소기업제품 구매촉진 및 판로지원에 관한 법률 시행령｣ 제2조의2에 따라 ｢중소기업기본법｣ 제2조에 따른 소기업 또는 ｢소상공인기본법｣ 제2조에 따른 소상공인으로서 ｢중소기업 범위 및 확인에 관한 규정｣에 따라 소기업ㆍ소상공인확인서(전자입찰서 제출 마감일 전일까지 발급된 것으로서 전자입찰서 제출 마감일까지 계속 유지되어야 함)를 소지한 자""
  }
}
```"
CJH,PPS-DEV-136,v13,0,False,False,complete_code_fence,wrong_keys,invalid,,null,,,False,False,False,False,stop,106,479,"```json
{
  ""v13"": {
    ""위반여부"": 0,
    ""근거문구"": ""3. 입찰 참가자격\n가. 「지방자치단체를 당사자로 하는 계약에 관한 법률 시행령」 제13조(입찰의 참가자격) 및 같은 법 시행규칙 제14조(입찰 참가자격 요건의 증명) 규정의 자격조건을 갖추고 지방「자치단체를 당사자로 하는 계약에 관한 법률」 제31조 및 제33조 및 같은법 시행령 제 92조에 해당하지 않은 자로서, 아래의 자격을 모두 충족한 업체이어야 합니다.\n\n1) 국가종합전자조달시스템(나라장터)에 “학술·연구용역(업종코드: 1169) 또는 과학·수학·정보교육 연구기관(업종코드: 3116)”으로 등록한 자\n\n2) 입찰공고일 전일[신규사업자(법인인 경우 법인등기일, 개인사업자인 경우 사업자등록일을 기준으로 한다)부터 입찰일(낙찰자는 계약체결일)까지 법인등기부상 본점소재지(개인사업자인 경우 사업자등록증 또는 관련 법령에 따른 허가·인가·면허·등록·신고 등 관련 서류에 기재된 사업장 소재지)를 계속 서울특별시에 둔 자\n\n3) 「중소기업제품 구매촉진 및 판로지원에 관한 법률 시행령」 제2조의2(중소기업자와의 우선조달계약)에 의한 소기업 또는 소상공인에 해당하는 자로서 「중소기업 범위 및 확인에 관한 규정」에 따라 발급된 확인서를 소지한 업체이거나, 「중소기업제품 구매촉진 및 판로지원에 관한 법률 시행령」 제2조의3(중소기업자와의 우선조달계약에 대한 예외) 제1항 제2호의 비영리법인에 해당하는 자""
  }
}
```"
CJH,PPS-DEV-137,v13,0,False,False,complete_code_fence,wrong_keys,invalid,,null,,,False,False,False,False,stop,106,129,"```json
{
  ""v13"": {
    ""위반여부"": 0,
    ""근거문구"": ""「중소기업기본법」제2조(중소기업자의 범위)에 따른 소기업 또는「소상공인기본법」제2조에 따른 소상공인으로서“중소기업 범위 및 확인에 관한 규정”에 따라 발급된 소기업 또는 소상공인 확인서를 소지한 업체(입찰 마감일 전일 기준 유효기간 내에 있어야 함)""
  }
}
```"
CJH,PPS-DEV-139,v13,0,False,False,complete_code_fence,wrong_keys,invalid,,null,,,False,False,False,False,stop,106,117,"```json
{
  ""v13"": {
    ""위반여부"": 0,
    ""근거문구"": ""「중소기업기본법」 제2조에 따른 중·소기업 및 「소상공인 보호 및 지원에 관한 법률」 제2조에 따른 소상공인으로서 「중소기업 범위 및 확인에 관한 규정」에 따라 발급된 유효한 중·소기업ㆍ소상공인 확인서를 소지한 자""
  }
}
```"
CJH,PPS-DEV-140,v13,0,False,False,complete_code_fence,wrong_keys,invalid,,null,,,False,False,False,False,stop,106,40,"```json
{
  ""v13"": {
    ""위반여부"": 0,
    ""근거문구"": null
  }
}
```"
CJH,PPS-DEV-141,v13,0,False,False,complete_code_fence,wrong_keys,invalid,,null,,,False,False,False,False,stop,106,40,"```json
{
  ""v13"": {
    ""위반여부"": 0,
    ""근거문구"": null
  }
}
```"
CJH,PPS-DEV-142,v13,0,False,False,complete_code_fence,wrong_keys,invalid,,null,,,False,False,False,False,stop,106,136,"```json
{
  ""v13"": {
    ""위반여부"": 0,
    ""근거문구"": ""입찰참가자격 : (3) 입찰참가 대상에 따른 중소기업제품 구매촉진 및 판로지원에 관한 법률 시행령 제 2조의 2에 의거 소기업(소상공인) 또는 중기업 확인서를(응찰(개찰)일 까지 발급된 것으로 유효기간 내에 있어야 함)를 소지한 업체(2. 입찰에 부치는 사항 확인 必)""
  }
}
```"
CJH,PPS-DEV-143,v13,0,False,False,complete_code_fence,wrong_keys,invalid,,null,,,False,False,False,False,stop,106,48,"```json
{
  ""violation_status"": 0,
  ""evidence_text"": ""2) 「중소기업기본법」제2조에 따른 중소기업자""
}
```"
CJH,PPS-DEV-144,v13,0,False,False,complete_code_fence,wrong_keys,invalid,,null,,,False,False,False,False,stop,106,130,"```json
{
  ""v13"": {
    ""위반여부"": 0,
    ""근거문구"": ""다. 「중소기업기본법」 제2조에 따른 소기업자 또는 「소상공인 보호 및 지원에 관한 법률」 제2조에 따른 소상공인으로서 「중소기업범위 및 확인에 관한 규정(중소벤처기업부 고시)」에 따라 발급된 「소기업·소상공인 확인서」를 소지한 업체이어야만 합니다.""
  }
}
```"
CJH,PPS-DEV-145,v13,0,False,False,complete_code_fence,wrong_keys,invalid,,null,,,False,False,False,False,stop,106,119,"```json
{
  ""v13"": {
    ""위반여부"": 0,
    ""근거문구"": ""3) ｢중소기업기본법｣제2조에 따른 중·소기업자 또는 「소상공인 보호 및 지원에 관한 법률」제2조에 따른 소상공인으로서「중소기업 범위 및 확인에 관한 규정」에 따라 발급된 중소기업·소상공인 확인서​를 소지한 업체""
  }
}
```"
CJH,PPS-DEV-146,v13,0,False,False,complete_code_fence,wrong_keys,invalid,,null,,,False,False,False,False,stop,106,142,"```json
{
  ""v13"": {
    ""위반여부"": 0,
    ""근거문구"": ""3) 「중소기업기본법」 제2조에 따른 중·소기업자 또는 「소상공인 보호 및 지원에 관한 법률」 제2조에 따른 소상공인으로서 「중소기업 범위 및 확인에 관한 규정」에 따라 발급된 중ㆍ소기업ㆍ소상공인 확인서(적격심사 서류제출 마감일까지 발급된 것으로 유효기간 내에 있어야 함)를 소지한 업체""
  }
}
```"
CJH,PPS-DEV-147,v13,0,False,False,complete_code_fence,wrong_keys,invalid,,null,,,False,False,False,False,stop,106,117,"```json
{
  ""v13"": {
    ""위반여부"": 0,
    ""근거문구"": ""｢중소기업제품 구매촉진 및 판로지원에 관한 법률｣ 제2조, 제8조 및 동법 시행령 제9조에 규정된 중소기업자로서 ｢중․소기업 범위 및 확인에 관한 규정｣에 따라 발급된 중·소기업 또는 소상공인확인서를 소지한 업체""
  }
}
```"
CJH,PPS-DEV-148,v13,0,False,False,complete_code_fence,wrong_keys,invalid,,null,,,False,False,False,False,stop,106,116,"```json
{
  ""v13"": {
    ""위반여부"": 0,
    ""근거문구"": ""3.1.3. 「중소기업기본법」제2조제2항에 따른 소기업과 「소상공인 보호 및 지원에 관한 법률」에 따른 소상공인으로서 「중소기업 범위 및 확인에 관한 규정」에 따라 발급된 소기업·소상공인 확인서를 소지한 업체""
  }
}
```"
CJH,PPS-DEV-149,v13,0,False,False,complete_code_fence,wrong_keys,invalid,,null,,,False,False,False,False,stop,106,40,"```json
{
  ""v13"": {
    ""위반여부"": 0,
    ""근거문구"": null
  }
}
```"
CJH,PPS-DEV-150,v13,0,False,False,complete_code_fence,wrong_keys,invalid,,null,,,False,False,False,False,stop,106,52,"```json
{
  ""v13"": {
    ""위반여부"": 0,
    ""근거문구"": ""중소기업, 소기업(소상공인)""
  }
}
```"
CJH,PPS-DEV-151,v13,0,False,False,complete_code_fence,wrong_keys,invalid,,null,,,False,False,False,False,stop,106,40,"```json
{
  ""v13"": {
    ""위반여부"": 0,
    ""근거문구"": null
  }
}
```"
CJH,PPS-DEV-152,v13,0,False,False,complete_code_fence,wrong_keys,invalid,,null,,,False,False,False,False,stop,106,131,"```json
{
  ""v13"": {
    ""위반여부"": 0,
    ""근거문구"": ""나. 『중소기업제품 구매촉진 및 판로지원에 관한 법률 시행령』제2조의 2에 의거 소기업 또는 소상공인 확인서를 소지한 업체 또는 벤처기업육성에 관한 특별조치법 제2조 제1항에 따른 벤처기업 또는 중소기업창업 지원법 제2조 제3호에 따른 창업기업이 어야 합니다.""
  }
}
```"
CJH,PPS-DEV-153,v13,0,False,False,complete_code_fence,wrong_keys,invalid,,null,,,False,False,False,False,stop,106,118,"```json
{
  ""v13"": {
    ""위반여부"": 0,
    ""근거문구"": ""나.「중소기업기본법」 제2조제2항에 따른 소기업 또는 ｢소상공인 보호 및 지원에 관한 법률｣ 제2조에 따른 소상공인으로서 ｢중소기업 범위 및 확인에 관한 규정｣ 에 따라 발급된 소기업 또는 소상공인확인서를 소지한 업체""
  }
}
```"
CJH,PPS-DEV-154,v13,0,False,False,complete_code_fence,wrong_keys,invalid,,null,,,False,False,False,False,stop,106,40,"```json
{
  ""v13"": {
    ""위반여부"": 0,
    ""근거문구"": null
  }
}
```"
CJH,PPS-DEV-155,v13,0,False,False,complete_code_fence,wrong_keys,invalid,,null,,,False,False,False,False,stop,106,91,"```json
{
  ""violation"": 0,
  ""evidence"": ""② 「중소기업기본법」제2조 및 동법 시행령 제8조에 따른 중·소기업 또는「소상공인 보호 및 지원에 관한 법률」제2조에 따른 소상공인으로써 중 · 소기업 · 소상공인확인서를 소지한 업체""
}
```"
CJH,PPS-DEV-156,v13,0,False,False,complete_code_fence,wrong_keys,invalid,,null,,,False,False,False,False,stop,106,157,"```json
{
  ""v13"": {
    ""위반여부"": 0,
    ""근거문구"": ""라. 「중소기업제품 구매촉진 및 판로지원에 관한 법률 시행령」 제2조의2(중소기업자와의 우선조달계약)에 따라 「중소기업기본법」 제2조제2항에 따른 중ㆍ소기업 또는 「소상공인 보호 및 지원에 관한 법률」 제2조에 따른 소상공인으로서 「중소기업 범위 및 확인에 관한 규정」에 따라 발급된 중ㆍ소기업, 소상공인 확인서를 소지한 업체""
  }
}
```"
CJH,PPS-DEV-157,v13,0,False,False,complete_code_fence,wrong_keys,invalid,,null,,,False,False,False,False,stop,106,40,"```json
{
  ""v13"": {
    ""위반여부"": 0,
    ""근거문구"": null
  }
}
```"
CJH,PPS-DEV-158,v13,0,False,False,complete_code_fence,wrong_keys,invalid,,null,,,False,False,False,False,stop,106,24,"```json
{
  ""violation"": 0,
  ""evidence"": null
}
```"
CJH,PPS-DEV-159,v13,0,False,False,complete_code_fence,wrong_keys,invalid,,null,,,False,False,False,False,stop,106,40,"```json
{
  ""v13"": {
    ""위반여부"": 0,
    ""근거문구"": null
  }
}
```"
CJH,PPS-DEV-160,v13,0,False,False,complete_code_fence,wrong_keys,invalid,,null,,,False,False,False,False,stop,106,297,"```json
{
  ""v13"": {
    ""위반여부"": 0,
    ""근거문구"": ""3. 다음 각 호의 조건을 모두 만족하는 업체로 입찰서 제출 마감일까지 당해 자격을 유지하고 보유한 업체\n1)「국가종합전자조달시스템 입찰참가자격등록규정」에 따라 입찰참가등록 마감일시까지 나라장터(G2B)분류번호 10자리(세부품명번호: 4321159201) AI서버를 입찰 참가 등록한 업체\n2) 입찰공고일 전일부터 입찰일까지 서울특별시에 법인등기부상 본점이 있는 업체\n3) 중소기업제품 구매촉진 및 판로지원에 관한 법률 시행령 제2조의２(중소기업자와의 우선조달계약)에 의한 소기업 또는 소상공인\n「중소기업기본법」제2조제2항에 따른 소기업 또는「소상공인 보호 및 지원에 관한 법률」제2조에 따른 소상공인으로「중소기업 범위 및 확인에 관한 규정」에 따라 발급된 소기업 또는 소상공인확인서를 소지한 업체""
  }
}
```"
CJH,PPS-DEV-161,v13,0,False,False,complete_code_fence,wrong_keys,invalid,,null,,,False,False,False,False,stop,106,107,"```json
{
  ""v13"": {
    ""위반여부"": 0,
    ""근거문구"": ""다.「중소기업기본법」제2조에 의한 소기업 또는「소상공인 기본법」제2조에 의한 소상공인으로서 「중소기업 범위 및 확인에 관한 규정」에 따라 발급된 소기업 또는 소상공인 확인서를 소지한 자""
  }
}
```"
CJH,PPS-DEV-162,v13,0,False,False,complete_code_fence,wrong_keys,invalid,,null,,,False,False,False,False,stop,106,40,"```json
{
  ""v13"": {
    ""위반여부"": 0,
    ""근거문구"": null
  }
}
```"
CJH,PPS-DEV-163,v13,0,False,False,complete_code_fence,wrong_keys,invalid,,null,,,False,False,False,False,stop,106,178,"```json
{
  ""v13"": {
    ""위반여부"": 0,
    ""근거문구"": ""다. 2인 견적 용역 수의계약의 중소기업자와의 우선 조달계약\n- 「중소기업제품 구매촉진 및 판로지원에 관한 법률」제4조에 따른 소기업ˑ소상공인 여부 확인 예외 용역입니다.\n※ 예외사유 : 「중소기업제품 구매촉진 및 판로지원에 관한 법률 시행령」 제2조의2에 따라 특정한 성능, 기술, 품질 등이 필요한 경우로서 중소기업자와의 우선 조달계약의 방법으로는 해당 조달계약의 목적 달성이 불가능한 경우에 해당""
  }
}
```"
CJH,PPS-DEV-164,v13,0,False,False,complete_code_fence,wrong_keys,invalid,,null,,,False,False,False,False,stop,106,40,"```json
{
  ""v13"": {
    ""위반여부"": 0,
    ""근거문구"": null
  }
}
```"
CJH,PPS-DEV-165,v13,0,False,False,complete_code_fence,wrong_keys,invalid,,null,,,False,False,False,False,stop,106,167,"```json
{
  ""v13"": {
    ""위반여부"": 0,
    ""근거문구"": ""다. ｢중소기업기본법｣ 제2조에 따른 소기업 또는 ｢소상공인 기본법｣ 제2조에 따른 소상공인으로서 ｢중소기업 범위 및 확인에 관한 규정｣에 따라 발급된 소기업·소상공인 확인서를 소지한 업체\n※「중소기업제품 구매촉진 및 판로지원에 관한 법률 시행령」 제2조의3 제1항 제2호에 의거 비영리법인은 소기업, 소상공인 확인서가 없어도 입찰 참여 가능""
  }
}
```"
CJH,PPS-DEV-166,v13,0,False,True,,invalid_json:Expecting value: line 1 column 1 (char 0),invalid,,null,,,False,False,False,False,stop,106,254,"```json
{
  ""v13"": {
    ""위반여부"": 0,
    ""근거문구"": null
  }
}
```

**[판정 근거 요약]**
1. **구매 대상 식별**: 공고의 품목은 '디자인형울타리(세부품명번호: 3015200101)'이며, 이는 제공된 [참고자료: 경쟁제품 목록 발췌]에 따라 '중소기업자간 경쟁제품'에 해당합니다.
2. **제한 사항 확인**: 공고문 3.가.5)항에서 '「중소기업기본법」제2조에 따른 중·소기업자로서... 중소기업 확인서를 소지한 자'를 요구하고 있으나, 이는 '소기업' 또는 '소상공인'으로만 한정하여 제한하는 것이 아니라 '중소기업자' 전체를 대상으로 하고 있습니다.
3. **결론**: 본 공고는 소기업 또는 소상공인만을 대상으로 입찰 참가 자격을 제한하고 있지 않으므로, 위반 항목에 해당하지 않습니다."
CJH,PPS-DEV-167,v13,0,False,False,complete_code_fence,wrong_keys,invalid,,null,,,False,False,False,False,stop,106,107,"```json
{
  ""v13"": {
    ""위반여부"": 0,
    ""근거문구"": ""② 『중소기업기본법』에 따른 소기업 또는 『소상공인 보호 및 지원에 관한 법률』에 따른 소상공인으로, 「중소기업범위 및 확인에 관한 규정」에 따라 발급된 소기업·소상공인 확인서를 소지한 업체""
  }
}
```"
CJH,PPS-DEV-168,v13,0,False,False,complete_code_fence,wrong_keys,invalid,,null,,,False,False,False,False,stop,106,128,"```json
{
  ""v13"": {
    ""위반여부"": 0,
    ""근거문구"": ""「중소기업제품 구매촉진 및 판로지원에 관한 법률 시행령」제2조의2 (중소기업자와의 우선조달계약)제1항1호 의거, 「중소기업법」제2조제2항에 따른 소기업 또는 「소상공인 보호 및 지원에 관한 법률」제2조에 따른 소상공인 (중기업 ×)""
  }
}
```"
CJH,PPS-DEV-169,v13,0,False,False,complete_code_fence,wrong_keys,invalid,,null,,,False,False,False,False,stop,106,203,"```json
{
  ""violation"": 0,
  ""evidence"": ""「중소기업제품 구매촉진 및 판로지원에 관한 법률 시행령」제2조의2에 따라「중소기업기본법」제2조제2항에 따른 중･소기업 또는「소상공인 보호 및 지원에 관한 법률」제2조에 따른 소상공인으로서「중소기업 범위 및 확인에 관한 규정(중소벤처기업부고시)」에 따라 발급된 중･소기업･소상공인 확인서를 소지하고,「중소기업제품 구매촉진 및 판로지원에 관한 법률」제9조 및 같은 법 시행령 제 10조에 따라 기타행사기획및대행서비스(8014199001)에 대한 직접생산확인증명서를 소지한 업체""
}
```"
CJH,PPS-DEV-170,v13,0,False,False,complete_code_fence,wrong_keys,invalid,,null,,,False,False,False,False,stop,106,96,"```json
{
  ""violation"": 0,
  ""evidence"": ""1) 「중소기업제품 구매촉진 및 판로지원에 관한 법률 시행령」제2조의2에 의하여 「중소기업기본법」제2조 중소기업 및 「소기업 및 소상공인 지원을 위한 법률」제2조 소상공인 자격을 구비해야 합니다.""
}
```"
CJH,PPS-DEV-171,v13,0,False,False,complete_code_fence,wrong_keys,invalid,,null,,,False,False,False,False,stop,106,109,"```json
{
  ""violation"": 0,
  ""evidence"": ""④ 「중소기업기본법」 제2조에 따른 중소기업자 또는 「소상공인 보호 및 지원에 관한 법률」 제2조에 따른 소상공인으로서 중소기업 범위 및 확인에 관한 규정에 따라 발급된 ‘중소기업·소상공인 확인서’를 소지해야 함(중소기업자간 경쟁제품에 한함)""
}
```"
CJH,PPS-DEV-172,v13,0,False,False,complete_code_fence,wrong_keys,invalid,,null,,,False,False,False,False,stop,106,115,"```json
{
  ""v13"": {
    ""위반여부"": 0,
    ""근거문구"": ""「국가종합전자조달시스템 입찰참가자격등록규정」에 따라 나라장터에 입찰참가자격 등록마감일시까지 아래의 사항을 입찰참가자격으로 등록한 자\n- 「여성기업지원에 관한 법률」 제2조 제1호에 따른 여성기업""
  }
}
```"
CJH,PPS-DEV-173,v13,0,False,False,complete_code_fence,wrong_keys,invalid,,null,,,False,False,False,False,stop,106,118,"```json
{
  ""v13"": {
    ""위반여부"": 0,
    ""근거문구"": ""2) 기타자유업종(업종코드 : 9999)을 등록한 업체\n2) 중소기업제품 구매촉진 및 판로지원에 관한 법률 시행령 제2조의2에 따른 우선조달계약 대상으로 '소기업' 또는 소상공인기본법 제2조의 '소상공인'""
  }
}
```"
CJH,PPS-DEV-174,v13,0,False,False,complete_code_fence,wrong_keys,invalid,,null,,,False,False,False,False,stop,106,135,"```json
{
  ""v13"": {
    ""위반여부"": 0,
    ""근거문구"": ""「중소기업기본법」제2조에 따른 소기업자,「중소기업제품 구매촉진 및 판로지원에 관한 법률」제7조의 2 규정에 따른 소기업 또는 소상공인으로서 중소기업청에서 발급한 소기업․소상공인 확인서(개찰일 전일까지 발급된 것으로 유효기간 내에 있어야 함)를 소지한 업체이어야 합니다.""
  }
}
```"
CJH,PPS-DEV-175,v13,0,False,False,complete_code_fence,wrong_keys,invalid,,null,,,False,False,False,False,stop,106,159,"```json
{
  ""v13"": {
    ""위반여부"": 0,
    ""근거문구"": ""다. 중소기업제품 구매촉진 및 판로지원에 관한 법률(이하 판로지원법) ｣ 제8조의 2에 해당하지 않는 자로서 중소기업 범위 및 확인에 관한 규정에 따라 발급된 소기업·소상공인 확인서(이하 확인서)를 소지한 자(다만, ｢판로지원법｣ 제33조 제1항에 의거 중소기업자로 간주되는 특별법인도 해당 입찰참가자격이 있음)이어야 합니다.""
  }
}
```"
CJH,PPS-DEV-176,v13,0,False,False,complete_code_fence,wrong_keys,invalid,,null,,,False,False,False,False,stop,106,120,"```json
{
  ""violation_status"": 0,
  ""evidence_text"": ""「중소기업기본법」 제2조에 따른 중소기업 또는 「소상공인 보호 및 지원에 관한 법률」 제2조에 따른 소상공인으로서, 「중소기업 범위 및 확인에 관한 규정」에 따른 중소기업(소상공인) 확인서(입찰 마감일 전일까지 발급된 것으로 유효기간 내에 있어야 함)를 소지한 업체""
}
```"
CJH,PPS-DEV-177,v13,0,False,False,complete_code_fence,wrong_keys,invalid,,null,,,False,False,False,False,stop,106,123,"```json
{
  ""v13"": {
    ""위반여부"": 0,
    ""근거문구"": ""② 「중소기업기본법」제2조제2항에 따른 중소기업 또는 「소상공인 보호 및 지원에 관한 법률」 제2조에 따른 소상공인으로서 「중소기업 범위 및 확인에 관한 규정」에 따라 발급된 중소기업확인서, 소상공인확인서 중 하나를 소지한 업체""
  }
}
```"
CJH,PPS-DEV-178,v13,0,False,False,complete_code_fence,wrong_keys,invalid,,null,,,False,False,False,False,stop,106,28,"```json
{
  ""violation_status"": 0,
  ""evidence_text"": null
}
```"
CJH,PPS-DEV-179,v13,0,False,False,complete_code_fence,wrong_keys,invalid,,null,,,False,False,False,False,stop,106,124,"```json
{
  ""v13"": {
    ""위반여부"": 0,
    ""근거문구"": ""나. 「중소기업기본법」 제2조에 따른 중소기업자 또는 「소상공인 보호 및 지원에 관한 법률」 제2조에 따른 소상공인으로서 「중소기업 범위 및 확인에 관한 규정」에 따라 발급된 <중소기업확인서, 소상공인확인서> 중 하나를 소지한 업체""
  }
}
```"
CJH,PPS-DEV-180,v13,0,False,False,complete_code_fence,wrong_keys,invalid,,null,,,False,False,False,False,stop,106,139,"```json
{
  ""v13"": {
    ""위반여부"": 0,
    ""근거문구"": ""다. 「중소기업 기본법」 제2조제2항에 따른 소기업 또는「소상공인 보호 및 지원에 관한 법률」제2조에 따른 소상공인 업체로서‘중소기업 범위 및 확인에 관한 규정’에 따라 발급된 소기업․소상공인 확인서(전자입찰서 제출 마감일 전일까지 발급된 것으로 유효기간 내에 있어야 함)를 소지한 자""
  }
}
```"
CJH,PPS-DEV-181,v13,0,False,False,complete_code_fence,wrong_keys,invalid,,null,,,False,False,False,False,stop,106,108,"```json
{
  ""v13"": {
    ""위반여부"": 0,
    ""근거문구"": ""※ 본 용역은「중소기업제품 구매촉진 및 판로지원에 관한 법률 시행령」제2조의3 제1항 및 「중소기업제품 공공구매제도 운영요령」제44조에 따라 중소기업자 우선조달계약 예외에 해당됩니다.""
  }
}
```"
CJH,PPS-DEV-182,v13,0,False,False,complete_code_fence,wrong_keys,invalid,,null,,,False,False,False,False,stop,106,83,"```json
{
  ""v13"": {
    ""위반여부"": 0,
    ""근거문구"": ""「중소기업기본법」제2조 제2항에 따른 중소기업 또는 「소상공인 보호 및 지원에 관한 법률」제2조에 따른 소상공인""
  }
}
```"
CJH,PPS-DEV-183,v13,0,False,False,complete_code_fence,wrong_keys,invalid,,null,,,False,False,False,False,stop,106,136,"```json
{
  ""v13"": {
    ""violation"": 0,
    ""reason"": ""다. 「중소기업기본법」제2조제2항에 따른 소기업 또는「소상공인 보호 및 지원에 관한 법률」제2조에 따른 소상공인으로서「중소기업 범위 및 확인에 관한 규정」에 따라 발급된‘소기업·소상공인 확인서’(전자입찰서 제출마감일 전일까지 발급된 것으로 유효기간 내에 있어야 함)를 소지한 자""
  }
}
```"
CJH,PPS-DEV-184,v13,0,False,False,complete_code_fence,wrong_keys,invalid,,null,,,False,False,False,False,stop,106,92,"```json
{
  ""v13"": {
    ""위반여부"": 0,
    ""근거문구"": ""3)「중소기업기본법 제2조」에 따른 중소기업자로서「중소기업 범위 및 확인에 관한 규정」에 따라 발급된 소기업·소상공인확인서를 소지한 자""
  }
}
```"
CJH,PPS-DEV-185,v13,0,False,False,complete_code_fence,wrong_keys,invalid,,null,,,False,False,False,False,stop,106,128,"```json
{
  ""v13"": {
    ""위반여부"": 0,
    ""근거문구"": ""⑤ 본 입찰은 「중소기업제품 구매촉진 및 판로지원에 관한 법률 시행령」 제2조의3 제1항제5호에 의거 「건설폐기물의 재활용촉진에 관한 법률」 제4조 및 「폐기물관리법」 제13조에 해당되어 중소기업자와 우선조달계약의 예외에 해당됩니다.""
  }
}
```"
CJH,PPS-DEV-186,v13,0,False,False,complete_code_fence,wrong_keys,invalid,,null,,,False,False,False,False,stop,106,110,"```json
{
  ""v13"": {
    ""위반여부"": 0,
    ""근거문구"": ""라. 「중소기업기본법」제2조에 따른 중소기업자 및「소상공인기본법」제2조에 따른 소상공인으로서 중소기업 범위 및 확인에 관한 규정에 따라 발급된 중·소기업·소상공인확인서를 소지한 업체""
  }
}
```"
CJH,PPS-DEV-187,v13,0,False,False,complete_code_fence,wrong_keys,invalid,,null,,,False,False,False,False,stop,106,40,"```json
{
  ""v13"": {
    ""위반여부"": 0,
    ""근거문구"": null
  }
}
```"
CJH,PPS-DEV-188,v13,0,False,False,complete_code_fence,wrong_keys,invalid,,null,,,False,False,False,False,stop,106,114,"```json
{
  ""v13"": {
    ""위반여부"": 0,
    ""근거문구"": ""「중소기업기본법」 제2조에 따른 중소기업자 또는 「소상공인 보호 및 지원에 관한 법률」 제2조에 따른 소상공인으로서 「중소기업 범위 및 확인에 관한 규정」에 따라 발급된 중ㆍ소기업ㆍ소상공인 확인서를 소지한 자""
  }
}
```"
CJH,PPS-DEV-189,v13,0,False,False,complete_code_fence,wrong_keys,invalid,,null,,,False,False,False,False,stop,106,101,"```json
{
  ""v13"": {
    ""위반여부"": 0,
    ""근거문구"": ""「중소기업제품 구매촉진 및 판로지원에 관한 법률」 제2조의3 제5호 및 중소기업제품 공공구매제도 운영요령 제44조에 따라 중소기업자 우선조달계약에 대한 예외를 적용합니다.""
  }
}
```"
CJH,PPS-DEV-190,v13,0,False,False,complete_code_fence,wrong_keys,invalid,,null,,,False,False,False,False,stop,106,129,"```json
{
  ""v13"": {
    ""위반여부"": 0,
    ""근거문구"": ""「중소기업제품 구매촉진 및 판로지원에 관한 법률」제2조 및「소상공인 보호 및 지원에 관한 법률」제2조에 의거한 중·소기업·소상공인으로서 중·소기업·소상공인 확인서를 소지한 자(전자입찰서 제출마감일 전일까지 발급된 것으로 유효기간 내에 있어야 함)""
  }
}
```"
CJH,PPS-DEV-191,v13,0,False,False,complete_code_fence,wrong_keys,invalid,,null,,,False,False,False,False,stop,106,137,"```json
{
  ""v13"": {
    ""위반여부"": 0,
    ""근거문구"": ""「중소기업기본법」 제2조에 따른 중소기업자 또는 「소상공인 보호 및 지원에 관한 법률」 제2조에 따른 소상공인으로서 \""중소기업 범위 및 확인에 관한 규정\""에 따라 발급된 중소기업․소상공인 확인서(제안서 접수 마감일 전 일 발급된 것으로 유효기간 내에 있어야 함)를 소지한 자""
  }
}
```"
CJH,PPS-DEV-192,v13,0,False,False,complete_code_fence,wrong_keys,invalid,,null,,,False,False,False,False,stop,106,111,"```json
{
  ""v13"": {
    ""위반여부"": 0,
    ""근거문구"": ""라. 「중소기업제품 구매촉진 및 판로지원에 관한 법률」 등에 따른 소기업 또는 소상공인으로서 「중소기업 범위 및 확인에 관한 규정」과 「지방자치단체 입찰 및 계약 집행기준」에 따라 소기업・소상공인 확인서를 소지한 업체""
  }
}
```"
CJH,PPS-DEV-193,v13,0,False,False,complete_code_fence,wrong_keys,invalid,,null,,,False,False,False,False,stop,106,94,"```json
{
  ""v13"": {
    ""위반여부"": 0,
    ""근거문구"": ""④ 「중소기업기본법」제2조에 따른 소기업자 또는「소상공인기본법」제2조에 따른 소상공인으로 소기업․소상공인 확인서를 소지한 자 이어야 합니다.""
  }
}
```"
CJH,PPS-DEV-194,v13,0,False,False,complete_code_fence,wrong_keys,invalid,,null,,,False,False,False,False,stop,106,136,"```json
{
  ""v13"": {
    ""위반여부"": 0,
    ""근거문구"": ""2) 「중소기업기본법」 제2조에 따른 소기업 또는 「소상공인 보호 및 지원에 관한 법률」 제2조에 따른 소상공인으로 「중소기업 범위 및 확인에 관한 규정」에 따라 발급된 소기업·소상공인확인서(견적서 제출 마감일 전일까지 발급된 것으로 유효기간 내에 있어야 함)를 소지한 업체""
  }
}
```"
CJH,PPS-DEV-195,v13,0,False,False,complete_code_fence,wrong_keys,invalid,,null,,,False,False,False,False,stop,106,40,"```json
{
  ""v13"": {
    ""위반여부"": 0,
    ""근거문구"": null
  }
}
```"
CJH,PPS-DEV-196,v13,0,False,False,complete_code_fence,wrong_keys,invalid,,null,,,False,False,False,False,stop,106,94,"```json
{
  ""v13"": {
    ""위반여부"": 0,
    ""근거문구"": ""다. 「중소기업제품 구매촉진 및 판로지원에 관한 법률 시행령」 제2조의2에 따른 중소기업확인서(중·소기업·소상공인)를 소지한 업체이어야 합니다.""
  }
}
```"
CJH,PPS-DEV-197,v13,0,False,False,complete_code_fence,wrong_keys,invalid,,null,,,False,False,False,False,stop,106,40,"```json
{
  ""v13"": {
    ""위반여부"": 0,
    ""근거문구"": null
  }
}
```"
CJH,PPS-DEV-198,v13,0,False,False,complete_code_fence,wrong_keys,invalid,,null,,,False,False,False,False,stop,106,156,"```json
{
  ""v13"": {
    ""위반여부"": 0,
    ""근거문구"": ""마. 「중소기업기본법」 제2조제2항에 따른 소기업 또는 「소상공인 보호 및 지원에 관한 법률」제2조에 따른 소상공인으로서, ｢중소기업제품 구매촉진 및 판로지원에 관한 법률 시행령｣ 제2조의2(중소기업자와의 우선조달계약)에 의하여 “중소기업 범위 및 확인에 관한 규정”에 따라 발급된 소기업ㆍ소상공인 확인서를 소지한 업체""
  }
}
```"
CJH,PPS-DEV-199,v13,0,False,False,complete_code_fence,wrong_keys,invalid,,null,,,False,False,False,False,stop,106,130,"```json
{
  ""v13"": {
    ""위반여부"": 0,
    ""근거문구"": ""「중소기업기본법」 제2조에 따른 중소기업 또는 「소상공인기본법」제2조에 따른 소상공인으로 「중소기업 범위 및 확인에 관한 규정」에 따라 발급된 중․소기업․소상공인 확인서(제안서 제출 마감일 전일까지 발급된 것으로 유효기간 내에 있어야 함) 소지 업체""
  }
}
```"
CJH,PPS-DEV-200,v13,0,False,False,complete_code_fence,wrong_keys,invalid,,null,,,False,False,False,False,stop,106,111,"```json
{
  ""v13"": {
    ""위반여부"": 0,
    ""근거문구"": ""마. 「소상공인기본법」제2조에 따른 소상공인 또는 「중소기업기본법」제2조 제2항에 따른 소기업으로서 「중소기업 범위 및 확인에 관한 규정」에 따라 발급된 소기업·소상공인 확인서를 소지한 업체""
  }
}
```"
CJH,PPS-DEV-01,v14,0,False,False,complete_code_fence,wrong_keys,invalid,,null,,,False,False,False,False,stop,106,53,"```json
{
  ""v14"": {
    ""위반여부"": 1,
    ""근거문구"": ""기업형태 : 중소기업, 소상공인""
  }
}
```"
CJH,PPS-DEV-02,v14,0,False,True,,invalid_json:Expecting value: line 1 column 1 (char 0),invalid,,null,,,False,False,False,False,stop,106,285,"```json
{
  ""v14"": {
    ""위반여부"": 0,
    ""근거문구"": null
  }
}
```

**[판정 근거 요약]**
1. **구매 대상 식별**: 공고의 품목은 '잡지[5510150601]'이며, 이는 [참고자료: 경쟁제품 목록 발췌]에 포함된 '경쟁제품' 목록에 해당하지 않는 일반 제품(물품)입니다.
2. **고시금액 확인**: 적용계약법(국가계약법) 및 공고일(2026.01.16) 기준, 재정경제부장관이 고시하는 물품 및 용역의 고시금액은 **2억 3천만 원**입니다.
3. **입찰추정가격 비교**: meta의 입찰추정가격은 **83,100,000원**으로, 고시금액(2억 3천만 원) 미만입니다.
4. **결론**: 입찰추정가격이 고시금액 미만이므로, '고시금액 이상 일반물품의 중소기업 제한' 위반 항목에 해당하지 않습니다 (정상)."
CJH,PPS-DEV-03,v14,0,False,False,complete_code_fence,wrong_keys,invalid,,null,,,False,False,False,False,stop,106,40,"```json
{
  ""v14"": {
    ""위반여부"": 0,
    ""근거문구"": null
  }
}
```"
CJH,PPS-DEV-04,v14,0,False,False,complete_code_fence,wrong_keys,invalid,,null,,,False,False,False,False,stop,106,40,"```json
{
  ""v14"": {
    ""위반여부"": 0,
    ""근거문구"": null
  }
}
```"
CJH,PPS-DEV-05,v14,0,False,False,complete_code_fence,wrong_keys,invalid,,null,,,False,False,False,False,stop,106,113,"```json
{
  ""v14"": {
    ""위반여부"": 1,
    ""근거문구"": ""③ 「중소기업기본법」 제2조에 따른 중소기업 및 「소상공인 보호 및 지원에 관한 법률」 제2조에 따른 소상공인으로서 「중소기업 범위 및 확인에 관한 규정」에 따라 발급된 중소기업·소상공인 확인서를 소지한 업체""
  }
}
```"
CJH,PPS-DEV-06,v14,0,False,False,complete_code_fence,wrong_keys,invalid,,null,,,False,False,False,False,stop,106,169,"```json
{
  ""v14"": {
    ""위반여부"": 1,
    ""근거문구"": ""라. 최근 5년간 국가기관이 발주한 국제회의 개최 대행 용역의 이행실적이 4억원 이상인 업체\n다. 「중소기업기본법 시행령」 제8조 및 「소상공인 보호 및 지원에 관한 법률」 제2조에 따른 중·소기업·소상공인으로서「중·소기업·소상공인 및 장애인기업 확인요령」에 따라 발급된 중·소기업·소상공인 확인서(입찰마감일 기준 유효하여야 함)를 소지한 업체""
  }
}
```"
CJH,PPS-DEV-07,v14,0,False,False,complete_code_fence,wrong_keys,invalid,,null,,,False,False,False,False,stop,106,40,"```json
{
  ""v14"": {
    ""위반여부"": 0,
    ""근거문구"": null
  }
}
```"
CJH,PPS-DEV-08,v14,0,False,False,complete_code_fence,wrong_keys,invalid,,null,,,False,False,False,False,stop,106,40,"```json
{
  ""v14"": {
    ""위반여부"": 0,
    ""근거문구"": null
  }
}
```"
CJH,PPS-DEV-09,v14,0,False,True,,invalid_json:Expecting value: line 1 column 1 (char 0),invalid,,null,,,False,False,False,False,stop,106,254,"```json
{
  ""v14"": {
    ""위반여부"": 0,
    ""근거문구"": null
  }
}
```

**판정 근거 설명:**
1. **구매 대상 식별**: 본 공고의 품명은 '고성능 GPU 컴퓨팅 미니 박스'이며, 세부품명번호는 `4321150102`(컴퓨터서버)입니다.
2. **경쟁제품 여부 확인**: [참고자료: 경쟁제품 목록 발췌]에 따르면, 세부품명번호 `4321150102`는 '컴퓨터서버'이며, 특이사항에 ""x86 서버 CPU 1개 전체, CPU 2개 중 Clock(기본주파수) 3.2GHz 이하 제품에 한함""이라는 조건이 명시되어 있습니다. 이는 해당 제품이 일반제품이 아닌 **경쟁제품**임을 나타냅니다.
3. **판정 결과**: 판정 기준에 따라 대상이 **경쟁제품인 경우 '정상(0)'**으로 판정합니다."
CJH,PPS-DEV-10,v14,0,False,False,complete_code_fence,wrong_keys,invalid,,null,,,False,False,False,False,stop,106,40,"```json
{
  ""v14"": {
    ""위반여부"": 0,
    ""근거문구"": null
  }
}
```"
CJH,PPS-DEV-11,v14,0,False,False,complete_code_fence,wrong_keys,invalid,,null,,,False,False,False,False,stop,106,116,"```json
{
  ""v14"": {
    ""위반여부"": 1,
    ""근거문구"": ""「중소기업기본법」제2조에 따른 중‧소기업 또는「소상공인 보호 및 지원에 관한 법률」제2조에 따른 소상공인으로서「중소기업 범위 및 확인에 관한 규정」에 따라 발급된 중기업 또는 소기업․소상공인확인서를 소지한 업체""
  }
}
```"
CJH,PPS-DEV-12,v14,0,False,True,,invalid_json:Expecting value: line 1 column 1 (char 0),invalid,,null,,,False,False,False,False,stop,106,301,"```json
{
  ""violation_status"": 0,
  ""evidence_text"": ""46,공공안전및치안장비,461916,화재진압장비,4619160102,소방선""
}
```

**[판정 근거 설명]**
1. **구매 대상 식별**: 공고의 세부품명은 '소방용헤드[4619168401]'이며, 이는 제공된 [경쟁제품 목록 발췌] 자료의 '화재진압장비(461916)' 범주에 속하는 **경쟁제품**입니다.
2. **고시금액 확인**: 적용 계약법이 '지방계약법'이며, 고시금액(물품 및 용역)은 2억 3천만 원입니다.
3. **입찰추정가격 비교**: meta의 입찰추정가격은 28,532,727원으로, 고시금액(2억 3천만 원) 미만입니다.
4. **결론**: 입찰추정가격이 고시금액 미만이므로, 판정 기준에 따라 **정상(0)**으로 판정합니다. (경쟁제품인 경우도 정상 조건에 해당함)"
CJH,PPS-DEV-13,v14,0,False,False,complete_code_fence,wrong_keys,invalid,,null,,,False,False,False,False,stop,106,88,"```json
{
  ""v14"": {
    ""위반여부"": 1,
    ""근거문구"": ""가.「중소기업기본법」 제2조에 따른 중소기업자로서 「중소기업 범위 및 확인에 관한 규정」에 따라 발급된 중소기업확인서를 소지한 업체""
  }
}
```"
CJH,PPS-DEV-14,v14,0,False,False,complete_code_fence,wrong_keys,invalid,,null,,,False,False,False,False,stop,106,24,"```json
{
  ""violation"": 0,
  ""evidence"": null
}
```"
CJH,PPS-DEV-15,v14,0,False,True,,invalid_json:Expecting value: line 1 column 1 (char 0),invalid,,null,,,False,False,False,False,stop,106,339,"```json
{
  ""v14"": {
    ""위반여부"": 0,
    ""근거문구"": ""「중소기업제품 구매촉진 및 판로지원에 관한 법률 시행령」 제2조의2 제1항 제2호에 따라 추정가격이 1억원 미만인 물품의 경우 중소기업자 간 제한경쟁입찰을 실시하며, 본 공고의 입찰추정가격은 33,409,091원으로 고시금액(2억 3천만 원) 미만입니다.""
  }
}
```

**판정 근리:**
1. **구매 대상 식별:** 과일류(세부품명번호 5030990101) 구매 건으로, 이는 일반 물품에 해당합니다.
2. **고시금액 확인:** 적용 계약법이 '국가계약법' 계열(지방계약법 준용)이며, 공고일 기준 물품 및 용역의 고시금액은 2억 3천만 원입니다.
3. **입찰추정가격 비교:** meta의 입찰추정가격은 33,409,091원이며, 이는 고시금액(2억 3천만 원) 미만입니다.
4. **결론:** 입찰추정가격이 고시금액 미만이므로, 중소기업 제한을 하더라도 위반이 아닌 정상(0)으로 판정합니다."
CJH,PPS-DEV-16,v14,0,False,True,,invalid_json:Expecting value: line 1 column 1 (char 0),invalid,,null,,,False,False,False,False,stop,106,224,"```json
{
  ""v14"": {
    ""위반여부"": 0,
    ""근거문구"": null
  }
}
```

**[판정 근거 요약]**
1. **구매 대상 식별**: 본 공고의 대상은 '통학차량 임차용역'이며, 세부품명번호는 `7811189902`(통학운송서비스)입니다.
2. **경쟁제품 여부 확인**: [참고자료: 경쟁제품 목록 발췌]에 따르면, 세부품명번호 `7811189902`는 경쟁제품 목록에 포함되어 있습니다.
3. **판정 결과**: 판정 규칙에 따라, 대상이 **경쟁제품인 경우**는 '정상(0)'으로 판정합니다. (입찰추정가격이 고시금액인 2억 3천만 원 미만이더라도, 경쟁제품에 해당하므로 0입니다.)"
CJH,PPS-DEV-17,v14,1,False,False,complete_code_fence,wrong_keys,invalid,,null,,,False,False,False,False,stop,106,95,"```json
{
  ""v14"": {
    ""위반여부"": 1,
    ""근거문구"": ""「중소기업기본법」제2조에 따른 중소기업자 또는 「소상공인 보호 및 지원에 관한 법률」제2조에 따른 소상공인으로서 중소기업확인서를 소지한 업체이어야 합니다.""
  }
}
```"
CJH,PPS-DEV-18,v14,0,False,False,complete_code_fence,wrong_keys,invalid,,null,,,False,False,False,False,stop,106,221,"```json
{
  ""v14"": {
    ""위반여부"": 1,
    ""근거문구"": ""다. 「액화석유가스 판매사업(자동차에 고정된 탱크로 충전 가능한 업체)」 또는 「액화석유가스 충전사업」 허가를 받은 업체로서 액화석유가스의 안전관리 사업법 제57조에 따라 ‘가스사고배상책임보험’에 가입한 업체이어야 하고, 「고압가스 안전관리법」 제5조의4에 따라 ‘고압가스 운반자’ 등록을 필한 업체\n라. 「중소기업제품 구매촉진 및 판로지원에 관한 법률 시행령」제2조의2 제1항 규정에 따른 소기업으로서 ‘중·소기업·소상공인 및 장애인 기업 확인 요령’에 따라 발급된 소기업 또는 소상공인 확인서를 소지한 자""
  }
}
```"
CJH,PPS-DEV-19,v14,0,False,False,complete_code_fence,wrong_keys,invalid,,null,,,False,False,False,False,stop,106,40,"```json
{
  ""v14"": {
    ""위반여부"": 0,
    ""근거문구"": null
  }
}
```"
CJH,PPS-DEV-20,v14,0,False,False,complete_code_fence,wrong_keys,invalid,,null,,,False,False,False,False,stop,106,40,"```json
{
  ""v14"": {
    ""위반여부"": 0,
    ""근거문구"": null
  }
}
```"
CJH,PPS-DEV-21,v14,0,False,False,complete_code_fence,wrong_keys,invalid,,null,,,False,False,False,False,stop,106,40,"```json
{
  ""v14"": {
    ""위반여부"": 0,
    ""근거문구"": null
  }
}
```"
CJH,PPS-DEV-22,v14,0,False,False,complete_code_fence,wrong_keys,invalid,,null,,,False,False,False,False,stop,106,137,"```json
{
  ""violation"": 0,
  ""reason"": ""입찰참가자격 중 '성인용저귀(세부품명번호 10자리: 5310230601) 물품을 등록한 업체'를 요구하고 있으나, 해당 품목은 경쟁제품 목록에 포함된 제품이 아니며, 입찰추정가격(72,727,273원)이 고시금액(230,000,000원) 미만이므로 중소기업 제한 대상이 아님""
}
```"
CJH,PPS-DEV-23,v14,0,False,False,complete_code_fence,wrong_keys,invalid,,null,,,False,False,False,False,stop,106,134,"```json
{
  ""v14"": {
    ""위반여부"": 0,
    ""근거문구"": ""본 입찰은 중기간경쟁제품인 드론을 요구하지만, 수요기관의 특별한 사정으로 인하여 사업에서 요구되는 규격이 특정한 기술을 필요로 하므로 ｢중소기업제품 구매촉진 및 판로지원에 관한 법률 시행령｣ 제7조제1항제4호 규정을 적용하여 직접생산확인품목에서 제외하고 일반물품으로 입찰공고합니다.""
  }
}
```"
CJH,PPS-DEV-24,v14,0,False,False,complete_code_fence,wrong_keys,invalid,,null,,,False,False,False,False,stop,106,117,"```json
{
  ""v14"": {
    ""위반여부"": 1,
    ""근거문구"": ""4) 「중소기업기본법」 제2조에 따른 중·소기업 또는 「소상공인 보호 및 지원에 관한 법률」 제2조에 따른 소상공인으로서 「중소기업 범위 및 확인에 관한 규정」에 따라 발급된 중·소기업·소상공인확인서를 소지한 자""
  }
}
```"
CJH,PPS-DEV-25,v14,0,False,False,complete_code_fence,wrong_keys,invalid,,null,,,False,False,False,False,stop,106,40,"```json
{
  ""v14"": {
    ""위반여부"": 0,
    ""근거문구"": null
  }
}
```"
CJH,PPS-DEV-26,v14,0,False,False,complete_code_fence,wrong_keys,invalid,,null,,,False,False,False,False,stop,106,38,"```json
{
  ""violation"": 0,
  ""reason"": ""입찰추정가격이 고시금액 미만임""
}
```"
CJH,PPS-DEV-28,v14,0,False,False,complete_code_fence,wrong_keys,invalid,,null,,,False,False,False,False,stop,106,40,"```json
{
  ""v14"": {
    ""위반여부"": 0,
    ""근거문구"": null
  }
}
```"
CJH,PPS-DEV-29,v14,0,False,False,complete_code_fence,wrong_keys,invalid,,null,,,False,False,False,False,stop,106,40,"```json
{
  ""v14"": {
    ""위반여부"": 0,
    ""근거문구"": null
  }
}
```"
CJH,PPS-DEV-30,v14,0,False,False,complete_code_fence,wrong_keys,invalid,,null,,,False,False,False,False,stop,106,28,"```json
{
  ""violation_status"": 0,
  ""evidence_text"": null
}
```"
CJH,PPS-DEV-31,v14,0,False,False,complete_code_fence,wrong_keys,invalid,,null,,,False,False,False,False,stop,106,35,"```json
{
  ""v14"": {
    ""violation"": 0,
    ""reason"": null
  }
}
```"
CJH,PPS-DEV-32,v14,0,False,False,complete_code_fence,wrong_keys,invalid,,null,,,False,False,False,False,stop,106,40,"```json
{
  ""v14"": {
    ""위반여부"": 0,
    ""근거문구"": null
  }
}
```"
CJH,PPS-DEV-033,v14,0,False,True,,invalid_json:Expecting value: line 1 column 1 (char 0),invalid,,null,,,False,False,False,False,stop,106,280,"```json
{
  ""v14"": {
    ""위반여부"": 0,
    ""근거문구"": null
  }
}
```

**판정 근거 설명 (내부 검토용):**
1. **구매 대상 식별**: 세부품명번호 `4220171201` (초음파영상진단장치)는 제공된 [경쟁제품 목록 발췌]에 포함되어 있지 않은 일반 물품입니다.
2. **고시금액 확인**: 공고일(2026-04-29) 기준, 적용 계약법은 '국가계약법'이며, 재정경제부장관이 정하는 고시금액(물품 및 용역)은 **2억 3천만 원**입니다.
3. **입찰추정가격 비교**: meta의 입찰추정가격은 **59,090,909원**입니다.
4. **판정**: 입찰추정가격(약 5.9천만 원)이 고시금액(2.3억 원) 미만이므로, '고시금액 미만인 경우'에 해당하여 **정상(0)**으로 판정합니다."
CJH,PPS-DEV-034,v14,0,False,False,complete_code_fence,wrong_keys,invalid,,null,,,False,False,False,False,stop,106,28,"```json
{
  ""violation_status"": 0,
  ""evidence_text"": null
}
```"
CJH,PPS-DEV-035,v14,0,False,True,,invalid_json:Expecting value: line 1 column 1 (char 0),invalid,,null,,,False,False,False,False,stop,106,268,"```json
{
  ""v14"": {
    ""위반여부"": 0,
    ""근거문구"": null
  }
}
```

**[판정 근거 요약]**
1. **구매 대상 식별**: 공고의 세부품명번호는 `5510151001(서적)`이며, 이는 [경쟁제품 목록]에 포함되어 있지 않은 **일반제품**입니다.
2. **고시금액 확인**: 적용 계약법(국가계약법) 및 공고일(2026.02.25) 기준, 재정경제부장관이 정하는 물품 및 용역의 고시금액은 **2억 3천만 원**입니다.
3. **입찰추정가격 비교**: meta의 입찰추정가격은 **60,000,000원(6천만 원)**으로, 고시금액(2억 3천만 원) 미만입니다.
4. **결론**: 입찰추정가격이 고시금액 미만이므로, 중소기업 제한을 하더라도 위반에 해당하지 않습니다 (정상)."
CJH,PPS-DEV-036,v14,0,False,False,complete_code_fence,wrong_keys,invalid,,null,,,False,False,False,False,stop,106,30,"```json
{
  ""violation"": 0,
  ""reason"": ""경쟁제품인 경우""
}
```"
CJH,PPS-DEV-037,v14,0,False,False,complete_code_fence,wrong_keys,invalid,,null,,,False,False,False,False,stop,106,28,"```json
{
  ""violation_status"": 0,
  ""evidence_text"": null
}
```"
CJH,PPS-DEV-038,v14,0,False,False,complete_code_fence,wrong_keys,invalid,,null,,,False,False,False,False,stop,106,40,"```json
{
  ""v14"": {
    ""위반여부"": 0,
    ""근거문구"": null
  }
}
```"
CJH,PPS-DEV-039,v14,0,False,False,complete_code_fence,wrong_keys,invalid,,null,,,False,False,False,False,stop,106,75,"```json
{
  ""violation"": 0,
  ""reason"": ""입찰추정가격(63,636,364원)이 재정경제부장관이 정하여 고시하는 금액(물품 및 용역 2억 3천만 원) 미만임""
}
```"
CJH,PPS-DEV-040,v14,0,False,False,complete_code_fence,wrong_keys,invalid,,null,,,False,False,False,False,stop,106,40,"```json
{
  ""v14"": {
    ""위반여부"": 0,
    ""근거문구"": null
  }
}
```"
CJH,PPS-DEV-041,v14,0,False,False,complete_code_fence,wrong_keys,invalid,,null,,,False,False,False,False,stop,106,40,"```json
{
  ""v14"": {
    ""위반여부"": 0,
    ""근거문구"": null
  }
}
```"
CJH,PPS-DEV-042,v14,0,False,False,complete_code_fence,wrong_keys,invalid,,null,,,False,False,False,False,stop,106,28,"```json
{
  ""violation_status"": 0,
  ""evidence_text"": null
}
```"
CJH,PPS-DEV-043,v14,0,False,False,complete_code_fence,wrong_keys,invalid,,null,,,False,False,False,False,stop,106,40,"```json
{
  ""v14"": {
    ""위반여부"": 0,
    ""근거문구"": null
  }
}
```"
CJH,PPS-DEV-044,v14,0,False,False,complete_code_fence,wrong_keys,invalid,,null,,,False,False,False,False,stop,106,24,"```json
{
  ""violation"": 0,
  ""reason"": null
}
```"
CJH,PPS-DEV-045,v14,1,False,False,complete_code_fence,wrong_keys,invalid,,null,,,False,False,False,False,stop,106,137,"```json
{
  ""v14"": {
    ""위반여부"": 1,
    ""근거문구"": ""③ 다음 중 아래의 어느 하나에 해당하는 자\n- 「중소기업기본법」 제2조에 따른 중소기업 또는 「소상공인 보호 및 지원에 관한 법률」 제2조에 따른 소상공인으로서 「중소기업 범위 및 확인에 관한 규정(중소벤처기업부 고시)」 에 따라 발급된 ‘중소기업·소상공인 확인서’를 소지한 자""
  }
}
```"
CJH,PPS-DEV-046,v14,0,False,False,complete_code_fence,wrong_keys,invalid,,null,,,False,False,False,False,stop,106,71,"```json
{
  ""v14"": {
    ""violation"": 0,
    ""reason"": ""본 입찰은 중․소기업․소상공인 제한, 중기간 경쟁제품으로 계약이행능력심사(적격심사)대상입니다.""
  }
}
```"
CJH,PPS-DEV-047,v14,1,False,False,complete_code_fence,wrong_keys,invalid,,null,,,False,False,False,False,stop,106,40,"```json
{
  ""v14"": {
    ""위반여부"": 0,
    ""근거문구"": null
  }
}
```"
CJH,PPS-DEV-048,v14,0,False,False,complete_code_fence,wrong_keys,invalid,,null,,,False,False,False,False,stop,106,128,"```json
{
  ""v14"": {
    ""위반여부"": 1,
    ""근거문구"": ""「중소기업기본법」제2조에 따른 중·소기업자 또는 「소상공인 보호 및 지원에 관한 법률」 제2조에 따른 소상공인으로서 「중소기업 범위 및 확인에 관한 규정」에 따라 발급된 중ㆍ소기업 또는 소상 공인확인서를 소지한 업체로 다음 각 호의 자격을 모두 갖추어야 함.""
  }
}
```"
CJH,PPS-DEV-049,v14,1,False,False,complete_code_fence,wrong_keys,invalid,,null,,,False,False,False,False,stop,106,122,"```json
{
  ""v14"": {
    ""위반여부"": 1,
    ""근거문구"": ""다. 「중소기업기본법」 제2조에 따른 중기업, 소기업 또는 「소상공인 보호 및 지원에 관한 법률」 제2호에 따른 소상공인으로서, 「중소기업 범위 및 확인에 관한 규정」에 따라 발급된 중기업, 소기업, 소상공인 확인서를 소지한자 이어야 합니다.""
  }
}
```"
CJH,PPS-DEV-051,v14,1,False,False,complete_code_fence,wrong_keys,invalid,,null,,,False,False,False,False,stop,106,160,"```json
{
  ""v14"": {
    ""위반여부"": 1,
    ""근거문구"": ""⑦ 『중소기업제품 구매촉진 및 판로지원에 관한 법률』 제4조, 같은 법 시행령 제2조의2 및 『소상공인 보호 및 지원에 관한 법률』 제2조에 따른 중, 소기업 또는 소상공인으로서 ｢중소기업․소상공인 및 장애인기업 확인요령｣에 따라 발급된 중소기업․ 소상공인확인서 (입찰 마감일 전일까지 발급된 것으로 유효기간 내에 있어야 함)를 소지한 업체""
  }
}
```"
CJH,PPS-DEV-052,v14,1,False,False,complete_code_fence,wrong_keys,invalid,,null,,,False,False,False,False,stop,106,30,"```json
{
  ""violation"": 0,
  ""reason"": ""경쟁제품인 경우""
}
```"
CJH,PPS-DEV-053,v14,0,False,True,,invalid_json:Expecting value: line 1 column 1 (char 0),invalid,,null,,,False,False,False,False,stop,106,374,"```json
{
  ""v14"": {
    ""위반여부"": 0,
    ""근거문구"": null
  }
}
```

**판정 근거 설명 (참고용):**
1. **구매 대상 식별**: 공고의 품명은 '농림수산연구조사서비스'이며, 세부 품명은 '기타행사기획및대행서비스(8014199001)' 또는 '전시회기획및대행서비스(8014198801)'와 관련이 있습니다.
2. **경쟁제품 여부 확인**: 제공된 [경쟁제품 목록 발췌] 자료를 확인한 결과, '기타행사기획및대행서비스(8014199001)'는 특이사항에 **""추정가격 10억원 미만에 한함""**이라는 조건이 명시되어 있습니다. 이는 해당 제품이 경쟁제품(또는 특정 조건이 붙은 제품)임을 나타냅니다.
3. **고시금액 비교**: 국가계약법 적용 시 물품/용역의 고시금액(재정경제부장관이 정하는 금액)은 2억 3천만 원입니다. 본 공고의 입찰추정가격은 22,690,000원으로, 고시금액(2.3억) 미만입니다.
4. **결론**: 판정 질문의 조건 중 '입찰추정가격이 해당 고시금액 이상'이라는 조건을 만족하지 못하며, 경쟁제품 관련 특이사항이 존재하므로 정상(0)으로 판정합니다."
CJH,PPS-DEV-054,v14,1,False,False,complete_code_fence,wrong_keys,invalid,,null,,,False,False,False,False,stop,106,133,"```json
{
  ""v14"": {
    ""위반여부"": 1,
    ""근거문구"": ""라. 「중소기업기본법」제2조에 따른 중·소기업자 및「소상공인 보호 및 지원에 관한 법률」제2조에 따른 소상공인으로서「중소기업 범위 및 확인에 관한 규정」에 따라 발급된 중·소기업·소상공인 확인서(입찰마감 전일까지 발급 및 유효기간 내)를 소지한 자""
  }
}
```"
CJH,PPS-DEV-055,v14,0,False,False,complete_code_fence,wrong_keys,invalid,,null,,,False,False,False,False,stop,106,40,"```json
{
  ""v14"": {
    ""위반여부"": 0,
    ""근거문구"": null
  }
}
```"
CJH,PPS-DEV-056,v14,0,False,False,complete_code_fence,wrong_keys,invalid,,null,,,False,False,False,False,stop,106,40,"```json
{
  ""v14"": {
    ""위반여부"": 0,
    ""근거문구"": null
  }
}
```"
CJH,PPS-DEV-057,v14,1,False,True,,non_stop_finish,invalid,,null,,,False,False,False,False,length,,512,"```json
{
  ""v14"": {
    ""위반여부"": 0,
    ""근거문구"": null
  }
}
```

**[판정 근거 요약]**
1. **구매 대상 식별**: 공고의 품명은 '인쇄회로기판 코팅머신'이며, 세부품명번호는 `2315150201`입니다.
2. **경쟁제품 여부 확인**: 제공된 [경쟁제품 목록 발췌] 자료를 확인한 결과, 해당 세부품명번호(`2315150201`)는 목록에 포함되어 있지 않습니다. 따라서 이 제품은 **일반제품(물품)**으로 분류됩니다.
3. **고시금액 비교**: 
   - 적용 계약법: 국가계약법
   - 고시금액(물품/용역): 2억 3천만 원 (재정경제부장관이 정하는 고시금액)
   - meta의 입찰추정가격: 272,727,273원
   - 결과: 입찰추정가격이 고시금액(2.3억)보다 높습니다.
4. **중소기업 제한 여부**: 입찰참가자격 '다'항에서 ""중·소기업 또는 소상공인으로서... 중·소기업·소상공인확인서를 소지한 업체일 것""이라고 명시하여 중소기업 제한을 하고 있습니다.
5. **최종 판정**: 위 항목의 '정상(0)' 조건 중 **""경쟁제품인 경우""**에 해당하지 않으나, 본 제품이 경쟁제품 목록에 명시되어 있지 않으므로 일반제품입니다. 그러나 판정 로직상 이 제품이 '경쟁제품'인지 여부를 판단할 때, 제공된 [경쟁제품 목록]에 해당 품목이 없으므로 일반제품으로 간주됩니다. 
*수정 판단*: 위 로직에 따라 입찰추정가격(2.72억)이 고시금액(2.3억) 이상이고 중소기업 제한을 하고 있으나, 해당 제품이 **경쟁제품 목록에 존재하지 않으므로** (즉, 일반제품이므로) 위반 조건에 해당"
CJH,PPS-DEV-058,v14,0,False,True,,invalid_json:Expecting value: line 1 column 1 (char 0),invalid,,null,,,False,False,False,False,stop,106,310,"```json
{
  ""v14"": {
    ""위반여부"": 0,
    ""근거문구"": null
  }
}
```

**[판정 근거 요약]**
1. **구매 대상 식별**: 본 공고의 대상은 '담수생물표본 확보 사업'으로, 과업내용상 '국내 담수식물 표본 확보'를 목적으로 하는 용역입니다.
2. **경쟁제품 여부 확인**: 제공된 [참고자료: 경쟁제품 목록 발췌]를 확인한 결과, 해당 품목(식물 표본/생물 자원 관련)은 경쟁제품 목록에 포함되어 있지 않은 일반 제품(용역)으로 판단됩니다.
3. **고시금액 비교**: 
   - 적용 계약법: 국가계약법
   - 고시금액(물품 및 용역): 2억 3천만 원 (재정경제부장관 고시 기준)
   - 입찰추정가격(meta): 172,727,273원
4. **판정**: 입찰추정가격(약 1.72억 원)이 고시금액(2.3억 원) 미만이므로, '고시금액 미만인 경우'에 해당하여 위반이 아닌 **정상(0)**으로 판정합니다."
CJH,PPS-DEV-059,v14,0,False,True,,invalid_json:Expecting value: line 1 column 1 (char 0),invalid,,null,,,False,False,False,False,stop,106,370,"```json
{
  ""v14"": {
    ""위반여부"": 0,
    ""근거문구"": null
  }
}
```

**[판정 근거 설명]**
1. **구매 대상 식별**: 본 공고의 대상은 '통근버스 운영 위탁 용역'입니다.
2. **경쟁제품 여부 확인**: 제공된 [경쟁제품 목록]을 확인한 결과, '버스승강장' 등은 있으나 본 용역의 대상인 '통근버스 운영 용역'에 해당하는 세부품명번호(예: 811516, 811517 등)가 목록에 존재하지 않으며, 본 용역은 일반적인 용역 서비스에 해당합니다.
3. **고시금액 비교**: 
   - 적용 계약법: 지방계약법 (지방자치단체를 당사자로 하는 계약에 관한 법률 시행령 적용)
   - 고시금액 기준: [재정경제부장관이 정하여 고시하는 금액]에 따라 물품 및 용역의 경우 **2억 3천만 원**입니다.
   - meta의 입찰추정가격: **83,454,545원**
4. **판정**: 입찰추정가격(약 8,345만 원)이 고시금액(2억 3천만 원) 미만이므로, '고시금액 이상 일반물품의 중소기업 제한' 항목의 위반 조건(추정가격이 고시금액 이상)을 충족하지 않습니다. 따라서 정상(0)으로 판정합니다."
CJH,PPS-DEV-060,v14,0,False,False,complete_code_fence,wrong_keys,invalid,,null,,,False,False,False,False,stop,106,40,"```json
{
  ""v14"": {
    ""위반여부"": 0,
    ""근거문구"": null
  }
}
```"
CJH,PPS-DEV-061,v14,0,False,False,complete_code_fence,wrong_keys,invalid,,null,,,False,False,False,False,stop,106,40,"```json
{
  ""v14"": {
    ""위반여부"": 0,
    ""근거문구"": null
  }
}
```"
CJH,PPS-DEV-062,v14,0,False,False,complete_code_fence,wrong_keys,invalid,,null,,,False,False,False,False,stop,106,40,"```json
{
  ""v14"": {
    ""위반여부"": 0,
    ""근거문구"": null
  }
}
```"
CJH,PPS-DEV-064,v14,0,False,False,complete_code_fence,wrong_keys,invalid,,null,,,False,False,False,False,stop,106,40,"```json
{
  ""v14"": {
    ""위반여부"": 0,
    ""근거문구"": null
  }
}
```"
CJH,PPS-DEV-065,v14,0,False,True,,invalid_json:Expecting value: line 1 column 1 (char 0),invalid,,null,,,False,False,False,False,stop,106,281,"```json
{
  ""v14"": {
    ""위반여부"": 0,
    ""근거문구"": null
  }
}
```

**판정 근거 요약:**
1. **구매 대상 식별**: 본 공고의 건명은 '26년 축산 ICT 융복합 확산사업 참여 장비등록 운영용역'으로, 일반적인 용역(서비스)에 해당합니다.
2. **고시금액 확인**: 적용계약법(국가계약법) 및 공고일(2026.03.04) 기준, 재정경제부장관이 고시하는 물품 및 용역의 고시금액은 **2억 3천만 원**입니다.
3. **입찰추정가격 비교**: meta의 입찰추정가격은 **135,000,000원(1억 3,500만 원)**입니다.
4. **판정**: 입찰추정가격(1.35억)이 고시금액(2.3억) 미만이므로, '고시금액 이상 일반물품의 중소기업 제한' 위반 조건에 해당하지 않습니다. (정상 = 0)"
CJH,PPS-DEV-066,v14,0,False,False,complete_code_fence,wrong_keys,invalid,,null,,,False,False,False,False,stop,106,67,"```json
{
  ""v14"": {
    ""위반여부"": 1,
    ""근거문구"": ""조항호내용\"":\""[판로지원법 시행령] 중기업,소기업,소상공인 제한\""""
  }
}
```"
CJH,PPS-DEV-067,v14,0,False,False,complete_code_fence,wrong_keys,invalid,,null,,,False,False,False,False,stop,106,40,"```json
{
  ""v14"": {
    ""위반여부"": 0,
    ""근거문구"": null
  }
}
```"
CJH,PPS-DEV-068,v14,0,False,True,,invalid_json:Expecting value: line 1 column 1 (char 0),invalid,,null,,,False,False,False,False,stop,106,263,"```json
{
  ""v14"": {
    ""위반여부"": 0,
    ""근거문구"": null
  }
}
```

**[판정 근거 설명]**
1. **구매 대상 식별**: 본 공고의 사업명은 '2026학년도 ○○대학 학습분석시스템(○○○) 유지보수'이며, 세부품명번호 목록(경쟁제품 목록) 확인 결과 '정보시스템개발서비스(8111159901)'에 해당합니다.
2. **경쟁제품 여부**: 해당 품목은 경쟁제품 목록에 포함되어 있으며, 특이사항에 '소프트웨어 진흥법 제48조 적용'이 명시되어 있습니다. 판정 가이드라인에 따라 경쟁제품인 경우 '정상(0)'으로 판정합니다.
3. **금액 비교**: 입찰추정가격(26,418,182원)은 재정경제부장관이 고시하는 물품 및 용역의 고시금액(2억 3천만 원) 미만입니다. (고시금액 미만인 경우 정상)"
CJH,PPS-DEV-069,v14,0,False,False,complete_code_fence,wrong_keys,invalid,,null,,,False,False,False,False,stop,106,40,"```json
{
  ""v14"": {
    ""위반여부"": 0,
    ""근거문구"": null
  }
}
```"
CJH,PPS-DEV-070,v14,0,False,False,complete_code_fence,wrong_keys,invalid,,null,,,False,False,False,False,stop,106,40,"```json
{
  ""v14"": {
    ""위반여부"": 0,
    ""근거문구"": null
  }
}
```"
CJH,PPS-DEV-071,v14,0,False,False,complete_code_fence,wrong_keys,invalid,,null,,,False,False,False,False,stop,106,114,"```json
{
  ""v14"": {
    ""위반여부"": 1,
    ""근거문구"": ""「중소기업기본법」 제2조에 따른 중·소기업자 또는 「소상공인 보호 및 지원에 관한 법률」 제2조에 따른 소상공인으로서 중·소기업 범위 및 확인에 관한 규정에 따라 발급된 중·소기업 또는 소상공인확인서를 소지한 업체""
  }
}
```"
CJH,PPS-DEV-072,v14,0,False,False,complete_code_fence,wrong_keys,invalid,,null,,,False,False,False,False,stop,106,40,"```json
{
  ""v14"": {
    ""위반여부"": 0,
    ""근거문구"": null
  }
}
```"
CJH,PPS-DEV-073,v14,0,False,False,complete_code_fence,wrong_keys,invalid,,null,,,False,False,False,False,stop,106,40,"```json
{
  ""v14"": {
    ""위반여부"": 0,
    ""근거문구"": null
  }
}
```"
CJH,PPS-DEV-074,v14,0,False,True,,invalid_json:Expecting value: line 1 column 1 (char 0),invalid,,null,,,False,False,False,False,stop,106,285,"```json
{
  ""v14"": {
    ""위반여부"": 0,
    ""근거문구"": null
  }
}
```

**[판정 근거 요약]**
1. **구매 대상 식별**: 본 공고의 용역명은 '2026학년도 [수요기관(대학)] 전공자율선택제 전공박람회 운영 위탁용역'이며, 세부품명은 '기타행사기획및대행서비스(세부품명번호: 8014199001)'입니다.
2. **경쟁제품 여부 확인**: 제공된 [참고자료: 경쟁제품 목록 발췌]에 따르면, 세부품명번호 `8014199001`(기타행사기획및대행서비스)은 **'경쟁제품'** 목록에 포함되어 있습니다.
3. **판정 결과**: 판정 기준에 따라 구매 대상이 **경쟁제품인 경우**는 '정상(0)'으로 분류됩니다. (입찰추정가격 63,636,364원이 고시금액인 2억 3천만 원 미만인 점도 정상 사유에 해당함)"
CJH,PPS-DEV-075,v14,0,False,False,complete_code_fence,wrong_keys,invalid,,null,,,False,False,False,False,stop,106,40,"```json
{
  ""v14"": {
    ""위반여부"": 0,
    ""근거문구"": null
  }
}
```"
CJH,PPS-DEV-076,v14,0,False,False,complete_code_fence,wrong_keys,invalid,,null,,,False,False,False,False,stop,106,28,"```json
{
  ""violation_status"": 0,
  ""evidence_text"": null
}
```"
CJH,PPS-DEV-077,v14,0,False,False,complete_code_fence,wrong_keys,invalid,,null,,,False,False,False,False,stop,106,126,"```json
{
  ""v14"": {
    ""위반여부"": 1,
    ""근거문구"": ""「중소기업제품 구매촉진 및 판로지원에 관한 법률」에 의한 중소기업으로서, 소기업 ․ 소상공인확인서(중소기업현황 정보시스템 발급 또는 지방중소기업청 발급)를 소지한 업체이면서, 기타행사기획 및 대행서비스 부문의 직접생산확인증명서를 소지한 업체.""
  }
}
```"
CJH,PPS-DEV-078,v14,0,False,False,complete_code_fence,wrong_keys,invalid,,null,,,False,False,False,False,stop,106,120,"```json
{
  ""violation_status"": 0,
  ""evidence_text"": ""다. 「중소기업기본법」제2조에 따른 소기업자 또는「소상공인 보호 및 지원에 관한 법률」제2조에 따른 소상공인으로서「중소기업 범위 및 확인에 관한 규정」에 따라 발급된 소기업·소상공인 확인서(계약체결일까지 발급된 것으로 유효기간 내에 있어야 함)를 소지한 업체""
}
```"
CJH,PPS-DEV-079,v14,0,False,False,complete_code_fence,wrong_keys,invalid,,null,,,False,False,False,False,stop,106,175,"```json
{
  ""v14"": {
    ""위반여부"": 1,
    ""근거문구"": ""3. 「국가종합전자조달시스템 입찰참가자격 등록규정」에 따라 전자입찰서 제출 마감일 전일까지 식품판매업(업종코드: 5210)으로 입찰참가자격을 등록한 자\n6) 「중소기업기본법」제2조에 따른 소기업자 및 「소상공인 보호 및 지원에 관한 법률」제2조에 따른 소상공인으로서 「중소기업 범위 및 확인에 관한 규정」에 따라 발급된 <소기업 또는 소상공인 확인서>를 소지한 업체""
  }
}
```"
CJH,PPS-DEV-080,v14,0,False,False,complete_code_fence,wrong_keys,invalid,,null,,,False,False,False,False,stop,106,40,"```json
{
  ""v14"": {
    ""위반여부"": 0,
    ""근거문구"": null
  }
}
```"
CJH,PPS-DEV-081,v14,0,False,False,complete_code_fence,wrong_keys,invalid,,null,,,False,False,False,False,stop,106,40,"```json
{
  ""v14"": {
    ""위반여부"": 0,
    ""근거문구"": null
  }
}
```"
CJH,PPS-DEV-082,v14,0,False,False,complete_code_fence,wrong_keys,invalid,,null,,,False,False,False,False,stop,106,40,"```json
{
  ""v14"": {
    ""위반여부"": 0,
    ""근거문구"": null
  }
}
```"
CJH,PPS-DEV-083,v14,0,False,False,complete_code_fence,wrong_keys,invalid,,null,,,False,False,False,False,stop,106,40,"```json
{
  ""v14"": {
    ""위반여부"": 0,
    ""근거문구"": null
  }
}
```"
CJH,PPS-DEV-084,v14,0,False,False,complete_code_fence,wrong_keys,invalid,,null,,,False,False,False,False,stop,106,40,"```json
{
  ""v14"": {
    ""위반여부"": 0,
    ""근거문구"": null
  }
}
```"
CJH,PPS-DEV-085,v14,0,False,False,complete_code_fence,wrong_keys,invalid,,null,,,False,False,False,False,stop,106,40,"```json
{
  ""v14"": {
    ""위반여부"": 0,
    ""근거문구"": null
  }
}
```"
CJH,PPS-DEV-086,v14,0,False,True,,invalid_json:Expecting value: line 1 column 1 (char 0),invalid,,null,,,False,False,False,False,stop,106,487,"```json
{
  ""v14"": {
    ""위반여부"": 0,
    ""근거문구"": ""가. 「국가종합전자조달시스템 입찰참가자격등록규정」에 의하여 국가종합전자조달시스템(나라장터)에 전자견적서 제출 마감일 전일까지 컴퓨터서버(세부품명번호 10자리: 4321150102)를 제조 물품으로 참가 등록한 자\n나. 「중소기업제품 구매촉진 및 판로지원에 관한 법률」 제9조 및 같은 법 시행령 제10조에 따른 직접생산확인증명서[컴퓨터서버(세부품명번호 10자리: 4321150102)]를 보유한 업체로, 입찰 마감일 전일까지 발급받은 것으로 유효기간 내에 있어야 함\n다. 「중소기업기본법」 제2조에 따른 중소기업자 또는 「소상공인 보호 및 지원에 관한 법률」 제2조에 따른 소상공인으로서 「중소기업 범위 및 확인에 관한 규정」에 따라 발급된 중소기업ㆍ소상공인 확인서를 소지한 자""
  }
}
```

**판정 근거 설명:**
1. **구매 대상 식별:** 공고의 대상은 '컴퓨터서버(세부품명번호: 4321150102)'입니다.
2. **경쟁제품 여부:** 제공된 [참고자료: 경쟁제품 목록 발췌]에 따르면, 세부품명번호 `4321150102`는 '컴퓨터서버'이며, 이는 경쟁제품 목록에 포함되어 있는 **경쟁제품**입니다.
3. **판정 결과:** 판정 기준에 따라 대상이 **경쟁제품인 경우**는 '정상(0)'으로 판정합니다. (입찰추정가격 24,272,727원이 고시금액 230,000,000원 미만이기도 함)"
CJH,PPS-DEV-087,v14,0,False,False,complete_code_fence,wrong_keys,invalid,,null,,,False,False,False,False,stop,106,40,"```json
{
  ""v14"": {
    ""위반여부"": 0,
    ""근거문구"": null
  }
}
```"
CJH,PPS-DEV-088,v14,0,False,False,complete_code_fence,wrong_keys,invalid,,null,,,False,False,False,False,stop,106,40,"```json
{
  ""v14"": {
    ""위반여부"": 0,
    ""근거문구"": null
  }
}
```"
CJH,PPS-DEV-089,v14,0,False,False,complete_code_fence,wrong_keys,invalid,,null,,,False,False,False,False,stop,106,40,"```json
{
  ""v14"": {
    ""위반여부"": 0,
    ""근거문구"": null
  }
}
```"
CJH,PPS-DEV-091,v14,0,False,False,complete_code_fence,wrong_keys,invalid,,null,,,False,False,False,False,stop,106,110,"```json
{
  ""v14"": {
    ""위반여부"": 0,
    ""근거문구"": ""※ 본 사업은 「중소기업제품 구매촉진 및 판로지원에 관한 법률 시행령」 제2조의3 제1항제4호 및 중소기업제품 공공 구매제도 운영요령 제44조에 따라 중소기업자 우선조달계약에 대한 예외 용역입니다.""
  }
}
```"
CJH,PPS-DEV-093,v14,0,False,True,,invalid_json:Expecting value: line 1 column 1 (char 0),invalid,,null,,,False,False,False,False,stop,106,446,"```json
{
  ""v14"": {
    ""위반여부"": 0,
    ""근거문구"": ""다. 「중소기업기본법」제2조에 따른 중소기업자 또는「소상공인 보호 및 지원에 관 한 법률」제2조에 따른 소상공인으로서「중소기업 범위 및 확인에 관한 규정」에 따라 발급된 중·소기업·소상공인 확인서(계약체결일까지 발급된 것으로 유효기간 내에 있어야 함)를 소지한 업체""
  }
}
```

**판정 근거 설명:**
1. **실제 구매 대상 식별:** 공고의 대상은 '2026년 문화예술 연수단원 직무교육'으로, 세부품명번호 8014199001(기타행사기획및대행서비스)에 해당하는 용역입니다.
2. **경쟁제품 여부:** 참고자료의 [경쟁제품 목록 발췌]를 확인하면, 해당 세부품명번호(8014199001)는 경쟁제품 목록에 포함되어 있지 않은 일반 제품(용역)입니다.
3. **고시금액 확인:** 적용계약법은 '국가계약법'이며, 공고일(2026-05-26) 기준 재정경제부장관이 정하는 물품 및 용역의 고시금액은 2억 3천만 원입니다.
4. **입찰추정가격 비교:** meta의 입찰추정가격은 90,000,000원(9천만 원)입니다.
5. **판정:** 입찰추정가격(9천만 원)이 고시금액(2억 3천만 원) 미만이므로, '고시금액 이상 일반물품의 중소기업 제한' 위반에 해당하지 않습니다 (정상 0)."
CJH,PPS-DEV-094,v14,0,False,True,,invalid_json:Expecting value: line 1 column 1 (char 0),invalid,,null,,,False,False,False,False,stop,106,314,"```json
{
  ""v14"": {
    ""위반여부"": 0,
    ""근거문구"": null
  }
}
```

**판정 근거 설명 (참고용):**
1. **실제 구매 대상 식별**: 공고의 품목은 '진단폐활량계[4227160201]'입니다.
2. **경쟁제품 여부 확인**: 제공된 [경쟁제품 목록 발췌] 자료에는 해당 세부품명번호(4227160201)가 포함되어 있지 않습니다. 따라서 이 제품은 '경쟁제품'이 아닌 '일반제품'으로 분류됩니다.
3. **고시금액 확인**: 적용계약법이 '국가계약법'이므로, 관련 고시(재정경제부장관이 정하는 고시금액)에 따라 물품의 경우 고시금액은 **2억 3천만 원**입니다.
4. **입찰추정가격 비교**: meta의 `입찰추정가격`은 **1**입니다.
5. **판정**: 입찰추정가격(1)이 고시금액(230,000,000)보다 현저히 낮으므로, '고시금액 미만인 경우'에 해당하여 **정상(0)**으로 판정합니다."
CJH,PPS-DEV-095,v14,0,False,False,complete_code_fence,wrong_keys,invalid,,null,,,False,False,False,False,stop,106,40,"```json
{
  ""v14"": {
    ""위반여부"": 0,
    ""근거문구"": null
  }
}
```"
CJH,PPS-DEV-096,v14,0,False,False,complete_code_fence,wrong_keys,invalid,,null,,,False,False,False,False,stop,106,24,"```json
{
  ""violation"": 0,
  ""reason"": null
}
```"
CJH,PPS-DEV-097,v14,0,False,False,complete_code_fence,wrong_keys,invalid,,null,,,False,False,False,False,stop,106,40,"```json
{
  ""v14"": {
    ""위반여부"": 0,
    ""근거문구"": null
  }
}
```"
CJH,PPS-DEV-098,v14,0,False,False,complete_code_fence,wrong_keys,invalid,,null,,,False,False,False,False,stop,106,40,"```json
{
  ""v14"": {
    ""위반여부"": 0,
    ""근거문구"": null
  }
}
```"
CJH,PPS-DEV-099,v14,0,False,False,complete_code_fence,wrong_keys,invalid,,null,,,False,False,False,False,stop,106,35,"```json
{
  ""v14"": {
    ""violation"": 0,
    ""reason"": null
  }
}
```"
CJH,PPS-DEV-100,v14,0,False,False,complete_code_fence,wrong_keys,invalid,,null,,,False,False,False,False,stop,106,82,"```json
{
  ""v14"": {
    ""위반여부"": 0,
    ""근거문구"": ""가.『중소기업기본법』 제2조에 따른 중소기업 또는 『소상공인 보호 및 지원에 관한 법률』제2조에 따른 소상공인""
  }
}
```"
CJH,PPS-DEV-101,v14,0,False,False,complete_code_fence,wrong_keys,invalid,,null,,,False,False,False,False,stop,106,116,"```json
{
  ""v14"": {
    ""위반여부"": 0,
    ""근거문구"": ""마. ‘중소기업기본법’ 제2조 제2항에 따른 소기업 또는 ‘소상공인 보호 및 지원에 관한 법률’ 제2조에 따른 소상공인으로서 ‘중소기업 범위 및 확인에 관한 규정’에 따라 발급된 소기업‧소상공인확인서를 소지한 자""
  }
}
```"
CJH,PPS-DEV-102,v14,0,False,True,,invalid_json:Expecting value: line 1 column 1 (char 0),invalid,,null,,,False,False,False,False,stop,106,261,"```json
{
  ""v14"": {
    ""위반여부"": 0,
    ""근거문구"": ""품 명 | 규 격 | 단위 | 수 량 | 납품기한 | 납품장소 (인도조건)\n잡석 | 계 | | 506 | |""
  }
}
```

**판정 근거 설명:**
1. **구매 대상 식별**: 공고의 대상은 '잡석'이며, 세부품명번호는 `1111169701`입니다.
2. **경쟁제품 여부 확인**: [참고자료: 경쟁제품 목록 발췌]에 따르면, 세부품명번호 `1111169701`(잡석)은 '경쟁제품' 목록에 포함되어 있습니다.
3. **판정**: 판정카드 규칙에 따라, 대상이 **경쟁제품인 경우**는 '정상(0)'으로 판정합니다. (입찰추정가격이 고시금액인 2억 3천만 원 미만이므로 고시금액 미만 조건에 의해서도 0이 성립합니다.)"
CJH,PPS-DEV-103,v14,0,False,True,,invalid_json:Expecting value: line 1 column 1 (char 0),invalid,,null,,,False,False,False,False,stop,106,353,"```json
{
  ""v14"": {
    ""위반여부"": 0,
    ""근거문구"": null
  }
}
```

**[판정 근거]**
1. **실제 구매 대상 식별**: 본 공고의 용역은 '디자인 개발·제작·보급' 및 '시설물 디자인 및 설계'를 포함하는 디자인 용역입니다.
2. **경쟁제품 여부 확인**: 제공된 [참고자료: 경쟁제품 목록 발췌]를 확인한 결과, 세부품명번호 `8214150201`(디자인서비스)은 경쟁제품 목록에 포함되어 있지 않습니다. 따라서 본 건은 **일반제품(용역)**에 해당합니다.
3. **고시금액 확인**: 적용 계약법이 '지방계약법'이며, 공고일(2026.05.27) 기준 '국가를 당사자로 하는 계약에 관한 법률 시행령'에 따른 재정경제부장관 고시금액(물품 및 용역)은 **2억 3천만 원**입니다.
4. **입찰추정가격 비교**: meta의 입찰추정가격은 **66,250,909원**입니다.
5. **판정**: 입찰추정가격(약 6,625만 원)이 고시금액(2억 3천만 원) 미만이므로, 중소기업 제한을 하더라도 법령 위반에 해당하지 않는 **정상(0)**입니다."
CJH,PPS-DEV-104,v14,0,False,True,,invalid_json:Expecting value: line 1 column 1 (char 0),invalid,,null,,,False,False,False,False,stop,106,331,"```json
{
  ""v14"": {
    ""위반여부"": 0,
    ""근거문구"": null
  }
}
```

**판정 근거 설명 (참고용):**
1. **구매 대상 식별**: 공고의 구매 대상은 '화살(4918160301)' 및 '양궁활(4918160201)'입니다.
2. **경쟁제품 여부**: 제공된 [참고자료: 경쟁제품 목록 발췌]를 확인한 결과, 해당 세부품명번호들은 경쟁제품 목록에 포함되어 있지 않습니다. 따라서 이 제품들은 '일반제품'에 해당합니다.
3. **고시금액 확인**: 적용 계약법(지방계약법)과 공고일(2026-05-27)을 기준으로 할 때, 재정경제부장관이 정하는 고시금액(물품 및 용역)은 2억 3천만 원입니다.
4. **입찰추정가격 비교**: meta의 입찰추정가격은 24,545,455원입니다.
5. **결론**: 입찰추정가격(약 2,454만원)이 고시금액(2억 3천만원) 미만이므로, '고시금액 이상 일반물품의 중소기업 제한'에 해당하지 않아 정상(0)으로 판정합니다."
CJH,PPS-DEV-105,v14,0,False,False,complete_code_fence,wrong_keys,invalid,,null,,,False,False,False,False,stop,106,40,"```json
{
  ""v14"": {
    ""위반여부"": 0,
    ""근거문구"": null
  }
}
```"
CJH,PPS-DEV-106,v14,0,False,False,complete_code_fence,wrong_keys,invalid,,null,,,False,False,False,False,stop,106,40,"```json
{
  ""v14"": {
    ""위반여부"": 0,
    ""근거문구"": null
  }
}
```"
CJH,PPS-DEV-107,v14,0,False,False,complete_code_fence,wrong_keys,invalid,,null,,,False,False,False,False,stop,106,83,"```json
{
  ""violation_status"": 0,
  ""evidence_text"": ""경쟁제품 목록 발췌: 78,운송과보관및우편관련서비스,781118,도로수송,7811189904,기타도로여객운송서비스,,""
}
```"
CJH,PPS-DEV-108,v14,0,False,False,complete_code_fence,wrong_keys,invalid,,null,,,False,False,False,False,stop,106,111,"```json
{
  ""v14"": {
    ""위반여부"": 0,
    ""근거문구"": ""라. 「중소기업기본법」제2조에 따른 소기업자 또는「소상공인 보호 및 지원에 관한 법률」제2조에 따른 소상공인으로서 중소기업 범위 및 확인에 관한 규정에 따라 발급된 소기업·소상공인확인서를 소지한 자""
  }
}
```"
CJH,PPS-DEV-109,v14,0,False,False,complete_code_fence,wrong_keys,invalid,,null,,,False,False,False,False,stop,106,40,"```json
{
  ""v14"": {
    ""위반여부"": 0,
    ""근거문구"": null
  }
}
```"
CJH,PPS-DEV-110,v14,0,False,True,,invalid_json:Expecting value: line 1 column 1 (char 0),invalid,,null,,,False,False,False,False,stop,106,297,"```json
{
  ""v14"": {
    ""위반여부"": 0,
    ""근거문구"": null
  }
}
```

**판정 근거 설명 (내부 검토용):**
1. **구매 대상 식별**: 세부품명 '범용콤바인(2110170401)'은 [참고자료: 경쟁제품 목록 발췌]에 포함되어 있지 않으므로, 일반제품(물품)으로 분류됩니다.
2. **고시금액 확인**: 적용 계약법이 '지방계약법'이며, 공고일(2026-05-26) 기준 '국가를 당사자로 하는 계약에 관한 법률 등에 관한 재정경제부장관이 정하는 고시금액'은 물품 및 용역의 경우 2억 3천만 원입니다.
3. **입찰추정가격 비교**: meta의 입찰추정가격은 200,000,000원(2억 원)입니다.
4. **판정**: 입찰추정가격(2억 원)이 고시금액(2억 3천만 원) 미만이므로, '고시금액 미만인 경우'에 해당하여 정상(0)으로 판정합니다."
CJH,PPS-DEV-111,v14,0,False,False,complete_code_fence,wrong_keys,invalid,,null,,,False,False,False,False,stop,106,40,"```json
{
  ""v14"": {
    ""위반여부"": 0,
    ""근거문구"": null
  }
}
```"
CJH,PPS-DEV-112,v14,0,False,True,,invalid_json:Expecting value: line 1 column 1 (char 0),invalid,,null,,,False,False,False,False,stop,106,337,"```json
{
  ""v14"": {
    ""위반여부"": 0,
    ""근거문구"": null
  }
}
```

**판정 근거 설명:**
1. **구매 대상 식별**: 본 공고의 세부품명번호는 `3911150402(무대조명장치)`입니다.
2. **경쟁제품 여부 확인**: 제공된 [참고자료: 경쟁제품 목록 발췌]를 확인한 결과, 해당 세부품명번호(`3911150402`)는 목록에 존재하지 않습니다. 따라서 이 제품은 '경쟁제품'이 아닌 **'일반제품'**에 해당합니다.
3. **고시금액 확인**: 적용 계약법은 '지방계약법'이며, 공고일(2026.05.26) 기준 재정경제부장관이 정하는 물품 및 용역의 고시금액은 **2억 3천만 원**입니다.
4. **입찰추정가격 비교**: meta의 입찰추정가격은 **56,202,727원**입니다.
5. **결론**: 입찰추정가격(약 5,620만 원)이 고시금액(2억 3천만 원) 미만이므로, '고시금액 이상 일반물품의 중소기업 제한' 위반 항목에 해당하지 않습니다 (정상 0)."
CJH,PPS-DEV-113,v14,0,False,False,complete_code_fence,wrong_keys,invalid,,null,,,False,False,False,False,stop,106,40,"```json
{
  ""v14"": {
    ""위반여부"": 0,
    ""근거문구"": null
  }
}
```"
CJH,PPS-DEV-114,v14,0,False,False,complete_code_fence,wrong_keys,invalid,,null,,,False,False,False,False,stop,106,40,"```json
{
  ""v14"": {
    ""위반여부"": 0,
    ""근거문구"": null
  }
}
```"
CJH,PPS-DEV-115,v14,0,False,False,complete_code_fence,wrong_keys,invalid,,null,,,False,False,False,False,stop,106,159,"```json
{
  ""v14"": {
    ""위반여부"": 0,
    ""근거문구"": ""나. 「건설폐기물의 재활용 촉진에 관한 법률」 제21조에 의한 폐기물중간처리업(건설폐기물)과 폐기물수집․운반업(건설폐기물) 허가를 받은 업체 또는 폐기물 중간처리업(건설폐기물) 허가를 받은 자로서 같은 법 시행규칙 [별표2]‘건설 폐기물 수집․운반업 및 중간처리업의 허가기준’의 장비 기준을 충족한 업체""
  }
}
```"
CJH,PPS-DEV-116,v14,0,False,False,complete_code_fence,wrong_keys,invalid,,null,,,False,False,False,False,stop,106,24,"```json
{
  ""violation"": 0,
  ""evidence"": null
}
```"
CJH,PPS-DEV-117,v14,0,False,False,complete_code_fence,wrong_keys,invalid,,null,,,False,False,False,False,stop,106,40,"```json
{
  ""v14"": {
    ""위반여부"": 0,
    ""근거문구"": null
  }
}
```"
CJH,PPS-DEV-118,v14,0,False,False,complete_code_fence,wrong_keys,invalid,,null,,,False,False,False,False,stop,106,50,"```json
{
  ""v14"": {
    ""위반여부"": 1,
    ""근거문구"": ""가. 소기업, 소상공인""
  }
}
```"
CJH,PPS-DEV-119,v14,0,False,False,complete_code_fence,wrong_keys,invalid,,null,,,False,False,False,False,stop,106,24,"```json
{
  ""violation"": 0,
  ""reason"": null
}
```"
CJH,PPS-DEV-120,v14,0,False,False,complete_code_fence,wrong_keys,invalid,,null,,,False,False,False,False,stop,106,40,"```json
{
  ""v14"": {
    ""위반여부"": 0,
    ""근거문구"": null
  }
}
```"
CJH,PPS-DEV-121,v14,0,False,False,complete_code_fence,wrong_keys,invalid,,null,,,False,False,False,False,stop,106,40,"```json
{
  ""v14"": {
    ""위반여부"": 0,
    ""근거문구"": null
  }
}
```"
CJH,PPS-DEV-122,v14,0,False,True,,invalid_json:Expecting value: line 1 column 1 (char 0),invalid,,null,,,False,False,False,False,stop,106,220,"```json
{
  ""v14"": {
    ""위반여부"": 0,
    ""근거문구"": null
  }
}
```

**판정 근거 설명 (참고용):**
1. **실제 구매 대상 식별**: 본 공고의 품목은 '아스팔트콘크리트(세부품명번호: 3011159701)'입니다.
2. **경쟁제품 여부 확인**: 제공된 [참고자료: 경쟁제품 목록 발췌]에 따르면, 세부품명번호 `3011159701(아스팔트콘크리트)`는 '경쟁제품' 목록에 포함되어 있습니다.
3. **판정 결과**: 판정 기준에 따라, 입찰 대상이 **경쟁제품**인 경우 '정상(0)'으로 판정합니다. (고시금액 비교 단계 이전에 경쟁제품 여부에 의해 정상 처리됨)"
CJH,PPS-DEV-123,v14,0,False,False,complete_code_fence,wrong_keys,invalid,,null,,,False,False,False,False,stop,106,40,"```json
{
  ""v14"": {
    ""위반여부"": 0,
    ""근거문구"": null
  }
}
```"
CJH,PPS-DEV-124,v14,0,False,True,,invalid_json:Expecting value: line 1 column 1 (char 0),invalid,,null,,,False,False,False,False,stop,106,330,"```json
{
  ""v14"": {
    ""위반여부"": 0,
    ""근거문구"": null
  }
}
```

**[판정 근거 요약]**
1. **구매 대상 식별**: 본 공고의 세부품명은 '레일자동살수장치(세부품명번호: 2110180301)'입니다.
2. **경쟁제품 여부 확인**: 제공된 [참고자료: 경쟁제품 목록 발췌]를 확인한 결과, 해당 세부품명번호(2110180301)는 경쟁제품 목록에 포함되어 있지 않습니다. 따라서 본 제품은 **일반제품**입니다.
3. **고시금액 확인**: 공고의 적용계약법은 '지방계약법'이며, 입찰추정가격은 30,566,464원입니다. [참고자료: 법령·고시 원문]에 따르면 지방계약법 관련 물품/용역의 고시금액(재정경제부장관이 정하는 금액)은 2억 3천만 원입니다.
4. **판정**: 입찰추정가격(약 3천만 원)이 고시금액(2억 3천만 원)보다 **미만**이므로, '고시금액 미만인 경우'에 해당하여 정상(0)으로 판정합니다."
CJH,PPS-DEV-125,v14,0,False,False,complete_code_fence,wrong_keys,invalid,,null,,,False,False,False,False,stop,106,114,"```json
{
  ""v14"": {
    ""위반여부"": 0,
    ""근거문구"": ""나.「중소기업 기본법」제2조에 따른 소기업 또는「소상공인 보호 및 지원에 관한 법률」제2조에 따른 소상공인으로서「중소기업 범위 및 확인에 관한 규정」에 따라 발급된 ‘소기업·소상공인 확인서’를 소지한 자.""
  }
}
```"
CJH,PPS-DEV-126,v14,0,False,True,,invalid_json:Expecting value: line 1 column 1 (char 0),invalid,,null,,,False,False,False,False,stop,106,311,"```json
{
  ""v14"": {
    ""위반여부"": 0,
    ""근거문구"": null
  }
}
```

**판정 근거:**
1. **구매 대상 식별**: 공고의 세부품명번호는 `3012160101`이며, 이는 '아스팔트'에 해당합니다.
2. **경쟁제품 여부 확인**: 제공된 [참고자료: 경쟁제품 목록 발췌]를 확인한 결과, 해당 세부품명번호(`3012160101`)는 경쟁제품 목록에 포함되어 있지 않습니다. 따라서 일반제품(물품)입니다.
3. **고시금액 비교**: 
   - 적용 계약법: 지방계약법
   - 고시금액: 재정경제부장관이 정하는 고시금액(물품 및 용역)은 **2억 3천만 원**입니다.
   - meta의 입찰추정가격: **99,654,545원**
4. **판정**: 입찰추정가격(약 9,965만 원)이 고시금액(2억 3천만 원) 미만이므로, '고시금액 이상 일반물품의 중소기업 제한' 항목에 해당하지 않습니다. (정상 = 0)"
CJH,PPS-DEV-127,v14,0,False,True,,invalid_json:Expecting value: line 1 column 1 (char 0),invalid,,null,,,False,False,False,False,stop,106,371,"```json
{
  ""v14"": {
    ""위반여부"": 0,
    ""근거문구"": null
  }
}
```

**[판정 근거 설명]**
1. **구매 대상 식별**: 본 공고의 대상은 '폐콘크리트 운반 및 처리' 용역입니다.
2. **경쟁제품 여부 확인**: 제공된 [경쟁제품 목록]을 확인한 결과, '레미콘(세부품명번호 3011150501)'은 존재하나, 본 공고의 대상인 '폐기물 처리/운반 용역'에 해당하는 경쟁제품은 목록에 나타나 있지 않습니다. 따라서 일반제품(용역)으로 분류됩니다.
3. **고시금액 확인**: 적용 계약법이 '국가계약법'이며, 공고일(2026.05.27) 기준 재정경제부장관이 정하는 물품 및 용역의 고시금액은 **2억 3천만 원**입니다.
4. **입찰추정가격 비교**: meta의 입찰추정가격은 **90,800,000원**입니다.
5. **판정**: 입찰추정가격(90,800,000원)이 고시금액(230,000,000원) 미만이므로, '고시금액 이상 일반물품의 중소기업 제한' 항목의 정상 조건(입찰추정가격이 고시금액 미만인 경우)에 해당하여 **0(정상)**으로 판정합니다."
CJH,PPS-DEV-128,v14,0,False,True,,invalid_json:Expecting value: line 1 column 1 (char 0),invalid,,null,,,False,False,False,False,stop,106,415,"```json
{
  ""v14"": {
    ""위반여부"": 0,
    ""근거문구"": ""나. 「중소기업기본법」제2조에 따른 중 · 소기업자 또는「소상공인보호 및 지원에 관한 법률」제2조에 따른소상공인으로서 “중소기업 범위 및 확인에 관한 규정”에 따라 발급된 중 · 소기업 · 소상공인 확인서를 소지한 자""
  }
}
```

**판정 근거 설명:**
1. **구매 대상 식별:** 본 공고의 구매 대상은 '농업용트랙터[2510190101]'입니다.
2. **경쟁제품 여부 확인:** 제공된 [참고자료: 경쟁제품 목록 발췌]를 확인한 결과, '비료살포기' 등은 목록에 있으나, 본 공고의 세부품명번호인 **'농업용트랙터[2510190101]'는 경쟁제품 목록에 포함되어 있지 않습니다.** 따라서 일반제품(물품)으로 분류됩니다.
3. **고시금액 비교:** 
   - 적용 계약법: 지방계약법 (공고문 내 '지방자치단체를 당사자로 하는 계약에 관한 법률' 언급)
   - 고시금액(물품/용역): 2억 3천만 원 (재정경제부장관 고시 기준)
   - meta의 입찰추정가격: 173,620,000원
   - **판정:** 입찰추정가격(1.73억)이 고시금액(2.3억) 미만이므로, '고시금액 미만인 경우'에 해당하여 정상(0)으로 판정합니다."
CJH,PPS-DEV-129,v14,0,False,False,complete_code_fence,wrong_keys,invalid,,null,,,False,False,False,False,stop,106,40,"```json
{
  ""v14"": {
    ""위반여부"": 0,
    ""근거문구"": null
  }
}
```"
CJH,PPS-DEV-130,v14,0,False,False,complete_code_fence,wrong_keys,invalid,,null,,,False,False,False,False,stop,106,40,"```json
{
  ""v14"": {
    ""위반여부"": 0,
    ""근거문구"": null
  }
}
```"
CJH,PPS-DEV-131,v14,0,False,False,complete_code_fence,wrong_keys,invalid,,null,,,False,False,False,False,stop,106,40,"```json
{
  ""v14"": {
    ""위반여부"": 0,
    ""근거문구"": null
  }
}
```"
CJH,PPS-DEV-132,v14,0,False,True,,invalid_json:Expecting value: line 1 column 1 (char 0),invalid,,null,,,False,False,False,False,stop,106,333,"```json
{
  ""v14"": {
    ""위반여부"": 0,
    ""근거문구"": null
  }
}
```

**판정 근거 설명 (내부 검토용):**
1. **구매 대상 식별**: 본 공고의 대상은 '공공시설 전산기기 임차 계약'으로, 세부 품목은 데스크톱, 모니터, 노트북입니다.
2. **경쟁제품 여부**: 제공된 [참고자료: 경쟁제품 목록 발췌]를 확인한 결과, 해당 품목(데스크톱, 모니터, 노트북 등)은 경쟁제품 목록에 명시되어 있지 않은 일반 물품/용역으로 분류됩니다.
3. **고시금액 확인**: 공고일(2026-01-08) 기준, 「국가를 당사자로 하는 계약에 관한 법률」에 따른 재정경제부장관 고시 금액(물품 및 용역)은 **2억 3천만 원**입니다.
4. **입찰추정가격 비교**: meta의 입찰추정가격은 **166,680,000원**입니다.
5. **결론**: 입찰추정가격(1.66억)이 고시금액(2.3억) 미만이므로, '고시금액 이상 일반물품의 중소기업 제한' 항목에 해당하지 않습니다. 따라서 정상(0)으로 판정합니다."
CJH,PPS-DEV-133,v14,0,False,True,,invalid_json:Expecting value: line 1 column 1 (char 0),invalid,,null,,,False,False,False,False,stop,106,395,"```json
{
  ""v14"": {
    ""위반여부"": 0,
    ""근거문구"": null
  }
}
```

**판정 근거 설명 (내부 검토용):**
1. **구매 대상 식별**: 공고의 품명은 'RHEL 라이선스 갱신 구매'이며, 세부품명번호는 '운영체제[4323300401]'입니다.
2. **경쟁제품 여부**: 제공된 [참고자료: 경쟁제품 목록 발췌]를 확인한 결과, 해당 품목(운영체제/소프트웨어 라이선스)은 경쟁제품 목록에 포함되어 있지 않습니다. 따라서 일반제품(물품)으로 분류됩니다.
3. **고시금액 확인**: 공고의 적용계약법은 '국가계약법'이며, 공고일(2026.02.13) 기준 [국가를 당사자로 하는 계약에 관한 법률 등의 재정경제부장관이 정하는 고시금액]에 따르면 물품 및 용역의 고시금액은 **2억 3천만 원**입니다.
4. **입찰추정가격 비교**: meta의 입찰추정가격은 **123,775,000원**입니다.
5. **판정**: 입찰추정가격(약 1.23억 원)이 고시금액(2.3억 원) 미만이므로, '고시금액 이상 일반물품의 중소기업 제한' 위반 여부를 따지기 전 단계인 **[정상 = 0]** 조건(입찰추정가격이 고시금액 미만인 경우)에 해당합니다."
CJH,PPS-DEV-134,v14,0,False,False,complete_code_fence,wrong_keys,invalid,,null,,,False,False,False,False,stop,106,40,"```json
{
  ""v14"": {
    ""위반여부"": 0,
    ""근거문구"": null
  }
}
```"
CJH,PPS-DEV-135,v14,0,False,False,complete_code_fence,wrong_keys,invalid,,null,,,False,False,False,False,stop,106,40,"```json
{
  ""v14"": {
    ""위반여부"": 0,
    ""근거문구"": null
  }
}
```"
CJH,PPS-DEV-136,v14,0,False,False,complete_code_fence,wrong_keys,invalid,,null,,,False,False,False,False,stop,106,40,"```json
{
  ""v14"": {
    ""위반여부"": 0,
    ""근거문구"": null
  }
}
```"
CJH,PPS-DEV-137,v14,0,False,False,complete_code_fence,wrong_keys,invalid,,null,,,False,False,False,False,stop,106,40,"```json
{
  ""v14"": {
    ""위반여부"": 0,
    ""근거문구"": null
  }
}
```"
CJH,PPS-DEV-138,v14,0,False,False,complete_code_fence,wrong_keys,invalid,,null,,,False,False,False,False,stop,106,95,"```json
{
  ""v14"": {
    ""위반여부"": 1,
    ""근거문구"": ""「중소기업기본법」 제2조에 따른 중소기업 또는 「소상공인기본법」 제2조에 따른 소상공인으로 【중소기업·소상공인 확인서】를 소지한 업체이며""
  }
}
```"
CJH,PPS-DEV-139,v14,0,False,True,,invalid_json:Expecting value: line 1 column 1 (char 0),invalid,,null,,,False,False,False,False,stop,106,405,"```json
{
  ""v14"": {
    ""위반여부"": 0,
    ""근거문구"": ""○ 「중소기업기본법」 제2조에 따른 중·소기업 및 「소상공인 보호 및 지원에 관한 법률」 제2조에 따른 소상공인으로서 「중소기업 범위 및 확인에 관한 규정」에 따라 발급된 유효한 중·소기업ㆍ소상공인 확인서를 소지한 자""
  }
}
```

**판정 근거 설명:**
1. **구매 대상 식별**: 본 공고의 세부품명은 '디자인서비스(8214150201)' 또는 '동영상제작서비스(8213160301)'입니다.
2. **경쟁제품 여부**: 제공된 [참고자료: 경쟁제품 목록 발췌]를 확인한 결과, '동영상제작서비스(8213160301)'는 특이사항에 ""공공기관 홍보용(제작 의뢰한 공공기관을 식별할 수 있는 정보가 포함된 영상은 모두 해당)에 한함""이라는 조건이 명시되어 있습니다. 이는 해당 품목이 경쟁제품임을 나타내며, 판정 기준상 '경쟁제품인 경우'는 정상(0)에 해당합니다.
3. **금액 비교**: 입찰추정가격은 90,000,000원이며, 재정경제부장관이 정하는 고시금액(물품 및 용역 2억 3천만 원) 미만입니다. 따라서 고시금액 이상 조건에도 해당하지 않습니다.
4. **결론**: 경쟁제품에 해당하므로 위반이 아닌 정상(0)으로 판정합니다."
CJH,PPS-DEV-140,v14,0,False,False,complete_code_fence,wrong_keys,invalid,,null,,,False,False,False,False,stop,106,40,"```json
{
  ""v14"": {
    ""위반여부"": 0,
    ""근거문구"": null
  }
}
```"
CJH,PPS-DEV-141,v14,0,False,False,complete_code_fence,wrong_keys,invalid,,null,,,False,False,False,False,stop,106,40,"```json
{
  ""v14"": {
    ""위반여부"": 0,
    ""근거문구"": null
  }
}
```"
CJH,PPS-DEV-142,v14,0,False,False,complete_code_fence,wrong_keys,invalid,,null,,,False,False,False,False,stop,106,102,"```json
{
  ""violation"": 0,
  ""evidence"": ""중소기업제품 구매촉진 및 판로지원에 관한 법률 시행령 제2조의2에 의거하여 소기업(소상공인) 또는 중기업 확인서를(응찰(개찰)일 까지 발급된 것으로 유효기간 내에 있어야 함)를 소지한 업체(2. 입찰에 부는 사항 확인 必)""
}
```"
CJH,PPS-DEV-143,v14,0,False,False,complete_code_fence,wrong_keys,invalid,,null,,,False,False,False,False,stop,106,60,"```json
{
  ""v14"": {
    ""위반여부"": 1,
    ""근거문구"": ""2) 「중소기업기본법」제2조에 따른 중소기업자""
  }
}
```"
CJH,PPS-DEV-144,v14,0,False,True,,invalid_json:Expecting value: line 1 column 1 (char 0),invalid,,null,,,False,False,False,False,stop,106,349,"```json
{
  ""v14"": {
    ""위반여부"": 0,
    ""근거문구"": null
  }
}
```

**[판정 근거 요약]**
1. **구매 대상 식별**: 본 공고의 세부품명번호는 `2517250601`이며, 이는 '자전거용타이어' 계열의 부품(전자잠금장치 수선용 부품)입니다.
2. **경쟁제품 여부 확인**: 제공된 [참고자료: 경쟁제품 목록 발췌]를 확인한 결과, 해당 세부품명번호(`2517250601`)는 경쟁제품 목록에 포함되어 있지 않습니다. 따라서 이 제품은 **일반제품**에 해당합니다.
3. **고시금액 비교**: 
    - 적용 계약법: 지방계약법 (지방자치단체를 당사자로 하는 계약에 관한 법률)
    - 고시금액: 재정경제부장관이 정하는 고시금액(물품 및 용역)은 **2억 3천만 원**입니다.
    - 입찰추정가격(meta): **118,136,364원**
4. **판정**: 입찰추정가격(약 1.18억 원)이 고시금액(2.3억 원)보다 낮으므로, '고시금액 이상 일반물품' 조건에 해당하지 않습니다. 따라서 정상(0)으로 판정합니다."
CJH,PPS-DEV-145,v14,0,False,False,complete_code_fence,wrong_keys,invalid,,null,,,False,False,False,False,stop,106,69,"```json
{
  ""v14"": {
    ""위반여부"": 1,
    ""근거문구"": ""바. 입찰방식 : 전자입찰(총액), 제한경쟁(중소기업자), 협상에 의한 계약""
  }
}
```"
CJH,PPS-DEV-146,v14,0,False,True,,invalid_json:Expecting value: line 1 column 1 (char 0),invalid,,null,,,False,False,False,False,stop,106,225,"```json
{
  ""violation"": 0,
  ""evidence"": null
}
```

**[판정 근거 설명]**
1. **구매 대상 식별**: 본 공고의 구매 물품은 '자동펌프(세부품명번호 4015159901)'입니다.
2. **경쟁제품 여부 확인**: 제공된 [참고자료: 경쟁제품 목록 발췌]를 확인하면, '40, 배관유체조절시스템장비및부품'의 하위 항목인 '401515, 펌프류'에 대한 정보가 포함되어 있습니다. (세부품명번호 4015159901은 펌프류 범주에 해당함)
3. **판정 결과**: 해당 물품은 '경쟁제품'에 해당하므로, 판정 기준상 [정상 = 0] 조건인 ""경쟁제품인 경우""에 해당하여 위반이 아닙니다."
CJH,PPS-DEV-147,v14,0,False,False,complete_code_fence,wrong_keys,invalid,,null,,,False,False,False,False,stop,106,24,"```json
{
  ""violation"": 0,
  ""evidence"": null
}
```"
CJH,PPS-DEV-148,v14,0,False,True,,invalid_json:Expecting value: line 1 column 1 (char 0),invalid,,null,,,False,False,False,False,stop,106,242,"```json
{
  ""v14"": {
    ""위반여부"": 0,
    ""근거문구"": null
  }
}
```

**[판정 근거 요약]**
1. **구매 대상 식별**: 공고의 세부품명은 '데스크톱컴퓨터[4321150701]'입니다.
2. **경쟁제품 여부 확인**: [참고자료: 경쟁제품 목록 발췌]에 따르면, 세부품명번호 `4321150701`은 '데스크톱컴퓨터'이며, 해당 목록에 명시되어 있으므로 **경쟁제품**에 해당합니다.
3. **판정 결과**: 판정 기준에 따라 대상이 **경쟁제품인 경우**는 '정상(0)'으로 분류됩니다. (입찰추정가격 13,630,000원이 고시금액 230,000,000원 미만이므로 고시금액 미만 조건도 충족함)"
CJH,PPS-DEV-149,v14,0,False,False,complete_code_fence,wrong_keys,invalid,,null,,,False,False,False,False,stop,106,40,"```json
{
  ""v14"": {
    ""위반여부"": 0,
    ""근거문구"": null
  }
}
```"
CJH,PPS-DEV-150,v14,0,False,True,,invalid_json:Expecting value: line 1 column 1 (char 0),invalid,,null,,,False,False,False,False,stop,106,317,"```json
{
  ""v14"": {
    ""위반여부"": 0,
    ""근거문구"": null
  }
}
```

**[판정 근로]**
1. **공고 대상 식별**: 공고의 세부품명은 '내시경세척기[4229490501]'이며, 이는 [참고자료: 경쟁제품 목록 발췌]에 포함되어 있지 않은 **일반제품**입니다.
2. **고시금액 확인**: 적용 계약법이 '국가계약법'이며, [참고자료: 법령·고시 원문 발췌]에 따르면 재정경제부장관이 정하여 고시하는 물품 및 용역의 고시금액은 **2억 3천만 원**입니다.
3. **입찰추정가격 비교**: meta의 입찰추정가격은 **5** (단위 미기재이나 문맥상 5백만 원 또는 5원 등으로 보이며, 고시금액인 2억 3천만 원보다 현저히 낮음)입니다.
4. **판정 결과**: 입찰추정가격(5)이 고시금액(2억 3천만 원) 미만이므로, '정상(0)' 조건 중 **""입찰추정가격이 고시금액 미만인 경우""**에 해당합니다."
CJH,PPS-DEV-151,v14,0,False,False,complete_code_fence,wrong_keys,invalid,,null,,,False,False,False,False,stop,106,40,"```json
{
  ""v14"": {
    ""위반여부"": 0,
    ""근거문구"": null
  }
}
```"
CJH,PPS-DEV-152,v14,0,False,False,complete_code_fence,wrong_keys,invalid,,null,,,False,False,False,False,stop,106,130,"```json
{
  ""v14"": {
    ""위반여부"": 1,
    ""근거문구"": ""나. 『중소기업제품 구매촉진 및 판로지원에 관한 법률 시행령』제2조의 2에 의거 소기업 또는 소상공인 확인서를 소지한 업체 또는 벤처기업육성에 관한 특별조치법 제2조 제1항에 따른 벤처기업 또는 중소기업창업 지원법 제2조 제3호에 따른 창업기업이어야 합니다.""
  }
}
```"
CJH,PPS-DEV-153,v14,0,False,False,complete_code_fence,wrong_keys,invalid,,null,,,False,False,False,False,stop,106,24,"```json
{
  ""violation"": 0,
  ""evidence"": null
}
```"
CJH,PPS-DEV-154,v14,0,False,False,complete_code_fence,wrong_keys,invalid,,null,,,False,False,False,False,stop,106,40,"```json
{
  ""v14"": {
    ""위반여부"": 0,
    ""근거문구"": null
  }
}
```"
CJH,PPS-DEV-155,v14,0,False,False,complete_code_fence,wrong_keys,invalid,,null,,,False,False,False,False,stop,106,107,"```json
{
  ""v14"": {
    ""위반여부"": 1,
    ""근거문구"": ""②「중소기업기본법」제2조 및 동법 시행령 제8조에 따른 중·소기업 또는「소상공인 보호 및 지원에 관한 법률」제2조에 따른 소상공인으로써 중 · 소기업 · 소상공인확인서를 소지한 업체""
  }
}
```"
CJH,PPS-DEV-156,v14,0,False,False,complete_code_fence,wrong_keys,invalid,,null,,,False,False,False,False,stop,106,40,"```json
{
  ""v14"": {
    ""위반여부"": 0,
    ""근거문구"": null
  }
}
```"
CJH,PPS-DEV-157,v14,0,False,False,complete_code_fence,wrong_keys,invalid,,null,,,False,False,False,False,stop,106,40,"```json
{
  ""v14"": {
    ""위반여부"": 0,
    ""근거문구"": null
  }
}
```"
CJH,PPS-DEV-158,v14,0,False,False,complete_code_fence,wrong_keys,invalid,,null,,,False,False,False,False,stop,106,40,"```json
{
  ""v14"": {
    ""위반여부"": 0,
    ""근거문구"": null
  }
}
```"
CJH,PPS-DEV-159,v14,0,False,False,complete_code_fence,wrong_keys,invalid,,null,,,False,False,False,False,stop,106,40,"```json
{
  ""v14"": {
    ""위반여부"": 0,
    ""근거문구"": null
  }
}
```"
CJH,PPS-DEV-160,v14,0,False,False,complete_code_fence,wrong_keys,invalid,,null,,,False,False,False,False,stop,106,224,"```json
{
  ""v14"": {
    ""위반여부"": 1,
    ""근거문구"": ""3. 다. 다음 각 호의 조건을 모두 만족하는 업체로 입찰서 제출 마감일까지 당해 자격을 유지하고 보유한 업체\n1)「국가종합전자조달시스템 입찰참가자격등록규정」에 따라 입찰참가등록 마감일시까지 나라장터(G2B)분류번호 10자리(세부품명번호: 4321159201) AI서버를 입찰 참가 등록한 업체\n2) 입찰공고일 전일부터 입찰일까지 서울특별시에 법인등기부상 본점이 있는 업체\n3) 중소기업제품 구매촉진 및 판로지원에 관한 법률 시행령 제2조의２(중소기업자와의 우선조달계약)에 의한 소기업 또는 소상공인""
  }
}
```"
CJH,PPS-DEV-161,v14,0,False,False,complete_code_fence,wrong_keys,invalid,,null,,,False,False,False,False,stop,106,40,"```json
{
  ""v14"": {
    ""위반여부"": 0,
    ""근거문구"": null
  }
}
```"
CJH,PPS-DEV-162,v14,0,False,False,complete_code_fence,wrong_keys,invalid,,null,,,False,False,False,False,stop,106,40,"```json
{
  ""v14"": {
    ""위반여부"": 0,
    ""근거문구"": null
  }
}
```"
CJH,PPS-DEV-163,v14,0,False,False,complete_code_fence,wrong_keys,invalid,,null,,,False,False,False,False,stop,106,24,"```json
{
  ""violation"": 0,
  ""reason"": null
}
```"
CJH,PPS-DEV-164,v14,0,False,True,,invalid_json:Expecting value: line 1 column 1 (char 0),invalid,,null,,,False,False,False,False,stop,106,402,"```json
{
  ""v14"": {
    ""위반여부"": 0,
    ""근거문구"": null
  }
}
```

**[판정 근거 설명]**
1. **구매 대상 식별**: 공고의 품명은 '플라스틱계맨홀'이며, 세부품명번호는 `3012171402`입니다.
2. **경쟁제품 여부 확인**: 제공된 [경쟁제품 목록 발췌] 자료를 확인하면, `301217` (도로및철도건설자재) 항목에 `3012171401` (콘크리트맨홀블록)이 포함되어 있으며, 특이사항에 '유리섬유복합관맨홀은 제외'라고 명시되어 있습니다. 본 공고의 품명은 'GRP맨홀(유리섬유복합관)' 관련 제품으로, 경쟁제품 목록의 분류 체계상 경쟁제품(또는 그와 관련된 제품군)에 해당합니다.
3. **고시금액 비교**: 
   - 적용 계약법: 지방계약법
   - 입찰추정가격: 224,269,091원
   - 관련 고시금액(물품 및 용역): 230,000,000원 (재정경제부장관 고시)
   - 입찰추정가격(약 2.24억)이 고시금액(2.3억) 미만이므로, '고시금액 이상'이라는 위반 조건 3번을 충족하지 못합니다.
4. **결론**: 입찰추정가격이 고시금액 미만이므로 정상(0)으로 판정합니다."
CJH,PPS-DEV-165,v14,0,False,False,complete_code_fence,wrong_keys,invalid,,null,,,False,False,False,False,stop,106,40,"```json
{
  ""v14"": {
    ""위반여부"": 0,
    ""근거문구"": null
  }
}
```"
CJH,PPS-DEV-166,v14,0,False,True,,invalid_json:Expecting value: line 1 column 1 (char 0),invalid,,null,,,False,False,False,False,stop,106,213,"```json
{
  ""v14"": {
    ""위반여부"": 0,
    ""근거문구"": null
  }
}
```

**판정 근거 설명 (내부 검토용):**
1. **실제 구매 대상 식별:** 디자인형울타리 (세부품명번호: 3015200101)
2. **경쟁제품 여부 확인:** 제공된 [참고자료: 경쟁제품 목록 발췌]에 따르면, 세부품명번호 `3015200101`은 '디자인형울타리'이며, 이는 **경쟁제품** 목록에 포함되어 있습니다.
3. **판정 결과:** 판정카드 규칙에 따라, 대상이 **경쟁제품인 경우**는 '정상(0)'으로 판정합니다. (고시금액 비교 단계까지 가지 않고 경쟁제품 여부에서 정상 판정됨)"
CJH,PPS-DEV-167,v14,0,False,False,complete_code_fence,wrong_keys,invalid,,null,,,False,False,False,False,stop,106,40,"```json
{
  ""v14"": {
    ""위반여부"": 0,
    ""근거문구"": null
  }
}
```"
CJH,PPS-DEV-168,v14,0,False,False,complete_code_fence,wrong_keys,invalid,,null,,,False,False,False,False,stop,106,40,"```json
{
  ""v14"": {
    ""위반여부"": 0,
    ""근거문구"": null
  }
}
```"
CJH,PPS-DEV-169,v14,0,False,False,complete_code_fence,wrong_keys,invalid,,null,,,False,False,False,False,stop,106,137,"```json
{
  ""violation"": 1,
  ""evidence"": ""나.「중소기업제품 구매촉진 및 판로지원에 관한 법률 시행령」제2조의2에 따라「중소기업기본법」제2조제2항에 따른 중･소기업 또는「소상공인 보호 및 지원에 관한 법률」제2조에 따른 소상공인으로서「중소기업 범위 및 확인에 관한 규정(중소벤처기업부고시)」에 따라 발급된 중･소기업･소상공인 확인서를 소지하고""
}
```"
CJH,PPS-DEV-170,v14,0,False,False,complete_code_fence,wrong_keys,invalid,,null,,,False,False,False,False,stop,106,40,"```json
{
  ""v14"": {
    ""위반여부"": 0,
    ""근거문구"": null
  }
}
```"
CJH,PPS-DEV-171,v14,0,False,False,complete_code_fence,wrong_keys,invalid,,null,,,False,False,False,False,stop,106,113,"```json
{
  ""violation_status"": 1,
  ""evidence_text"": ""④ 「중소기업기본법」 제2조에 따른 중소기업자 또는 「소상공인 보호 및 지원에 관한 법률」 제2조에 따른 소상공인으로서 중소기업 범위 및 확인에 관한 규정에 따라 발급된 ‘중소기업·소상공인 확인서’를 소지해야 함(중소기업자간 경쟁제품에 한함)""
}
```"
CJH,PPS-DEV-172,v14,0,False,False,complete_code_fence,wrong_keys,invalid,,null,,,False,False,False,False,stop,106,40,"```json
{
  ""v14"": {
    ""위반여부"": 0,
    ""근거문구"": null
  }
}
```"
CJH,PPS-DEV-173,v14,0,False,False,complete_code_fence,wrong_keys,invalid,,null,,,False,False,False,False,stop,106,28,"```json
{
  ""violation_status"": 0,
  ""evidence_text"": null
}
```"
CJH,PPS-DEV-174,v14,0,False,True,,invalid_json:Expecting value: line 1 column 1 (char 0),invalid,,null,,,False,False,False,False,stop,106,337,"```json
{
  ""v14"": {
    ""위반여부"": 0,
    ""근거문구"": null
  }
}
```

**[판정 근거 요약]**
1. **구매 대상 식별**: 공고의 품목은 '시약 및 초자류 등(3품목)'이며, 세부품명번호는 '기타시약및지시약[1216159

2. **경쟁제품 여부**: 제공된 [참고자료: 경쟁제품 목록 발췌]를 확인한 결과, 해당 세부품명번호(1216159901)는 경쟁제품 목록에 포함되어 있지 않습니다. 따라서 일반제품으로 분류됩니다.

3. **고시금액 비교**: 
   - 적용 계약법: 국가계약법
   - 고시금액(물품 및 용역): 2억 3천만 원 (재정경제부장관이 정하는 고시금액 기준)
   - meta의 입찰추정가격: 38,445,455원
   - 판정: 입찰추정가격(약 3.8천만 원)이 고시금액(2.3억 원) 미만입니다.

4. **결론**: 입찰추정가격이 고시금액 미만이므로, '고시금액 이상 일반물품의 중소기업 제한' 위반 조건에 해당하지 않습니다 (정상 = 0)."
CJH,PPS-DEV-175,v14,0,False,False,complete_code_fence,wrong_keys,invalid,,null,,,False,False,False,False,stop,106,40,"```json
{
  ""v14"": {
    ""위반여부"": 0,
    ""근거문구"": null
  }
}
```"
CJH,PPS-DEV-176,v14,0,False,True,,invalid_json:Expecting value: line 1 column 1 (char 0),invalid,,null,,,False,False,False,False,stop,106,195,"```json
{
  ""v14"": {
    ""위반여부"": 0,
    ""근거문구"": null
  }
}
```

**판정 근거:**
1. **구매 대상 식별:** 본 공고의 품명은 'TMF 사료배합기'이며, 세부품명번호는 `2110190401`입니다.
2. **경쟁제품 여부 확인:** 제공된 [참고자료: 경쟁제품 목록 발췌]에 따르면, 세부품명번호 `2110190401`은 '사료배합기'로 등록되어 있는 **경쟁제품**입니다.
3. **판정 결과:** 판정카드 규칙에 따라, 입찰 대상이 **경쟁제품인 경우**는 '정상(0)'으로 판정합니다."
CJH,PPS-DEV-177,v14,0,False,True,,invalid_json:Expecting value: line 1 column 1 (char 0),invalid,,null,,,False,False,False,False,stop,106,375,"```json
{
  ""v14"": {
    ""위반여부"": 0,
    ""근거문구"": ""② 「중소기업기본법」제2조제2항에 따른 중소기업 또는 「소상공인 보호 및 지원에 관한 법률」 제2조에 따른 소상공인으로서 「중소기업 범위 및 확인에 관한 규정」에 따라 발급된 중소기업확인서, 소상공인확인서 중 하나를 소지한 업체""
  }
}
```

**판정 근거 설명:**
1. **구매 대상 식별**: 공고의 대상은 '전시회기획및대행서비스(세부품명번호 8014198801)'이며, 이는 [참고자료: 경쟁제품 목록 발췌]에 따라 **경쟁제품**에 해당합니다.
2. **고시금액 확인**: 적용 계약법은 '국가계약법'이며, [국가를 당사자로 하는 계약에 관한 법률 등의 재정경제부장관이 정하는 고시금액]에 따르면 물품 및 용역의 고시금액은 2억 3천만 원입니다.
3. **입찰추정가격 비교**: meta의 입찰추정가격은 99,981,818원으로, 고시금액(230,000,000원) 미만입니다.
4. **결론**: 입찰추정가격이 고시금액 미만이므로, '고시금액 이상 일반제품을 중소기업으로 제한'하는 위반 사항에 해당하지 않습니다 (정상 0)."
CJH,PPS-DEV-178,v14,0,False,False,complete_code_fence,wrong_keys,invalid,,null,,,False,False,False,False,stop,106,35,"```json
{
  ""v14"": {
    ""violation"": 0,
    ""reason"": null
  }
}
```"
CJH,PPS-DEV-179,v14,0,False,True,,invalid_json:Expecting value: line 1 column 1 (char 0),invalid,,null,,,False,False,False,False,stop,106,230,"```json
{
  ""v14"": {
    ""violation"": 0,
    ""reason"": ""경쟁제품인 경우""
  }
}
```

**판정 근거 설명 (내부 검토용):**
1. **구매 대상 식별**: 본 공고의 사업명은 『2026 대한민국 법원의 날 기념식』 행사이며, 세부품명은 '기타행사기획및대행서비스(8014199001)'입니다.
2. **경쟁제품 여부 확인**: 제공된 [참고자료: 경쟁제품 목록 발췌]를 확인하면, 세부품명번호 `8014199001`은 '기타행사기획및대행서비스'로 명시되어 있으며, 이는 경쟁제품 목록에 포함되어 있습니다.
3. **판정 결과**: 판정 가이드라인의 [정상 = 0] 조건 중 ""경쟁제품인 경우""에 해당하므로 위반이 아닙니다."
CJH,PPS-DEV-180,v14,0,False,False,complete_code_fence,wrong_keys,invalid,,null,,,False,False,False,False,stop,106,41,"```json
{
  ""v14"": {
    ""violation"": 0,
    ""reason"": ""경쟁제품인 경우""
  }
}
```"
CJH,PPS-DEV-181,v14,0,False,False,complete_code_fence,wrong_keys,invalid,,null,,,False,False,False,False,stop,106,40,"```json
{
  ""v14"": {
    ""위반여부"": 0,
    ""근거문구"": null
  }
}
```"
CJH,PPS-DEV-182,v14,0,False,False,complete_code_fence,wrong_keys,invalid,,null,,,False,False,False,False,stop,106,123,"```json
{
  ""v14"": {
    ""위반여부"": 1,
    ""근거문구"": ""2) 「중소기업기본법」제2조 제2항에 따른 중소기업 또는 「소상공인 보호 및 지원에 관한 법률」제2조에 따른 소상공인으로 「중·소기업·소상공인 및 장애인기업 확인요령」에 따라 발급된 중소기업 또는 소상공인 확인서를 소지한 업체""
  }
}
```"
CJH,PPS-DEV-183,v14,0,False,False,complete_code_fence,wrong_keys,invalid,,null,,,False,False,False,False,stop,106,141,"```json
{
  ""v14"": {
    ""위반여부"": 1,
    ""근거문구"": ""다. 「중소기업기본법」제2조제2항에 따른 소기업 또는「소상공인 보호 및 지원에 관한 법률」제2조에 따른 소상공인으로서「중소기업 범위 및 확인에 관한 규정」에 따라 발급된‘소기업·소상공인 확인서’(전자입찰서 제출마감일 전일까지 발급된 것으로 유효기간 내에 있어야 함)를 소지한 자""
  }
}
```"
CJH,PPS-DEV-184,v14,0,False,True,,invalid_json:Expecting value: line 1 column 1 (char 0),invalid,,null,,,False,False,False,False,stop,106,248,"```json
{
  ""v14"": {
    ""위반여부"": 0,
    ""근거문구"": ""품 명 | 규 격 | 수량 | 단위 | 비 고\n전석 | 0.3㎡급 | 772 | ton |""
  }
}
```

**판정 근거 설명 (내부 로직):**
1. **구매 대상 식별:** 공고의 품명은 '전석'이며, 세부품명번호는 '1111169801'입니다.
2. **경쟁제품 여부 확인:** 제공된 [참고자료: 경쟁제품 목록 발췌]에 따르면, 세부품명번호 '1111169801'(조경석)은 **경쟁제품** 목록에 포함되어 있습니다.
3. **판정:** 판정 카드 규칙에 따라, 대상이 **경쟁제품인 경우**는 '정상(0)'으로 판정합니다. (입찰추정가격이 고시금액 미만인 점도 정상 판정의 근거가 됩니다.)"
CJH,PPS-DEV-185,v14,0,False,False,complete_code_fence,wrong_keys,invalid,,null,,,False,False,False,False,stop,106,35,"```json
{
  ""v14"": {
    ""violation"": 0,
    ""reason"": null
  }
}
```"
CJH,PPS-DEV-187,v14,0,False,False,complete_code_fence,wrong_keys,invalid,,null,,,False,False,False,False,stop,106,40,"```json
{
  ""v14"": {
    ""위반여부"": 0,
    ""근거문구"": null
  }
}
```"
CJH,PPS-DEV-188,v14,0,False,False,complete_code_fence,wrong_keys,invalid,,null,,,False,False,False,False,stop,106,40,"```json
{
  ""v14"": {
    ""위반여부"": 0,
    ""근거문구"": null
  }
}
```"
CJH,PPS-DEV-189,v14,0,False,False,complete_code_fence,wrong_keys,invalid,,null,,,False,False,False,False,stop,106,24,"```json
{
  ""violation"": 0,
  ""evidence"": null
}
```"
CJH,PPS-DEV-190,v14,0,False,False,complete_code_fence,wrong_keys,invalid,,null,,,False,False,False,False,stop,106,45,"```json
{
  ""violation"": 0,
  ""evidence"": ""추정가격 고시금액 미만으로 중·소기업·소상공인 제한""
}
```"
CJH,PPS-DEV-191,v14,0,False,False,complete_code_fence,wrong_keys,invalid,,null,,,False,False,False,False,stop,106,40,"```json
{
  ""v14"": {
    ""위반여부"": 0,
    ""근거문구"": null
  }
}
```"
CJH,PPS-DEV-193,v14,0,False,False,complete_code_fence,wrong_keys,invalid,,null,,,False,False,False,False,stop,106,24,"```json
{
  ""violation"": 0,
  ""evidence"": null
}
```"
CJH,PPS-DEV-194,v14,0,False,False,complete_code_fence,wrong_keys,invalid,,null,,,False,False,False,False,stop,106,40,"```json
{
  ""v14"": {
    ""위반여부"": 0,
    ""근거문구"": null
  }
}
```"
CJH,PPS-DEV-195,v14,0,False,False,complete_code_fence,wrong_keys,invalid,,null,,,False,False,False,False,stop,106,40,"```json
{
  ""v14"": {
    ""위반여부"": 0,
    ""근거문구"": null
  }
}
```"
CJH,PPS-DEV-196,v14,0,False,False,complete_code_fence,wrong_keys,invalid,,null,,,False,False,False,False,stop,106,40,"```json
{
  ""v14"": {
    ""위반여부"": 0,
    ""근거문구"": null
  }
}
```"
CJH,PPS-DEV-197,v14,0,False,False,complete_code_fence,wrong_keys,invalid,,null,,,False,False,False,False,stop,106,24,"```json
{
  ""violation"": 0,
  ""evidence"": null
}
```"
CJH,PPS-DEV-198,v14,0,False,False,complete_code_fence,wrong_keys,invalid,,null,,,False,False,False,False,stop,106,41,"```json
{
  ""v14"": {
    ""violation"": 0,
    ""reason"": ""경쟁제품인 경우""
  }
}
```"
CJH,PPS-DEV-199,v14,0,False,True,,invalid_json:Expecting value: line 1 column 1 (char 0),invalid,,null,,,False,False,False,False,stop,106,204,"```json
{
  ""v14"": {
    ""위반여부"": 0,
    ""근거문구"": null
  }
}
```

**판정 근거 설명:**
1. **구매 대상 식별**: 본 공고의 대상은 '행사 대행 용역'입니다.
2. **경쟁제품 여부 확인**: [참고자료: 경쟁제품 목록 발췌]에 따르면, '기타행사기획 및 대행서비스(세부품명번호: 8014199001)'는 경쟁제품 목록에 포함되어 있습니다.
3. **판정**: 판정카드 기준에 따라, 구매 대상이 **경쟁제품**인 경우 '정상(0)'으로 판정합니다. (입찰추정가격이 고시금액 이상이라 하더라도, 경쟁제품인 경우 해당 항목의 위반 여부를 따지지 않음)"
CJH,PPS-DEV-200,v14,0,False,True,,invalid_json:Expecting value: line 1 column 1 (char 0),invalid,,null,,,False,False,False,False,stop,106,345,"```json
{
  ""v14"": {
    ""위반여부"": 0,
    ""근거문구"": null
  }
}
```

**[판정 근거 요약]**
1. **구매 대상 식별**: 공고의 세부품명은 '인버터[3912100601]'입니다.
2. **경쟁제품 여부 확인**: 제공된 [참고자료: 경쟁제품 목록 발췌]를 확인한 결과, 해당 세부품명번호(3912100601)는 경쟁제품 목록에 포함되어 있지 않습니다. 따라서 본 공고의 대상은 **일반제품**입니다.
3. **고시금액 확인**: 적용계약법이 '지방계약법'이므로, [법령·고시 원문] 중 '재정경제부장관이 정하여 고시하는 금액'을 적용합니다. 물품 및 용역의 경우 고시금액은 **2억 3천만 원**입니다.
4. **입찰추정가격 비교**: meta의 입찰추정가격은 **70,135,000원**입니다.
5. **결론**: 입찰추정가격(70,135,000원)이 고시금액(230,000,000원) 미만이므로, '고시금액 이상 일반물품의 중소기업 제한' 위반에 해당하지 않습니다. (정상 = 0)"
CJH,PPS-DEV-01,v15,0,False,True,,invalid_json:Expecting value: line 1 column 1 (char 0),invalid,,null,,,False,False,False,False,stop,106,393,"```json
{
  ""v15"": 0,
  ""e15"": ""중소기업기본법 제2조에 따른 중·소기업 또는 『소상공인 보호 및 지원에 관한 법률』 제2조에 따른 소상공인으로서‘중·소기업, 소상공인 확인서’를 소지한 자""
}
```

**판정 근거 설명:**
1. **구매 대상 식별**: 본 공고의 용역명은 '2026 별바다부산 나이트 마켓 운영 대행 용역'이며, 세부품명번호는 8014199001(기타 행사기획 및 대행 서비스) 및 9015189001(축제기획 및 대행 서비스)입니다. 이는 경쟁제품 목록에 포함된 일반제품(용역)입니다.
2. **금액 구간 확인**: meta의 입찰추정가격은 281,818,182원으로, 1억 원 이상이며, 재정경제부장관이 정한 고시금액(물품 및 용역 2억 3천만 원)을 초과하므로 '1억 원 이상 고시금액 미만' 조건에 부합하지 않습니다. (고시금액 2.3억 < 2.8억)
3. **기업 규모 제한 확인**: 공고문 1항 및 4항(마)에 따르면 참가 자격을 ""중소기업, 소상공인""으로 명시하고 있습니다. 이는 '소기업·소상공인'만으로 제한한 것이 아니라 '중소기업' 전체를 포함하는 제한이므로, 판정 기준에 따라 **정상(0)**으로 판정합니다."
CJH,PPS-DEV-02,v15,0,False,False,complete_code_fence,wrong_keys,invalid,,null,,,False,False,False,False,stop,106,27,"```json
{
  ""v15"": 0,
  ""e15"": null
}
```"
CJH,PPS-DEV-03,v15,0,False,False,complete_code_fence,wrong_keys,invalid,,null,,,False,False,False,False,stop,106,28,"```json
{
  ""v15"": 0,
  ""근거문구"": null
}
```"
CJH,PPS-DEV-04,v15,0,False,False,complete_code_fence,wrong_keys,invalid,,null,,,False,False,False,False,stop,106,27,"```json
{
  ""v15"": 0,
  ""e15"": null
}
```"
CJH,PPS-DEV-05,v15,0,False,False,complete_code_fence,wrong_keys,invalid,,null,,,False,False,False,False,stop,106,99,"```json
{
  ""v15"": 1,
  ""e15"": ""「중소기업기본법」 제2조에 따른 중소기업 및 「소상공인 보호 및 지원에 관한 법률」 제2조에 따른 소상공인으로서 「중소기업 범위 및 확인에 관한 규정」에 따라 발급된 중소기업·소상공인 확인서를 소지한 업체""
}
```"
CJH,PPS-DEV-06,v15,0,False,False,complete_code_fence,wrong_keys,invalid,,null,,,False,False,False,False,stop,106,122,"```json
{
  ""v15"": 1,
  ""e15"": ""「중소기업기본법 시행령」 제8조 및 「소상공인 보호 및 지원에 관한 법률」 제2조에 따른 중·소기업·소상공인으로서「중·소기업·소상공인 및 장애인기업 확인요령」에 따라 발급된 중·소기업·소상공인 확인서(입찰마감일 기준 유효하여야 함)를 소지한 업체""
}
```"
CJH,PPS-DEV-07,v15,0,False,False,complete_code_fence,wrong_keys,invalid,,null,,,False,False,False,False,stop,106,27,"```json
{
  ""v15"": 0,
  ""e15"": null
}
```"
CJH,PPS-DEV-08,v15,0,False,False,complete_code_fence,wrong_keys,invalid,,null,,,False,False,False,False,stop,106,28,"```json
{
  ""v15"": 0,
  ""근거문구"": null
}
```"
CJH,PPS-DEV-09,v15,0,False,False,complete_code_fence,wrong_keys,invalid,,null,,,False,False,False,False,stop,106,115,"```json
{
  ""v15"": 1,
  ""e15"": ""「중소기업기본법」제2조에 따른 중기업 또는 소기업이거나 「소상공인 보호 및 지원에 관한 법률」제2조에 따른 소상공인으로서 「중소기업 범위 및 확인에 관한 규정」에 따라 발급된 중․소기업․소상공인 확인서(중소기업확인서)를 소지한 업체이어야 합니다.""
}
```"
CJH,PPS-DEV-10,v15,0,False,False,complete_code_fence,wrong_keys,invalid,,null,,,False,False,False,False,stop,106,27,"```json
{
  ""v15"": 0,
  ""e15"": null
}
```"
CJH,PPS-DEV-11,v15,0,False,False,complete_code_fence,wrong_keys,invalid,,null,,,False,False,False,False,stop,106,104,"```json
{
  ""v15"": 0,
  ""근거문구"": ""「중소기업기본법」제2조에 따른 중‧소기업 또는「소상공인 보호 및 지원에 관한 법률」제2조에 따른 소상공인으로서「중소기업 범위 및 확인에 관한 규정」에 따라 발급된 중기업 또는 소기업․소상공인확인서를 소지한 업체""
}
```"
CJH,PPS-DEV-12,v15,0,False,False,complete_code_fence,wrong_keys,invalid,,null,,,False,False,False,False,stop,106,28,"```json
{
  ""v15"": 0,
  ""근거문구"": null
}
```"
CJH,PPS-DEV-13,v15,0,False,False,complete_code_fence,wrong_keys,invalid,,null,,,False,False,False,False,stop,106,27,"```json
{
  ""v15"": 0,
  ""e15"": null
}
```"
CJH,PPS-DEV-14,v15,0,False,False,complete_code_fence,wrong_keys,invalid,,null,,,False,False,False,False,stop,106,27,"```json
{
  ""v15"": 0,
  ""e15"": null
}
```"
CJH,PPS-DEV-15,v15,0,False,False,complete_code_fence,wrong_keys,invalid,,null,,,False,False,False,False,stop,106,27,"```json
{
  ""v15"": 0,
  ""e15"": null
}
```"
CJH,PPS-DEV-16,v15,0,False,False,complete_code_fence,wrong_keys,invalid,,null,,,False,False,False,False,stop,106,86,"```json
{
  ""v15"": 1,
  ""근거문구"": ""『중소기업제품 구매촉진 및 판로지원에 관한 법률』 제2조에 따른 소기업자로서 중소기업 범위 및 확인에 관한 규정에 따라 발급된 소기업, 소상공인확인서를 소지한 업체이어야 합니다""
}
```"
CJH,PPS-DEV-17,v15,0,False,False,complete_code_fence,wrong_keys,invalid,,null,,,False,False,False,False,stop,106,83,"```json
{
  ""v15"": 1,
  ""근거문구"": ""「중소기업기본법」제2조에 따른 중소기업자 또는 「소상공인 보호 및 지원에 관한 법률」제2조에 따른 소상공인으로서 중소기업확인서를 소지한 업체이어야 합니다.""
}
```"
CJH,PPS-DEV-18,v15,1,False,False,complete_code_fence,wrong_keys,invalid,,null,,,False,False,False,False,stop,106,68,"```json
{
  ""v15"": 1,
  ""e15"": ""나. 단가입찰, 제한경쟁([수요기관(지방정부)], 소기업·소상공인), 적격심사 및 청렴계약 대상 사업입니다.""
}
```"
CJH,PPS-DEV-19,v15,1,False,False,complete_code_fence,wrong_keys,invalid,,null,,,False,False,False,False,stop,106,301,"```json
{
  ""v15"": 1,
  ""e15"": ""2) 「국가종합전자조달시스템 입찰참가자격등록규정」에 따라 국가종합전자조달시스템에 입찰참가자격 등록마감일시까지 나라장터(G2B)에 가스엔진히트펌프(세부품명번호: 4010180602)를 제조 또는 공급물품으로 등록한 업체로서 공사에서 제시한 규격으로 납품이 가능한 업체\n2) 입찰공고일 전일부터 계약체결일까지 법인등기부등본상 본점소재지(개인사업자인 경우에는 사업자등록증 또는 관련 법령에 따른 허가·인가·면허·등록·신고 등에 관련된 서류에 기재된 사업장의 소재지)를 계속하여 충청북도에 둔 자이어야 합니다.\n3) 「중소기업기본법」제2조제2항에 규정된 소기업자 또는 「소기업 및 소상공인 지원을 위한 특별조치법」 제2조에 따른 소기업·소상공인으로 「중소기업 범위 및 확인에 관한 규정」에 따라 발급된 ‘소기업·소상공인 확인서’를 소지한 자""
}
```"
CJH,PPS-DEV-20,v15,0,False,False,complete_code_fence,wrong_keys,invalid,,null,,,False,False,False,False,stop,106,27,"```json
{
  ""v15"": 0,
  ""e15"": null
}
```"
CJH,PPS-DEV-21,v15,0,False,False,complete_code_fence,wrong_keys,invalid,,null,,,False,False,False,False,stop,106,28,"```json
{
  ""v15"": 0,
  ""근거문구"": null
}
```"
CJH,PPS-DEV-22,v15,0,False,False,complete_code_fence,wrong_keys,invalid,,null,,,False,False,False,False,stop,106,27,"```json
{
  ""v15"": 0,
  ""e15"": null
}
```"
CJH,PPS-DEV-23,v15,0,False,True,,invalid_json:Expecting value: line 1 column 1 (char 0),invalid,,null,,,False,False,False,False,stop,106,254,"```json
{
  ""v15"": 0,
  ""e15"": null
}
```

**판정 근거:**
1. **구매 대상 확인:** 공고의 입찰추정가격은 136,681,818원으로 1억 원 이상이며, 고시금액(2억 3천만 원) 미만입니다.
2. **경쟁제품 여부:** 세부품명번호 `2513189901(드론)`은 참고자료의 경쟁제품 목록에 포함되어 있습니다.
3. **판정 로직 적용:** 판정카드 지침에 따라 ""경쟁제품인 경우""는 정상(0)으로 판정합니다. 또한, 공고문에서 해당 제품을 ""중기간경쟁제품인 드론을 요구하지만, ... 직접생산확인품목에서 제외하고 일반물품으로 입찰공고합니다""라고 명시하여 일반제품(물품)으로 취급하고 있으나, 본질적으로 경쟁제품 목록에 존재하는 품목이므로 '경쟁제품인 경우'에 해당하여 0으로 판정합니다."
CJH,PPS-DEV-24,v15,0,False,False,complete_code_fence,wrong_keys,invalid,,null,,,False,False,False,False,stop,106,105,"```json
{
  ""v15"": 0,
  ""근거문구"": ""4) 「중소기업기본법」 제2조에 따른 중·소기업 또는 「소상공인 보호 및 지원에 관한 법률」 제2조에 따른 소상공인으로서 「중소기업 범위 및 확인에 관한 규정」에 따라 발급된 중·소기업·소상공인확인서를 소지한 자""
}
```"
CJH,PPS-DEV-25,v15,0,False,False,complete_code_fence,wrong_keys,invalid,,null,,,False,False,False,False,stop,106,27,"```json
{
  ""v15"": 0,
  ""e15"": null
}
```"
CJH,PPS-DEV-26,v15,0,False,False,complete_code_fence,wrong_keys,invalid,,null,,,False,False,False,False,stop,106,28,"```json
{
  ""v15"": 0,
  ""근거문구"": null
}
```"
CJH,PPS-DEV-27,v15,0,False,False,complete_code_fence,wrong_keys,invalid,,null,,,False,False,False,False,stop,106,28,"```json
{
  ""v15"": 0,
  ""근거문구"": null
}
```"
CJH,PPS-DEV-28,v15,0,False,False,complete_code_fence,wrong_keys,invalid,,null,,,False,False,False,False,stop,106,27,"```json
{
  ""v15"": 0,
  ""e15"": null
}
```"
CJH,PPS-DEV-29,v15,0,False,False,complete_code_fence,wrong_keys,invalid,,null,,,False,False,False,False,stop,106,27,"```json
{
  ""v15"": 0,
  ""e15"": null
}
```"
CJH,PPS-DEV-30,v15,0,False,False,complete_code_fence,wrong_keys,invalid,,null,,,False,False,False,False,stop,106,28,"```json
{
  ""v15"": 0,
  ""근거문구"": null
}
```"
CJH,PPS-DEV-31,v15,0,False,False,complete_code_fence,wrong_keys,invalid,,null,,,False,False,False,False,stop,106,27,"```json
{
  ""v15"": 0,
  ""e15"": null
}
```"
CJH,PPS-DEV-32,v15,0,False,False,complete_code_fence,wrong_keys,invalid,,null,,,False,False,False,False,stop,106,27,"```json
{
  ""v15"": 0,
  ""e15"": null
}
```"
CJH,PPS-DEV-033,v15,0,False,False,complete_code_fence,wrong_keys,invalid,,null,,,False,False,False,False,stop,106,27,"```json
{
  ""v15"": 0,
  ""e15"": null
}
```"
CJH,PPS-DEV-034,v15,0,False,True,,invalid_json:Expecting value: line 1 column 1 (char 0),invalid,,null,,,False,False,False,False,stop,106,276,"```json
{
  ""v15"": 0,
  ""e15"": null
}
```

**[판정 근거]**
1. **구매 대상 식별**: 공고의 구매 대상은 '교복(하복·동복)'이며, 세부품명번호는 `5310270503`, `5310270501` 등입니다.
2. **경쟁제품 여부 확인**: 제공된 [참고자료: 경쟁제품 목록 발췌]를 확인한 결과, 해당 세부품명번호들은 '경쟁제품' 목록에 포함되어 있지 않은 일반 제품(유니폼 관련)으로 분류됩니다.
3. **금액 구간 확인**: `meta`의 입찰추정가격은 **73,080,000원**입니다.
4. **판정**: v15의 위반 조건은 '입찰추정가격이 **1억 원 이상** 고시금액 미만'이어야 하나, 본 공고의 추정가격은 1억 원 미만(73,080,000원)이므로 금액 구간 조건이 일치하지 않아 **정상(0)**으로 판정합니다."
CJH,PPS-DEV-035,v15,0,False,True,,invalid_json:Expecting value: line 1 column 1 (char 0),invalid,,null,,,False,False,False,False,stop,106,122,"```json
{
  ""v15"": 0,
  ""근거문구"": null
}
```

**판정 근거:**
1. **구매 대상 및 금액 확인**: 공고의 입찰추정가격은 60,000,000원(6천만 원)으로, 판정 기준인 '1억 원 이상'에 해당하지 않습니다.
2. **결과**: 금액 구간이 판정 기준(1억 원 이상)에 미달하므로 정상(0)으로 판정합니다."
CJH,PPS-DEV-036,v15,1,False,False,complete_code_fence,wrong_keys,invalid,,null,,,False,False,False,False,stop,106,123,"```json
{
  ""v15"": 1,
  ""e15"": ""「중소기업기본법」 제2조에 따른 소기업자 또는 「소상공인 보호 및 지원에 관한 법률」 제2조에 따른 소상공인으로서 「중소기업 범위 및 확인에 관한 규정」에 따라 발급된 소기업ㆍ소상공인 확인서(적격심사 서류제출 마감일까지 발급된 것으로 유효기간 내에 있어야 함)를 소지한 업체""
}
```"
CJH,PPS-DEV-037,v15,0,False,True,,invalid_json:Expecting value: line 1 column 1 (char 0),invalid,,null,,,False,False,False,False,stop,106,447,"```json
{
  ""v15"": 0,
  ""e15"": null
}
```

**[판정 근거]**
1. **구매 대상 식별**: 공고의 세부품명은 '전기히트펌프[4010180601]', '히트펌프용실내기[4010178701]', '냉난방기[4010178702]'입니다.
2. **경쟁제품 여부**: 제공된 [참고자료: 경쟁제품 목록 발췌]에는 해당 세부품명번호들이 포함되어 있지 않습니다. 따라서 이 제품들은 **일반제품**에 해당합니다.
3. **금액 구간 확인**: meta의 `입찰추정가격`은 **195,344,545원**으로, 1억 원 이상이며 고시금액(물품 및 용역 기준 2억 3천만 원) 미만 조건에 부합합니다.
4. **기업 규모 제한 확인**: 공고문 3.1항 및 3.2항 등에서 기업 규모(소기업, 소상공인 등)를 특정하여 제한하는 문구가 없습니다. 공고의 `조항호내용`에는 ""[판로지원법 시행령] 중기업, 소기업, 소상공인 제한""이라고 명시되어 있으나, 이는 입찰 참가 자격의 범위를 나타내는 것이며, 실제 공고문 본문(3.1항 등)에서는 특정 기업 규모(소기업/소상공인)로만 제한한다는 명시적 제한(예: ""소기업·소상공인 확인서를 소지한 업체"")이 나타나지 않습니다. 
5. **결론**: 본 공고는 중소기업 전체를 대상으로 하거나 특정 규모를 명시적으로 제한하지 않았으므로, '소기업·소상공인으로만 제한'하는 조건에 해당하지 않아 **0(정상)**으로 판정합니다."
CJH,PPS-DEV-038,v15,0,False,True,,invalid_json:Expecting value: line 1 column 1 (char 0),invalid,,null,,,False,False,False,False,stop,106,295,"```json
{
  ""v15"": 0,
  ""e15"": null
}
```

**판정 근거:**
1. **구매 대상 확인:** 공고의 품명은 '교복(동복, 하복)'이며, 세부품명번호는 `5310270503`, `5310270501` 등입니다.
2. **경쟁제품 여부:** 제공된 [참고자료: 경쟁제품 목록 발췌]를 확인하면, 세부품명번호 `531027` 계열(유니폼)이 목록에 포함되어 있으나, 본 공고의 구체적인 세부품명번호(`5310270501` 등)가 경쟁제품 목록의 제품명번호와 일치하거나 연관된 범주에 속하는지 검토가 필요합니다. 그러나 결정적으로 **입찰추정가격**이 기준을 충족하지 못합니다.
3. **금액 구간 확인:** `meta`의 `입찰추정가격`은 **34,090,909원**입니다. 판정 기준인 '1억 원 이상'에 해당하지 않으므로, 해당 항목의 적용 대상이 아닙니다. (정상 0 조건: 금액 구간이 다름)"
CJH,PPS-DEV-039,v15,0,False,True,,invalid_json:Expecting value: line 1 column 1 (char 0),invalid,,null,,,False,False,False,False,stop,106,215,"```json
{
  ""v15"": 0,
  ""e15"": null
}
```

**[판정 근거]**
1. **구매 대상 식별**: 본 공고의 대상은 '농촌 혁신아이디어 콘테스트 운영 용역'으로, 제공된 경쟁제품 목록(가구, 회의기획, 측량용역, 경비서비스 등)에 해당하지 않는 **일반 용역**입니다.
2. **금액 구간 확인**: meta 정보의 `입찰추정가격`은 **63,636,364원**입니다. 이는 판정 기준인 **'1억 원 이상' 조건에 해당하지 않습니다.** (1억 원 미만)
3. **결론**: 입찰 금액이 1억 원 미만이므로, 해당 항목의 위반 여부를 판단하는 전제 조건(1억 원 이상)을 충족하지 못하여 정상(0)으로 판정합니다."
CJH,PPS-DEV-040,v15,0,False,False,complete_code_fence,wrong_keys,invalid,,null,,,False,False,False,False,stop,106,44,"```json
{
  ""v15"": 0,
  ""e15"": ""[판로지원법 시행령] 소기업,소상공인제한""
}
```"
CJH,PPS-DEV-041,v15,0,False,False,complete_code_fence,wrong_keys,invalid,,null,,,False,False,False,False,stop,106,27,"```json
{
  ""v15"": 0,
  ""e15"": null
}
```"
CJH,PPS-DEV-042,v15,0,False,False,complete_code_fence,wrong_keys,invalid,,null,,,False,False,False,False,stop,106,27,"```json
{
  ""v15"": 0,
  ""e15"": null
}
```"
CJH,PPS-DEV-043,v15,0,False,False,complete_code_fence,wrong_keys,invalid,,null,,,False,False,False,False,stop,106,28,"```json
{
  ""v15"": 0,
  ""근거문구"": null
}
```"
CJH,PPS-DEV-044,v15,0,False,False,complete_code_fence,wrong_keys,invalid,,null,,,False,False,False,False,stop,106,28,"```json
{
  ""v15"": 0,
  ""근거문구"": null
}
```"
CJH,PPS-DEV-045,v15,0,False,False,complete_code_fence,wrong_keys,invalid,,null,,,False,False,False,False,stop,106,111,"```json
{
  ""v15"": 1,
  ""e15"": ""「중소기업기본법」 제2조에 따른 중소기업 또는 「소상공인 보호 및 지원에 관한 법률」 제2조에 따른 소상공인으로서 「중소기업 범위 및 확인에 관한 규정(중소벤처기업부 고시)」 에 따라 발급된 ‘중소기업·소상공인 확인서’를 소지한 자""
}
```"
CJH,PPS-DEV-046,v15,0,False,False,complete_code_fence,wrong_keys,invalid,,null,,,False,False,False,False,stop,106,132,"```json
{
  ""v15"": 0,
  ""e15"": ""3) 「중소기업기본법」제2조에 따른 중·소기업 또는 「소상공인 보호 및 지원에 관한 법률」 제2조에 따른 소상공인으로서 「중소기업 범위 및 확인에 관한 규정」에 따라 발급된 중·소기업·소상공인 확인서(계약이행능력심사 서류제출 마감일까지 발급된 것으로 유효기간 내에 있어야 함)를 소지한 업체""
}
```"
CJH,PPS-DEV-047,v15,0,False,False,complete_code_fence,wrong_keys,invalid,,null,,,False,False,False,False,stop,106,112,"```json
{
  ""v15"": 0,
  ""근거문구"": ""라. 「중소기업제품 구매촉진 및 판로지원에 관한 법률 시행령」 제2조의2 및 「중소기업기본법」 제2조제2항에 따른 중·소기업 또는 「소상공인기본법」 제2조에 따른 소상공인 간 제한경쟁입찰에 따라 조달계약을 체결하여야 한다.""
}
```"
CJH,PPS-DEV-048,v15,0,False,False,complete_code_fence,wrong_keys,invalid,,null,,,False,False,False,False,stop,106,116,"```json
{
  ""v15"": 1,
  ""근거문구"": ""「중소기업기본법」제2조에 따른 중·소기업자 또는 「소상공인 보호 및 지원에 관한 법률」 제2조에 따른 소상공인으로서 「중소기업 범위 및 확인에 관한 규정」에 따라 발급된 중ㆍ소기업 또는 소상공인확인서를 소지한 업체로 다음 각 호의 자격을 모두 갖추어야 함.""
}
```"
CJH,PPS-DEV-049,v15,0,False,False,complete_code_fence,wrong_keys,invalid,,null,,,False,False,False,False,stop,106,110,"```json
{
  ""v15"": 0,
  ""근거문구"": ""다. 「중소기업기본법」 제2조에 따른 중기업, 소기업 또는 「소상공인 보호 및 지원에 관한 법률」 제2호에 따른 소상공인으로서, 「중소기업 범위 및 확인에 관한 규정」에 따라 발급된 중기업, 소기업, 소상공인 확인서를 소지한자 이어야 합니다.""
}
```"
CJH,PPS-DEV-050,v15,0,False,False,complete_code_fence,wrong_keys,invalid,,null,,,False,False,False,False,stop,106,107,"```json
{
  ""v15"": 1,
  ""e15"": ""「중소기업기본법」제2조에 따른 중소기업자 및 「소상공인 보호 및 지원에 관한 법률」제2조에 따른 소상공인으로서「중·소기업·소상공인 및 장애인기업 확인요령」에 따라 발급된 중·소기업·소상공인 확인서를 소지한 업체""
}
```"
CJH,PPS-DEV-051,v15,0,False,True,,invalid_json:Expecting value: line 1 column 1 (char 0),invalid,,null,,,False,False,False,False,stop,106,463,"```json
{
  ""v15"": 0,
  ""e15"": ""⑦ 『중소기업제품 구매촉진 및 판로지원에 관한 법률』 제4조, 같은 법 시행령 제2조의2 및 『소상공인 보호 및 지원에 관한 법률』 제2조에 따른 중, 소기업 또는 소상공인으로서 ｢중소기업․소상공인 및 장애인기업 확인요령｣에 따라 발급된 중소기업․ 소상공인확인서 (입찰 마감일 전일까지 발급된 것으로 유효기간내에 있어야 함)를 소지한 업체""
}
```

**판정 근거 설명:**
1. **구매 대상 식별:** 공고의 품목은 '이동형X선 투시장치(C-ARM)'이며, 세부품명번호는 '4110180201'입니다.
2. **경쟁제품 여부:** 제공된 [참고자료: 경쟁제품 목록 발췌]를 확인한 결과, 해당 세부품명번호(4110180201)는 경쟁제품 목록에 포함되어 있지 않습니다. 따라서 이 제품은 **일반제품**입니다.
3. **금액 구간 확인:** `meta`의 입찰추정가격은 **245,454,545원**입니다. 이는 1억 원 이상이며, 재정경제부장관이 고시하는 금액(물품 및 용역 기준 2억 3천만 원) 미만인 구간에 해당합니다.
4. **제한 범위 확인:** 공고문 5번의 ⑦항을 보면, 참가 자격을 ""중, 소기업 또는 소상공인""으로 제한하고 있습니다. 이는 '소기업·소상공인'만을 배타적으로 제한하는 것이 아니라, **'중기업'을 포함한 중소기업 전체**를 대상으로 하는 제한입니다.
5. **결론:** 판정 기준에 따라 '중소기업 전체로 제한한 경우'는 **정상(0)**에 해당합니다."
CJH,PPS-DEV-052,v15,0,False,False,complete_code_fence,wrong_keys,invalid,,null,,,False,False,False,False,stop,106,119,"```json
{
  ""v15"": 1,
  ""근거문구"": ""마. 「중소기업제품 구매촉진 및 판로지원에 관한 법률」 제2조에 따른 중소기업자 및 「소상공인 보호 및 지원에 관한 법률」 제2조에 따른 소상공인으로서「중·소기업·소상공인 장애인기업 확인요령」에 따라 발급된 중·소기업·소상공인확인서를 소지한 업체""
}
```"
CJH,PPS-DEV-053,v15,0,False,False,complete_code_fence,wrong_keys,invalid,,null,,,False,False,False,False,stop,106,28,"```json
{
  ""v15"": 0,
  ""근거문구"": null
}
```"
CJH,PPS-DEV-054,v15,0,False,False,complete_code_fence,wrong_keys,invalid,,null,,,False,False,False,False,stop,106,120,"```json
{
  ""v15"": 1,
  ""e15"": ""라. 「중소기업기본법」제2조에 따른 중·소기업자 및「소상공인 보호 및 지원에 관한 법률」제2조에 따른 소상공인으로서「중소기업 범위 및 확인에 관한 규정」에 따라 발급된 중·소기업·소상공인 확인서(입찰마감 전일까지 발급 및 유효기간 내)를 소지한 자""
}
```"
CJH,PPS-DEV-055,v15,1,False,False,complete_code_fence,wrong_keys,invalid,,null,,,False,False,False,False,stop,106,95,"```json
{
  ""v15"": 1,
  ""근거문구"": ""「중소기업기본법」제2조에 따른 소기업 또는 「소상공인 보호 및 지원에 관한 법률」제2조에 따른 소상공인으로서 ‘소기업·소상공인확인서(용도: 공공기관 입찰용)’를 소지한 자""
}
```"
CJH,PPS-DEV-056,v15,0,False,True,,invalid_json:Expecting value: line 1 column 1 (char 0),invalid,,null,,,False,False,False,False,stop,106,234,"```json
{
  ""v15"": 0,
  ""근거문구"": null
}
```

**판정 근거:**
1. **구매 대상 식별:** 본 공고의 대상은 '공기업 해운부문 외부사업 운영 지원 및 감축사업 활성화 용역'이며, 세부품명번호 '8111219901(인터넷지원개발서비스)'에 해당합니다. 이는 참고자료의 경쟁제품 목록에 포함된 일반제품(용역)입니다.
2. **금액 구간 확인:** `meta`의 입찰추정가격은 **80,000,000원(8천만 원)**입니다.
3. **판정 결과:** 판정 질문의 조건인 **'1억 원 이상'**을 만족하지 않습니다(추정가격 8천만 원 < 1억 원). 따라서 해당 항목의 조건(1억 원 이상 고시금액 미만)에 부합하지 않으므로 **정상(0)**으로 판정합니다."
CJH,PPS-DEV-057,v15,0,False,False,complete_code_fence,wrong_keys,invalid,,null,,,False,False,False,False,stop,106,107,"```json
{
  ""v15"": 1,
  ""e15"": ""다. 「중소기업기본법」 제2조에 따른 중·소기업 또는 「소상공인 보호 및 지원에 관한 법률」 제2조에 따른 소상공인으로서, 「중소기업 범위 및 확인에 관한 규정」에 따라 발급된 중·소기업·소상공인확인서를 소지한 업체일 것""
}
```"
CJH,PPS-DEV-058,v15,0,False,True,,invalid_json:Expecting value: line 1 column 1 (char 0),invalid,,null,,,False,False,False,False,stop,106,391,"```json
{
  ""v15"": 0,
  ""e15"": null
}
```

**판정 근거:**
1. **구매 대상 식별:** 공고의 대상은 '담수생물표본 확보 사업'으로, 과업내용에 따르면 '국내 담수식물 표본 확보 1,438종(10,000점) 등'을 수행하는 용역입니다.
2. **경쟁제품 여부:** 제공된 [참고자료: 경쟁제품 목록 발췌]를 확인한 결과, 해당 품목(식물 표본 관련)은 경쟁제품 목록에 포함되어 있지 않은 일반제품(용역)입니다.
3. **금액 구간 확인:** meta의 입찰추정가격은 172,727,273원으로, 1억 원 이상이며 재정경제부장관이 고시하는 금액(물품 및 용역 2억 3천만 원) 미만 구간에 해당합니다.
4. **기업 규모 제한 확인:** 공고문 상단 및 조항호내용(업종제한여부: Y, 조항호내용: [판로지원법 시행령] 중기업, 소기업, 소상공인 제한)을 보면, 입찰 참가 자격에 대해 '중기업, 소기업, 소상공인'을 대상으로 제한하고 있습니다.
5. **결론:** 판정 기준에 따르면, 1억 원 이상 고시금액 미만 구간에서 '소기업·소상공인'만으로 제한하는 것이 아니라 **'중기업'을 포함하여 제한**하고 있으므로, 이는 '중소기업 전체로 제한한 경우'에 해당하여 v15는 0(정상)입니다."
CJH,PPS-DEV-059,v15,0,False,True,,invalid_json:Expecting value: line 1 column 1 (char 0),invalid,,null,,,False,False,False,False,stop,106,171,"```json
{
  ""v15"": 0,
  ""e15"": null
}
```

**[판정 근거]**
1. **구매 대상 식별**: 본 공고의 대상은 '통근버스 운영 위탁 용역'입니다.
2. **금액 확인**: meta의 입찰추정가격은 **83,454,545원**입니다.
3. **판정 결과**: 판정 기준인 '1억 원 이상 고시금액 미만' 조건(1억 원 이상)을 만족하지 못하므로(83,454,545원 < 1억 원), 해당 항목의 위반 여부를 따질 필요 없이 **정상(0)**으로 판정합니다."
CJH,PPS-DEV-060,v15,0,False,False,complete_code_fence,wrong_keys,invalid,,null,,,False,False,False,False,stop,106,173,"```json
{
  ""v15"": 0,
  ""e15"": ""4) ｢중소기업제품 구매촉진 및 판로지원에 관한 법률｣ 제6조, 제8조, 제9조 및 동법 시행령 제9조에 의한 유자격자로서 전시회기획 및 대행서비스(세부 제품 번호: 8014198801) 혹은 국제행사기획 및 대행서비스(세부 제품 번호: 8014198901) 혹은 기타행사기획 및 대행서비스(세부 제품 번호: 8014199001) 품목 등에 대한 직접생산증명서를 소지한 업체""
}
```"
CJH,PPS-DEV-061,v15,0,False,True,,invalid_json:Expecting value: line 1 column 1 (char 0),invalid,,null,,,False,False,False,False,stop,106,285,"```json
{
  ""v15"": 0,
  ""e15"": null
}
```

**[판정 근거]**
1. **구매 대상 식별**: 본 공고의 대상은 '2026년 상반기 HOT! 생생 라이브공연 행사대행 용역'입니다.
2. **경쟁제품 여부 확인**: 제공된 [경쟁제품 목록 발췌] 자료를 확인한 결과, '전시회, 회의 및 행사대행서비스(세부품명번호: 8014190201, 8014198901, 8014199001)'가 목록에 포함되어 있습니다. 본 공고의 사업 내용(행사대행 용역)은 해당 경쟁제품군에 속합니다.
3. **금액 구간 확인**: `meta`의 입찰추정가격은 72,727,273원으로, 판정 기준인 '1억 원 이상'에 해당하지 않습니다.
4. **결론**: 본 공고의 대상은 경쟁제품에 해당하며, 추정가격 또한 1억 원 미만이므로 해당 항목의 위반 여부 판정 대상이 아닙니다. (정상 0)"
CJH,PPS-DEV-062,v15,0,False,False,complete_code_fence,wrong_keys,invalid,,null,,,False,False,False,False,stop,106,27,"```json
{
  ""v15"": 0,
  ""e15"": null
}
```"
CJH,PPS-DEV-063,v15,0,False,True,,invalid_json:Expecting value: line 1 column 1 (char 0),invalid,,null,,,False,False,False,False,stop,106,330,"```json
{
  ""v15"": 0,
  ""e15"": null
}
```

**판정 근거:**
1. **구매 대상 및 금액 확인:** 입찰추정가격은 165,869,091원으로 1억 원 이상 고시금액(2억 3천만 원) 미만 구간에 해당합니다.
2. **경쟁제품 여부 확인:** 공고문에서 요구하는 세부품명번호 '9212159901(시설물경비서비스)'은 참고자료의 경쟁제품 목록에 포함되어 있습니다. (경쟁제품 목록의 특이사항에 따르면 '경비업법상의 기계경비업, 특수경비업 제외'라고 되어 있으나, 본 공고는 '시설경비업(1164)'을 대상으로 하므로 경쟁제품 여부를 확인해야 합니다. 다만, 판정 기준상 '중소기업 전체 제한' 여부가 우선입니다.)
3. **기업 규모 제한 확인:** 입찰참가자격 '라'항을 보면 ""해당 물품의 직접생산확인증명서를 소지한 업체""라고 명시되어 있으며, 이는 특정 기업 규모(소기업·소상공인)로 제한하는 것이 아니라 중소기업 제품의 직접생산 확인을 갖춘 업체(중소기업 전체 대상)를 대상으로 합니다. 따라서 소기업·소상공인으로만 제한한 것이 아니므로 정상(0)입니다."
CJH,PPS-DEV-064,v15,0,False,False,complete_code_fence,wrong_keys,invalid,,null,,,False,False,False,False,stop,106,27,"```json
{
  ""v15"": 0,
  ""e15"": null
}
```"
CJH,PPS-DEV-065,v15,0,False,False,complete_code_fence,wrong_keys,invalid,,null,,,False,False,False,False,stop,106,113,"```json
{
  ""v15"": 0,
  ""e15"": ""｢중소기업기본법｣ 제2조에 따른 중소기업자 또는 ｢소상공인 보호 및 지원에 관한 법률｣ 제2조에 따른 소상공인으로서, ｢중소기업 범위 및 확인에 관한 규정｣에 따라 발급된 중기업 확인서, 중소기업확인서, 소기업확인서 중 하나를 소지한 업체""
}
```"
CJH,PPS-DEV-066,v15,0,False,False,complete_code_fence,wrong_keys,invalid,,null,,,False,False,False,False,stop,106,46,"```json
{
  ""v15"": 1,
  ""e15"": ""[판로지원법 시행령] 중기업,소기업,소상공인 제한""
}
```"
CJH,PPS-DEV-067,v15,0,False,True,,non_stop_finish,invalid,,null,,,False,False,False,False,length,,512,"```json
{
  ""v15"": 0,
  ""e15"": null
}
```

**판정 근거:**
1. **구매 대상 식별:** 본 공고의 용역명은 '2026년도 학교 기숙사 실내 공기질 특별점검 위탁 운영'이며, 이는 일반적인 용역(서비스)에 해당합니다.
2. **경쟁제품 여부 확인:** 제공된 [경쟁제품 목록 발췌] 자료를 확인한 결과, '측량용역'이나 '공간정보DB구축서비스' 등은 있으나, 본 공고의 대상인 '실내 공기질 측정/점검'과 관련된 세부품명은 목록에 존재하지 않습니다. 따라서 본 건은 **일반제품(용역)**에 해당합니다.
3. **금액 구간 확인:** meta의 입찰추정가격은 **138,045,455원**으로, 1억 원 이상이며 고시금액(2억 3천만 원) 미만인 조건에 부합합니다.
4. **기업 규모 제한 확인:** 공고문 2번(입찰 참가 자격) 및 조항호내용(판로지원법 시행령 소기업, 소상공인 제한)을 검토한 결과, 본 공고는 **'소기업, 소상공인제한'**을 명시하고 있으나, 이는 중소기업법에 따른 제한 사항을 나타내는 것이며, 판정 기준상 '중소기업 전체로 제한한 경우'가 아닌 '소기업·소상공인'으로 특정하여 제한하고 있습니다.
5. **결정적 사유 (정상 0 판정):** [공고 정보]의 `조항호내용`에 따르면 `[판로지원법 시행령] 소기업,소상공인제한`이라고 명시되어 있으나, 본 공고의 입찰 참가 자격(2-가~마)을 보면 특정 기업 규모(소기업/소상공인)를 명시적으로 제한하는 문구가 공고문 본문(2번 항목)에는 나타나 있지 않고, meta 정보와 조항호 내용에만 존재합니다. 또한, 판정 기준의 '정상' 조건 중 **'중소기업 전체로 제한한 경우'**"
CJH,PPS-DEV-068,v15,0,False,False,complete_code_fence,wrong_keys,invalid,,null,,,False,False,False,False,stop,106,27,"```json
{
  ""v15"": 0,
  ""e15"": null
}
```"
CJH,PPS-DEV-069,v15,0,False,False,complete_code_fence,wrong_keys,invalid,,null,,,False,False,False,False,stop,106,110,"```json
{
  ""v15"": 1,
  ""근거문구"": ""「중소기업기본법」 제2조제2항에 따른 소기업, 「소상공인기본법」 제2조에 따른 소상공인, 「벤처기업육성에 관한 특별법」 제2조제1항에 따른 벤처기업 또는 「중소기업창업 지원법」 제2조제2호에 따른 창업자""
}
```"
CJH,PPS-DEV-070,v15,0,False,False,complete_code_fence,wrong_keys,invalid,,null,,,False,False,False,False,stop,106,108,"```json
{
  ""v15"": 1,
  ""e15"": ""「중소기업기본법」제2조제2항, 「소상공인 보호 및 지원에 관한법률」제2조에 의거 소기업 또는 소상공인으로, 「중소기업 범위 및 확인에 관한 규정」에 따라 발급한 소기업 또는 소상공인 확인서를 소지한 업체만 입찰에 참가 가능합니다.""
}
```"
CJH,PPS-DEV-071,v15,0,False,False,complete_code_fence,wrong_keys,invalid,,null,,,False,False,False,False,stop,106,102,"```json
{
  ""v15"": 1,
  ""근거문구"": ""「중소기업기본법」 제2조에 따른 중·소기업자 또는 「소상공인 보호 및 지원에 관한 법률」 제2조에 따른 소상공인으로서 중·소기업 범위 및 확인에 관한 규정에 따라 발급된 중·소기업 또는 소상공인확인서를 소지한 업체""
}
```"
CJH,PPS-DEV-072,v15,0,False,True,,invalid_json:Expecting value: line 1 column 1 (char 0),invalid,,null,,,False,False,False,False,stop,106,167,"```json
{
  ""v15"": 0,
  ""e15"": null
}
```

**판정 근거:**
1. **구매 대상 식별:** 공고의 대상은 '연수시설 임차 용역'입니다.
2. **금액 확인:** `meta`의 입찰추정가격은 **38,600,000원**입니다.
3. **조건 검토:** 판정 기준인 '1억 원 이상 고시금액 미만' 조건에 해당하지 않습니다. (추정가격이 1억 원 미만임)
4. **결론:** 금액 구간이 조건(1억 원 이상)을 만족하지 않으므로 정상(0)으로 판정합니다."
CJH,PPS-DEV-073,v15,0,False,False,complete_code_fence,wrong_keys,invalid,,null,,,False,False,False,False,stop,106,28,"```json
{
  ""v15"": 0,
  ""근거문구"": null
}
```"
CJH,PPS-DEV-074,v15,0,False,False,complete_code_fence,wrong_keys,invalid,,null,,,False,False,False,False,stop,106,27,"```json
{
  ""v15"": 0,
  ""e15"": null
}
```"
CJH,PPS-DEV-075,v15,0,False,False,complete_code_fence,wrong_keys,invalid,,null,,,False,False,False,False,stop,106,108,"```json
{
  ""v15"": 0,
  ""e15"": ""다. 「중소기업기본법」 제2조에 따른 중소기업자 또는 「소상공인기본법」제2조에 따른 소상공인으로 「중소기업범위 및 확인에 관한 규정」에 따라 발급된 유효 기간 내의 ‘중소기업 또는 소상공인확인서’를 소지한 업체""
}
```"
CJH,PPS-DEV-076,v15,0,False,False,complete_code_fence,wrong_keys,invalid,,null,,,False,False,False,False,stop,106,101,"```json
{
  ""v15"": 1,
  ""근거문구"": ""라.「중소기업기본법」제2조에 따른 중소기업 또는「소상공인 보호 및 지원에 관한 법률」제2조에 따른 소상공인으로서「중소기업 범위 및 확인에 관한 규정」에 따라 발급된 소기업·소상공인 확인서를 소지한 업체""
}
```"
CJH,PPS-DEV-077,v15,0,False,False,complete_code_fence,wrong_keys,invalid,,null,,,False,False,False,False,stop,106,27,"```json
{
  ""v15"": 0,
  ""e15"": null
}
```"
CJH,PPS-DEV-078,v15,0,False,False,complete_code_fence,wrong_keys,invalid,,null,,,False,False,False,False,stop,106,27,"```json
{
  ""v15"": 0,
  ""e15"": null
}
```"
CJH,PPS-DEV-079,v15,1,False,False,complete_code_fence,wrong_keys,invalid,,null,,,False,False,False,False,stop,106,103,"```json
{
  ""v15"": 1,
  ""e15"": ""6) 「중소기업기본법」제2조에 따른 소기업자 및 「소상공인 보호 및 지원에 관한 법률」제2조에 따른 소상공인으로서 「중소기업 범위 및 확인에 관한 규정」에 따라 발급된 <소기업 또는 소상공인 확인서>를 소지한 업체""
}
```"
CJH,PPS-DEV-080,v15,1,False,False,complete_code_fence,wrong_keys,invalid,,null,,,False,False,False,False,stop,106,103,"```json
{
  ""v15"": 1,
  ""근거문구"": ""다. ｢중소기업기본법｣ 제2조에 따른 소기업자 또는 ｢소상공인기본법｣ 제2조에 따른 소상공인으로서 ｢중소기업 범위 및 확인에 관한 규정｣에 따라 발급된 <소기업·소상공인 확인서>를 소지한 업체""
}
```"
CJH,PPS-DEV-081,v15,0,False,False,complete_code_fence,wrong_keys,invalid,,null,,,False,False,False,False,stop,106,28,"```json
{
  ""v15"": 0,
  ""근거문구"": null
}
```"
CJH,PPS-DEV-082,v15,0,False,False,complete_code_fence,wrong_keys,invalid,,null,,,False,False,False,False,stop,106,28,"```json
{
  ""v15"": 0,
  ""근거문구"": null
}
```"
CJH,PPS-DEV-083,v15,0,False,False,complete_code_fence,wrong_keys,invalid,,null,,,False,False,False,False,stop,106,27,"```json
{
  ""v15"": 0,
  ""e15"": null
}
```"
CJH,PPS-DEV-084,v15,0,False,False,complete_code_fence,wrong_keys,invalid,,null,,,False,False,False,False,stop,106,27,"```json
{
  ""v15"": 0,
  ""e15"": null
}
```"
CJH,PPS-DEV-085,v15,0,False,False,complete_code_fence,wrong_keys,invalid,,null,,,False,False,False,False,stop,106,156,"```json
{
  ""v15"": 0,
  ""e15"": ""3-1. 3) 「중소기업기본법」제2조에 따른 소기업자 또는 「소상공인 보호 및 지원에 관한 법률」제2조에 따른 소상공인으로서 「중소기업 범위 및 확인에 관한 규정」에 따라 발급된 <소기업·소상공인 확인서>를 소지한 업체(단, 「중소기업제품 구매촉진 및 판로지원에 관한 법률 시행령」제2조의3제1항제2호의가목에 따라 비영리법인은 입찰참가 가능)""
}
```"
CJH,PPS-DEV-086,v15,0,False,False,complete_code_fence,wrong_keys,invalid,,null,,,False,False,False,False,stop,106,27,"```json
{
  ""v15"": 0,
  ""e15"": null
}
```"
CJH,PPS-DEV-087,v15,0,False,False,complete_code_fence,wrong_keys,invalid,,null,,,False,False,False,False,stop,106,27,"```json
{
  ""v15"": 0,
  ""e15"": null
}
```"
CJH,PPS-DEV-088,v15,0,False,False,complete_code_fence,wrong_keys,invalid,,null,,,False,False,False,False,stop,106,93,"```json
{
  ""v15"": 0,
  ""e15"": ""「중소기업기본법」에 따른 중소기업 또는「소상공인 보호 및 지원에 관한 법률」에 따른 소상공인으로서 「중소기업 범위 및 확인에 관한 규정」에 따라 발급된 중소기업․소상공인 확인서를 소지한 업체""
}
```"
CJH,PPS-DEV-089,v15,0,False,False,complete_code_fence,wrong_keys,invalid,,null,,,False,False,False,False,stop,106,28,"```json
{
  ""v15"": 0,
  ""근거문구"": null
}
```"
CJH,PPS-DEV-090,v15,0,False,False,complete_code_fence,wrong_keys,invalid,,null,,,False,False,False,False,stop,106,27,"```json
{
  ""v15"": 0,
  ""e15"": null
}
```"
CJH,PPS-DEV-091,v15,0,False,False,complete_code_fence,wrong_keys,invalid,,null,,,False,False,False,False,stop,106,28,"```json
{
  ""v15"": 0,
  ""근거문구"": null
}
```"
CJH,PPS-DEV-092,v15,0,False,True,,invalid_json:Expecting value: line 1 column 1 (char 0),invalid,,null,,,False,False,False,False,stop,106,249,"```json
{
  ""v15"": 0,
  ""e15"": null
}
```

**판정 근거 설명:**
1. **구매 대상 식별:** 공고의 대상은 '배기가스측정기' 및 '디젤기관매연측정기'입니다.
2. **경쟁제품 여부 확인:** 제공된 [참고자료: 경쟁제품 목록 발췌]를 확인한 결과, 해당 세부품명번호(4111310101, 2519180301)는 경쟁제품 목록에 포함되어 있지 않습니다. 따라서 일반제품으로 분류됩니다.
3. **금액 구간 확인:** `meta`의 입찰추정가격은 **30,727,273원**입니다. 이는 판정 기준인 '1억 원 이상 고시금액 미만' 조건에 해당하지 않습니다 (3천만 원대이므로 1억 원 미만임).
4. **결론:** 금액 구간 조건(1억 원 이상)을 만족하지 못하므로 정상(0)으로 판정합니다."
CJH,PPS-DEV-093,v15,0,False,False,complete_code_fence,wrong_keys,invalid,,null,,,False,False,False,False,stop,106,122,"```json
{
  ""v15"": 0,
  ""e15"": ""다. 「중소기업기본법」제2조에 따른 중소기업자 또는 「소상공인 보호 및 지원에 관한 법률」제2조에 따른 소상공인으로서 「중소기업 범위 및 확인에 관한 규정」에 따라 발급된 중·소기업·소상공인 확인서(계약체결일까지 발급된 것으로 유효기간 내에 있어야 함)를 소지한 업체""
}
```"
CJH,PPS-DEV-094,v15,0,False,False,complete_code_fence,wrong_keys,invalid,,null,,,False,False,False,False,stop,106,28,"```json
{
  ""v15"": 0,
  ""근거문구"": null
}
```"
CJH,PPS-DEV-095,v15,0,False,True,,invalid_json:Expecting value: line 1 column 1 (char 0),invalid,,null,,,False,False,False,False,stop,106,187,"```json
{
  ""v15"": 0,
  ""e15"": null
}
```

**[판정 근거]**
1. **구매 대상 식별**: 본 공고의 대상은 '지방정부 경로당 안마의자 임차 및 유지 관리용역'입니다.
2. **입찰추정가격 확인**: meta 정보에 따르면 `입찰추정가격`은 **58,909,091원**입니다.
3. **금액 구간 판정**: 판정 기준인 '1억 원 이상 고시금액 미만' 조건에 해당하지 않습니다. (추정가격이 1억 원 미만임)
4. **결론**: 금액 구간이 조건(1억 원 이상)을 만족하지 못하므로 정상(0)으로 판정합니다."
CJH,PPS-DEV-096,v15,0,False,False,complete_code_fence,wrong_keys,invalid,,null,,,False,False,False,False,stop,106,119,"```json
{
  ""v15"": 1,
  ""근거문구"": ""나.「중소기업기본법」제2조에 따른 중/소기업자 및 「소상공인 보호 및 지원에 관한 법률」제2조에 따른 소기업 및 소상공인으로서 중/소기업·소상공인확인서(전자입찰서 제출 마감일 전일까지 발급된 것으로 유효기간 내에 있어야 함)를 소지한 업체이어야 합니다.""
}
```"
CJH,PPS-DEV-097,v15,0,False,False,complete_code_fence,wrong_keys,invalid,,null,,,False,False,False,False,stop,106,27,"```json
{
  ""v15"": 0,
  ""e15"": null
}
```"
CJH,PPS-DEV-098,v15,0,False,False,complete_code_fence,wrong_keys,invalid,,null,,,False,False,False,False,stop,106,102,"```json
{
  ""v15"": 1,
  ""e15"": ""라. 「중소기업기본법」제2조에 따른 소기업 및 「소상공인 보호 및 지원에 관한 법률」제2조에 따른 소상공인으로서 「중소기업 범위 및 확인에 관한 규정」에 따라 발급된 중 ‧ 소기업 · 소상공인 확인서를 소지한 업체""
}
```"
CJH,PPS-DEV-099,v15,0,False,False,complete_code_fence,wrong_keys,invalid,,null,,,False,False,False,False,stop,106,27,"```json
{
  ""v15"": 0,
  ""e15"": null
}
```"
CJH,PPS-DEV-100,v15,0,False,False,complete_code_fence,wrong_keys,invalid,,null,,,False,False,False,False,stop,106,28,"```json
{
  ""v15"": 0,
  ""근거문구"": null
}
```"
CJH,PPS-DEV-101,v15,0,False,False,complete_code_fence,wrong_keys,invalid,,null,,,False,False,False,False,stop,106,27,"```json
{
  ""v15"": 0,
  ""e15"": null
}
```"
CJH,PPS-DEV-102,v15,0,False,True,,invalid_json:Expecting value: line 1 column 1 (char 0),invalid,,null,,,False,False,False,False,stop,106,219,"```json
{
  ""v15"": 0,
  ""e15"": null
}
```

**판정 근거:**
1. **구매 대상 식별:** 공고의 품명은 '잡석'이며, 세부품명번호는 `1111169701`입니다.
2. **경쟁제품 여부 확인:** 제공된 [참고자료: 경쟁제품 목록 발재]에 따르면, 세부품명번호 `1111169701`(잡석)은 '경쟁제품' 목록에 포함되어 있습니다.
3. **금액 구간 확인:** meta의 입찰추정가격은 `23,406,545원`으로, 판정 기준인 '1억 원 이상'에 해당하지 않습니다.
4. **결론:** 해당 제품은 경쟁제품이며, 금액 구간 또한 기준(1억 원 이상)에 미달하므로 정상(0)으로 판정합니다."
CJH,PPS-DEV-103,v15,0,False,False,complete_code_fence,wrong_keys,invalid,,null,,,False,False,False,False,stop,106,28,"```json
{
  ""v15"": 0,
  ""근거문구"": null
}
```"
CJH,PPS-DEV-104,v15,0,False,True,,invalid_json:Expecting value: line 1 column 1 (char 0),invalid,,null,,,False,False,False,False,stop,106,243,"```json
{
  ""v15"": 0,
  ""근거문구"": null
}
```

**[판정 근거]**
1. **구매 대상 식별**: 공고의 품목은 '화살(4918160301)', '양궁활(4918160201)' 등입니다.
2. **경쟁제품 여부 확인**: 제공된 [참고자료: 경쟁제품 목록 발췌]를 확인한 결과, 해당 세부품명번호들은 경쟁제품 목록에 포함되어 있지 않습니다. 따라서 이 제품은 **일반제품**에 해당합니다.
3. **금액 구간 확인**: meta의 `입찰추정가격`은 **24,545,455원**입니다. 이는 판정 기준인 **'1억 원 이상 고시금액 미만' 구간에 해당하지 않습니다.** (1억 원 미만임)
4. **결론**: 금액 구간이 조건(1억 원 이상)을 충족하지 못하므로 정상(0)으로 판정합니다."
CJH,PPS-DEV-105,v15,0,False,False,complete_code_fence,wrong_keys,invalid,,null,,,False,False,False,False,stop,106,149,"```json
{
  ""v15"": 0,
  ""e15"": ""※ 본 건은 추정가격 1억원 미만의 용역으로써 「중소기업제품 구매촉진 및 판로지원에 관한 법률 시행령」제2조의2(중소기업자와의 우선조달계약)에 의거 소기업 또는 소상공인 우선조달계약 대상이나, 같은 법 시행령 제2조의3(중소기업자와의 우선조달 계약에 대한 예외)제1항1호에 해당하여 소기업․소상공인 우선조달계약에 대한 예외로 취급합니다.""
}
```"
CJH,PPS-DEV-106,v15,0,False,True,,invalid_json:Expecting value: line 1 column 1 (char 0),invalid,,null,,,False,False,False,False,stop,106,228,"```json
{
  ""v15"": 0,
  ""e15"": null
}
```

**판정 근거:**
1. **구매 대상 확인**: 공고의 품명은 '레진콘크리트관(폴리에스테르수지콘크리트관)'이며, 세부품명번호는 '4014210906'입니다.
2. **금액 구간 확인**: `meta`의 입찰추정가격은 **49,780,000원**입니다.
3. **위반 여부 판정**: 해당 항목(v15)의 판정 조건은 **'입찰추정가격이 1억 원 이상 고시금액 미만'**인 경우를 대상으로 합니다. 본 공고의 추정가격은 약 4,978만 원으로, 1억 원 미만에 해당하므로 판정 대상 구간(1억 원 이상)에 해당하지 않습니다. 따라서 정상(0)으로 판정합니다."
CJH,PPS-DEV-107,v15,0,False,False,complete_code_fence,wrong_keys,invalid,,null,,,False,False,False,False,stop,106,27,"```json
{
  ""v15"": 0,
  ""e15"": null
}
```"
CJH,PPS-DEV-108,v15,0,False,False,complete_code_fence,wrong_keys,invalid,,null,,,False,False,False,False,stop,106,28,"```json
{
  ""v15"": 0,
  ""근거문구"": null
}
```"
CJH,PPS-DEV-109,v15,0,False,False,complete_code_fence,wrong_keys,invalid,,null,,,False,False,False,False,stop,106,27,"```json
{
  ""v15"": 0,
  ""e15"": null
}
```"
CJH,PPS-DEV-110,v15,0,False,False,complete_code_fence,wrong_keys,invalid,,null,,,False,False,False,False,stop,106,153,"```json
{
  ""v15"": 1,
  ""e15"": ""5) 「중소기업제품 구매촉진 및 판로지원에 관한 법률 시행령」 제2조의2(중소기업자와의 우선조달계약)에 의하여 「중소기업기본법」 제2조에 따른 중·소기업 또는 「소상공인 보호 및 지원에 관한 법률」 제2조에 따른 소상공인으로서 「중소기업 범위 및 확인에 관한 규정」에 따라 발급된 중·소기업·소상공인확인서(유효기간 내에 있어야 함)를 소지한 업체""
}
```"
CJH,PPS-DEV-111,v15,0,False,False,complete_code_fence,wrong_keys,invalid,,null,,,False,False,False,False,stop,106,27,"```json
{
  ""v15"": 0,
  ""e15"": null
}
```"
CJH,PPS-DEV-112,v15,0,False,False,complete_code_fence,wrong_keys,invalid,,null,,,False,False,False,False,stop,106,108,"```json
{
  ""v15"": 0,
  ""근거문구"": ""라. ｢중소기업기본법｣ 제2조에 따른 중・소기업자 또는 ｢소상공인 보호 및 지원에 관한 법률｣ 제2조에 따른 소상공인으로서 ｢중소기업 범위 및 확인에 관한 규정｣에 따라 발급된 중・소기업, 소상공인 확인서를 소지한 자""
}
```"
CJH,PPS-DEV-113,v15,0,False,False,complete_code_fence,wrong_keys,invalid,,null,,,False,False,False,False,stop,106,28,"```json
{
  ""v15"": 0,
  ""근거문구"": null
}
```"
CJH,PPS-DEV-114,v15,0,False,True,,invalid_json:Expecting value: line 1 column 1 (char 0),invalid,,null,,,False,False,False,False,stop,106,225,"```json
{
  ""v15"": 0,
  ""e15"": null
}
```

**판정 근거:**
1. **구매 대상 식별:** 공고의 대상은 '공공기관 시약 및 소모품 구입'이며, 세부품명번호는 `1216159901`(기타시약및지시약)입니다. 이는 제공된 경쟁제품 목록에 포함되지 않은 **일반제품**입니다.
2. **금액 구간 확인:** `meta`의 입찰추정가격은 **18,069,091원**입니다. 판정 기준인 '1억 원 이상 고시금액 미만'에 해당하지 않습니다. (1억 원 미만임)
3. **결론:** 입찰추정가격이 1억 원 미만이므로, 해당 항목의 위반 여부를 따지는 조건(1억 원 이상)을 충족하지 못하여 **정상(0)**으로 판정합니다."
CJH,PPS-DEV-115,v15,0,False,False,complete_code_fence,wrong_keys,invalid,,null,,,False,False,False,False,stop,106,27,"```json
{
  ""v15"": 0,
  ""e15"": null
}
```"
CJH,PPS-DEV-116,v15,0,False,False,complete_code_fence,wrong_keys,invalid,,null,,,False,False,False,False,stop,106,111,"```json
{
  ""v15"": 1,
  ""e15"": ""②「중소기업기본법」제2조 및「소상공인 보호 및 지원에 관한 법률」제2조에 따른 중소기업 또는 소상공인으로서「중소기업 범위 및 확인에 관한 규정」에 따라 발급된‘중ㆍ소기업 ․ 소상공인 확인서(중소기업확인서)’를 소지한 업체""
}
```"
CJH,PPS-DEV-117,v15,0,False,False,complete_code_fence,wrong_keys,invalid,,null,,,False,False,False,False,stop,106,27,"```json
{
  ""v15"": 0,
  ""e15"": null
}
```"
CJH,PPS-DEV-118,v15,0,False,False,complete_code_fence,wrong_keys,invalid,,null,,,False,False,False,False,stop,106,40,"```json
{
  ""v15"": 1,
  ""근거문구"": ""3. 가. 소기업, 소상공인""
}
```"
CJH,PPS-DEV-119,v15,0,False,False,complete_code_fence,wrong_keys,invalid,,null,,,False,False,False,False,stop,106,27,"```json
{
  ""v15"": 0,
  ""e15"": null
}
```"
CJH,PPS-DEV-120,v15,0,False,False,complete_code_fence,wrong_keys,invalid,,null,,,False,False,False,False,stop,106,28,"```json
{
  ""v15"": 0,
  ""근거문구"": null
}
```"
CJH,PPS-DEV-121,v15,0,False,False,complete_code_fence,wrong_keys,invalid,,null,,,False,False,False,False,stop,106,105,"```json
{
  ""v15"": 1,
  ""e15"": ""「중소기업기본법」 제2조에 따른 중․소기업자 또는 「소상공인 보호 및 지원에 관한 법률」 제2조에 따른 소상공인으로서 「중소기업 범위 및 확인에 관한 규정」 에 따라 발급된 <중‧소기업 또는 소상공인 확인서>를 소지한 업체""
}
```"
CJH,PPS-DEV-122,v15,0,False,True,,invalid_json:Expecting value: line 1 column 1 (char 0),invalid,,null,,,False,False,False,False,stop,106,214,"```json
{
  ""v15"": 0,
  ""e15"": null
}
```

**판정 근거:**
1. **구매 대상 식별:** 공고의 품목은 '아스팔트콘크리트[세부품명번호: 3011159701]'입니다.
2. **경쟁제품 여부 확인:** 제공된 [참고자료: 경쟁제품 목록 발췌]에 따르면, 세부품명번호 `3011159701`(아스팔트콘크리트)은 '특이사항'에 'o'로 표시되어 있는 **경쟁제품**입니다.
3. **판정 결과:** 판정 기준에 따라 대상 제품이 '경쟁제품'인 경우, 해당 항목(v15)은 '정상(0)'으로 판정합니다. (v15의 위반 조건은 '일반제품'을 대상으로 함)"
CJH,PPS-DEV-123,v15,0,False,False,complete_code_fence,wrong_keys,invalid,,null,,,False,False,False,False,stop,106,28,"```json
{
  ""v15"": 0,
  ""근거문구"": null
}
```"
CJH,PPS-DEV-124,v15,0,False,False,complete_code_fence,wrong_keys,invalid,,null,,,False,False,False,False,stop,106,117,"```json
{
  ""v15"": 0,
  ""e15"": ""나. 『중소기업제품 구매촉진 및 판로지원에 관한 법률 시행령』 제2조의 2에 의거 소기업 또는 소상공인 확인서를 소지한 업체 또는 벤처기업육성에 관한 특별조치 법 제2조 제1항에 따른 벤처기업 또는 중소기업창업 지원법 제2조 제3호에 따른 창업기업이어야 합니다.""
}
```"
CJH,PPS-DEV-125,v15,0,False,False,complete_code_fence,wrong_keys,invalid,,null,,,False,False,False,False,stop,106,28,"```json
{
  ""v15"": 0,
  ""근거문구"": null
}
```"
CJH,PPS-DEV-126,v15,0,False,False,complete_code_fence,wrong_keys,invalid,,null,,,False,False,False,False,stop,106,101,"```json
{
  ""v15"": 1,
  ""e15"": ""3-1-3 「중소기업제품 구매촉진 및 판로지원에 관한 법률 시행령」 제2조2에 따른 중·소기업 또는 소상공인으로서 「중·소기업 및 확인에 관한 규정」 “중·소기업·소상공인 확인서”를 소지한 업체이어야 합니다.""
}
```"
CJH,PPS-DEV-127,v15,0,False,False,complete_code_fence,wrong_keys,invalid,,null,,,False,False,False,False,stop,106,27,"```json
{
  ""v15"": 0,
  ""e15"": null
}
```"
CJH,PPS-DEV-128,v15,0,False,False,complete_code_fence,wrong_keys,invalid,,null,,,False,False,False,False,stop,106,104,"```json
{
  ""v15"": 0,
  ""근거문구"": ""「중소기업기본법」제2조에 따른 중 · 소기업자 또는「소상공인보호 및 지원에 관한 법률」제2조에 따른 소상공인으로서 “중소기업 범위 및 확인에 관한 규정”에 따라 발급된 중 · 소기업 · 소상공인 확인서를 소지한 자""
}
```"
CJH,PPS-DEV-129,v15,0,False,False,complete_code_fence,wrong_keys,invalid,,null,,,False,False,False,False,stop,106,98,"```json
{
  ""v15"": 1,
  ""e15"": ""「중소기업기본법」제2조에 따른 소기업자 또는 「소상공인 보호 및 지원에 관한 법률」제2조에 따른 소상공인으로서 「중소기업 범위 및 확인에 관한 규정」에 따라 발급된 소기업·소상공인 확인서를 소지한 자""
}
```"
CJH,PPS-DEV-130,v15,0,False,False,complete_code_fence,wrong_keys,invalid,,null,,,False,False,False,False,stop,106,27,"```json
{
  ""v15"": 0,
  ""e15"": null
}
```"
CJH,PPS-DEV-131,v15,0,False,False,complete_code_fence,wrong_keys,invalid,,null,,,False,False,False,False,stop,106,28,"```json
{
  ""v15"": 0,
  ""근거문구"": null
}
```"
CJH,PPS-DEV-132,v15,0,False,False,complete_code_fence,wrong_keys,invalid,,null,,,False,False,False,False,stop,106,47,"```json
{
  ""v15"": 1,
  ""근거문구"": ""[판로지원법 시행령] 중기업,소기업,소상공인 제한""
}
```"
CJH,PPS-DEV-133,v15,0,False,False,complete_code_fence,wrong_keys,invalid,,null,,,False,False,False,False,stop,106,77,"```json
{
  ""v15"": 0,
  ""근거문구"": ""다. 「중소기업기본법」 제2조에 따른 중소기업자로서,「중소기업 범위 및 확인에 관한 규정」에 따라 발급된 중소기업확인서를 소지한 자""
}
```"
CJH,PPS-DEV-134,v15,0,False,False,complete_code_fence,wrong_keys,invalid,,null,,,False,False,False,False,stop,106,27,"```json
{
  ""v15"": 0,
  ""e15"": null
}
```"
CJH,PPS-DEV-135,v15,0,False,False,complete_code_fence,wrong_keys,invalid,,null,,,False,False,False,False,stop,106,27,"```json
{
  ""v15"": 0,
  ""e15"": null
}
```"
CJH,PPS-DEV-136,v15,0,False,False,complete_code_fence,wrong_keys,invalid,,null,,,False,False,False,False,stop,106,27,"```json
{
  ""v15"": 0,
  ""e15"": null
}
```"
CJH,PPS-DEV-137,v15,0,False,False,complete_code_fence,wrong_keys,invalid,,null,,,False,False,False,False,stop,106,27,"```json
{
  ""v15"": 0,
  ""e15"": null
}
```"
CJH,PPS-DEV-138,v15,0,False,False,complete_code_fence,wrong_keys,invalid,,null,,,False,False,False,False,stop,106,172,"```json
{
  ""v15"": 1,
  ""e15"": ""「중소기업기본법」 제2조에 따른 중소기업 또는 「소상공인기본법」 제2조에 따른 소상공인으로 【중소기업·소상공인 확인서】를 소지한 업체이며, 「중소기업제품 구매촉진 및 판로지원에 관한 법률」 제9조 및 동법 시행령 제10조에서 규정한 【직접생산증명서(기타행사기획및대행서비스(8014199001) 또는 축제기획및대행서비스(9015189001)】를 소지한 업체""
}
```"
CJH,PPS-DEV-139,v15,0,False,True,,invalid_json:Expecting value: line 1 column 1 (char 0),invalid,,null,,,False,False,False,False,stop,106,283,"```json
{
  ""v15"": 0,
  ""e15"": null
}
```

**판정 근거:**
1. **구매 대상 식별 및 경쟁제품 여부:** 공고의 세부품명은 '디자인서비스(8214150201)' 또는 '동영상제작서비스(8213160301)'입니다. 제공된 [참고자료: 경쟁제품 목록 발췌]를 확인하면, '동영상제작서비스(8213160301)'는 특이사항에 ""공공기관 홍보용...에 한함""이라는 조건이 붙어 있는 **경쟁제품**입니다.
2. **금액 조건 확인:** meta의 입찰추정가격은 90,000,000원(9천만 원)으로, 판정 기준인 '1억 원 이상'에 해당하지 않습니다.
3. **결론:** 해당 용역은 경쟁제품(동영상제작서비스)을 포함하고 있으며, 추정가격 또한 1억 원 미만이므로 v15의 위반 조건(1억 원 이상 고시금액 미만 일반제품)을 충족하지 않습니다. 따라서 정상(0)으로 판정합니다."
CJH,PPS-DEV-140,v15,0,False,False,complete_code_fence,wrong_keys,invalid,,null,,,False,False,False,False,stop,106,27,"```json
{
  ""v15"": 0,
  ""e15"": null
}
```"
CJH,PPS-DEV-141,v15,0,False,False,complete_code_fence,wrong_keys,invalid,,null,,,False,False,False,False,stop,106,28,"```json
{
  ""v15"": 0,
  ""근거문구"": null
}
```"
CJH,PPS-DEV-142,v15,0,False,False,complete_code_fence,wrong_keys,invalid,,null,,,False,False,False,False,stop,106,28,"```json
{
  ""v15"": 0,
  ""근거문구"": null
}
```"
CJH,PPS-DEV-143,v15,0,False,False,complete_code_fence,wrong_keys,invalid,,null,,,False,False,False,False,stop,106,27,"```json
{
  ""v15"": 0,
  ""e15"": null
}
```"
CJH,PPS-DEV-144,v15,0,False,False,complete_code_fence,wrong_keys,invalid,,null,,,False,False,False,False,stop,106,118,"```json
{
  ""v15"": 1,
  ""근거문구"": ""다. 「중소기업기본법」 제2조에 따른 소기업자 또는 「소상공인 보호 및 지원에 관한 법률」 제2조에 따른 소상공인으로서 「중소기업범위 및 확인에 관한 규정(중소벤처기업부 고시)」에 따라 발급된 「소기업·소상공인 확인서」를 소지한 업체이어야만 합니다.""
}
```"
CJH,PPS-DEV-145,v15,0,False,False,complete_code_fence,wrong_keys,invalid,,null,,,False,False,False,False,stop,106,106,"```json
{
  ""v15"": 1,
  ""e15"": ""3) ｢중소기업기본법｣제2조에 따른 중·소기업자 또는 「소상공인 보호 및 지원에 관한 법률」제2조에 따른 소상공인으로서「중소기업 범위 및 확인에 관한 규정」에 따라 발급된 중소기업·소상공인 확인서​를 소지한 업체""
}
```"
CJH,PPS-DEV-146,v15,0,False,False,complete_code_fence,wrong_keys,invalid,,null,,,False,False,False,False,stop,106,129,"```json
{
  ""v15"": 1,
  ""e15"": ""3) 「중소기업기본법」 제2조에 따른 중·소기업자 또는 「소상공인 보호 및 지원에 관한 법률」 제2조에 따른 소상공인으로서 「중소기업 범위 및 확인에 관한 규정」에 따라 발급된 중ㆍ소기업ㆍ소상공인 확인서(적격심사 서류제출 마감일까지 발급된 것으로 유효기간 내에 있어야 함)를 소지한 업체""
}
```"
CJH,PPS-DEV-147,v15,0,False,False,complete_code_fence,wrong_keys,invalid,,null,,,False,False,False,False,stop,106,28,"```json
{
  ""v15"": 0,
  ""근거문구"": null
}
```"
CJH,PPS-DEV-148,v15,0,False,True,,invalid_json:Expecting value: line 1 column 1 (char 0),invalid,,null,,,False,False,False,False,stop,106,258,"```json
{
  ""v15"": 0,
  ""e15"": null
}
```

**판정 근거:**
1. **구매 대상 식별:** 공고의 품명은 '데스크톱컴퓨터'이며, 세부품명번호는 `4321150701`입니다.
2. **경쟁제품 여부 확인:** 제공된 [참고자료: 경쟁제품 목록 발췌]를 확인한 결과, 세부품명번호 `4321150701`은 특이사항이 없는 일반 제품(경쟁제품 목록에 별도의 제한 조건이 붙어 있지 않음)으로 분류됩니다.
3. **금액 구간 확인:** `meta.입찰추정가격`은 13,630,000원으로, 이는 1억 원 미만입니다. 판정 기준인 '1억 원 이상 고시금액 미만' 조건에 해당하지 않습니다.
4. **결론:** 입찰추정가격이 1억 원 미만이므로, 해당 항목의 위반 여부를 따지는 대상이 아닙니다. (정상 0)"
CJH,PPS-DEV-149,v15,0,False,False,complete_code_fence,wrong_keys,invalid,,null,,,False,False,False,False,stop,106,27,"```json
{
  ""v15"": 0,
  ""e15"": null
}
```"
CJH,PPS-DEV-150,v15,0,False,True,,invalid_json:Expecting value: line 1 column 1 (char 0),invalid,,null,,,False,False,False,False,stop,106,257,"```json
{
  ""v15"": 0,
  ""e15"": null
}
```

**판정 근거:**
1. **구매 대상 식별:** 공고의 품명은 'Endoscope Reprocessor'이며, 세부품명번호는 '4229490501'입니다.
2. **경쟁제품 여부 확인:** 제공된 [참고자료: 경쟁제품 목록 발췌]를 확인한 결과, 해당 세부품명번호(4229490501)는 경쟁제품 목록에 포함되어 있지 않습니다. 따라서 **일반제품**으로 분류됩니다.
3. **금액 구간 확인:** meta의 `입찰추정가격`은 **5** (단위: 원 또는 해당 단위 기준)로, 판정 기준인 '1억 원 이상 고시금액 미만' 조건에 해당하지 않습니다. (입찰추정가격 5는 1억 원 미만임)
4. **결론:** 금액 조건(1억 원 이상)을 충족하지 못하므로 위반(1)이 아닌 **정상(0)**으로 판정합니다."
CJH,PPS-DEV-151,v15,0,False,False,complete_code_fence,wrong_keys,invalid,,null,,,False,False,False,False,stop,106,27,"```json
{
  ""v15"": 0,
  ""e15"": null
}
```"
CJH,PPS-DEV-152,v15,0,False,False,complete_code_fence,wrong_keys,invalid,,null,,,False,False,False,False,stop,106,27,"```json
{
  ""v15"": 0,
  ""e15"": null
}
```"
CJH,PPS-DEV-153,v15,0,False,False,complete_code_fence,wrong_keys,invalid,,null,,,False,False,False,False,stop,106,28,"```json
{
  ""v15"": 0,
  ""근거문구"": null
}
```"
CJH,PPS-DEV-154,v15,0,False,True,,invalid_json:Expecting value: line 1 column 1 (char 0),invalid,,null,,,False,False,False,False,stop,106,165,"```json
{
  ""v15"": 0,
  ""e15"": null
}
```

**판정 근거:**
1. **구매 대상 식별:** 본 공고의 품명은 '항공기비품'이며 세부품명번호는 '2520151701'입니다.
2. **금액 구간 확인:** meta의 입찰추정가격은 35,400,000원입니다. 이는 판정 기준인 '1억 원 이상'에 해당하지 않습니다.
3. **결론:** 입찰추정가격이 1억 원 미만이므로, 해당 항목의 위반 여부를 따지는 대상이 아닙니다. (정상 0)"
CJH,PPS-DEV-155,v15,0,False,False,complete_code_fence,wrong_keys,invalid,,null,,,False,False,False,False,stop,106,94,"```json
{
  ""v15"": 1,
  ""e15"": ""②「중소기업기본법」제2조 및 동법 시행령 제8조에 따른 중·소기업 또는「소상공인 보호 및 지원에 관한 법률」제2조에 따른 소상공인으로써 중 · 소기업 · 소상공인확인서를 소지한 업체""
}
```"
CJH,PPS-DEV-156,v15,0,False,False,complete_code_fence,wrong_keys,invalid,,null,,,False,False,False,False,stop,106,144,"```json
{
  ""v15"": 1,
  ""e15"": ""라.「중소기업제품 구매촉진 및 판로지원에 관한 법률 시행령」제2조의2(중소기업자와의 우선조달계약)에 따라「중소기업기본법」제2조제2항에 따른 중ㆍ소기업 또는 「소상공인 보호 및 지원에 관한 법률」제2조에 따른 소상공인으로서「중소기업 범위 및 확인에 관한 규정」에 따라 발급된 중ㆍ소기업, 소상공인 확인서를 소지한 업체""
}
```"
CJH,PPS-DEV-157,v15,0,False,False,complete_code_fence,wrong_keys,invalid,,null,,,False,False,False,False,stop,106,28,"```json
{
  ""v15"": 0,
  ""근거문구"": null
}
```"
CJH,PPS-DEV-158,v15,0,False,False,complete_code_fence,wrong_keys,invalid,,null,,,False,False,False,False,stop,106,28,"```json
{
  ""v15"": 0,
  ""근거문구"": null
}
```"
CJH,PPS-DEV-159,v15,0,False,False,complete_code_fence,wrong_keys,invalid,,null,,,False,False,False,False,stop,106,27,"```json
{
  ""v15"": 0,
  ""e15"": null
}
```"
CJH,PPS-DEV-160,v15,0,False,False,complete_code_fence,wrong_keys,invalid,,null,,,False,False,False,False,stop,106,205,"```json
{
  ""v15"": 1,
  ""e15"": ""3) 다음 각 호의 조건을 모두 만족하는 업체로 입찰서 제출 마감일까지 당해 자격을 유지하고 보유한 업체\n2) 입찰공고일 전일부터 입찰일까지 서울특별시에 법인등기부상 본점이 있는 업체\n3) 중소기업제품 구매촉진 및 판로지원에 관한 법률 시행령 제2조의２(중소기업자와의 우선조달계약)에 의한 소기업 또는 소상공인\n「중소기업기본법」제2조제2항에 따른 소기업 또는「소상공인 보호 및 지원에 관한 법률」제2조에 따른 소상공인으로「중소기업 범위 및 확인에 관한 규정」에 따라 발급된 소기업 또는 소상공인확인서를 소지한 업체""
}
```"
CJH,PPS-DEV-161,v15,0,False,False,complete_code_fence,wrong_keys,invalid,,null,,,False,False,False,False,stop,106,95,"```json
{
  ""v15"": 0,
  ""근거문구"": ""다.「중소기업기본법」제2조에 의한 소기업 또는「소상공인 기본법」제2조에 의한 소상공인으로서 「중소기업 범위 및 확인에 관한 규정」에 따라 발급된 소기업 또는 소상공인 확인서를 소지한 자""
}
```"
CJH,PPS-DEV-162,v15,0,False,False,complete_code_fence,wrong_keys,invalid,,null,,,False,False,False,False,stop,106,27,"```json
{
  ""v15"": 0,
  ""e15"": null
}
```"
CJH,PPS-DEV-163,v15,0,False,False,complete_code_fence,wrong_keys,invalid,,null,,,False,False,False,False,stop,106,28,"```json
{
  ""v15"": 0,
  ""근거문구"": null
}
```"
CJH,PPS-DEV-164,v15,0,False,False,complete_code_fence,wrong_keys,invalid,,null,,,False,False,False,False,stop,106,27,"```json
{
  ""v15"": 0,
  ""e15"": null
}
```"
CJH,PPS-DEV-165,v15,0,False,False,complete_code_fence,wrong_keys,invalid,,null,,,False,False,False,False,stop,106,27,"```json
{
  ""v15"": 0,
  ""e15"": null
}
```"
CJH,PPS-DEV-166,v15,0,False,True,,invalid_json:Expecting value: line 1 column 1 (char 0),invalid,,null,,,False,False,False,False,stop,106,275,"```json
{
  ""v15"": 0,
  ""e15"": null
}
```

**판정 근거:**
1. **구매 대상 확인:** 공고의 품목은 '디자인형울타리(세부품명번호 3015200101)'이며, 이는 제공된 [참고자료: 경쟁제품 목록 발췌]에 따라 **경쟁제품**에 해당합니다.
2. **금액 확인:** meta의 입찰추정가격은 81,600,000원으로, 1억 원 미만입니다. (판정 조건인 '1억 원 이상'에 해당하지 않음)
3. **제한 범위 확인:** 공고문 3조 5항에서 '중·소기업자로서... 중소기업 확인서를 소지한 자'를 요구하고 있습니다. 이는 소기업·소상공인으로만 제한한 것이 아니라 **중소기업 전체**를 대상으로 하고 있습니다.
4. **결론:** 해당 제품은 경쟁제품이며, 금액 구간 및 제한 범위가 판정 기준(1억 원 이상/소기업·소상공인 제한)과 일치하지 않으므로 정상(0)으로 판정합니다."
CJH,PPS-DEV-167,v15,0,False,False,complete_code_fence,wrong_keys,invalid,,null,,,False,False,False,False,stop,106,28,"```json
{
  ""v15"": 0,
  ""근거문구"": null
}
```"
CJH,PPS-DEV-168,v15,0,False,False,complete_code_fence,wrong_keys,invalid,,null,,,False,False,False,False,stop,106,27,"```json
{
  ""v15"": 0,
  ""e15"": null
}
```"
CJH,PPS-DEV-169,v15,0,False,False,complete_code_fence,wrong_keys,invalid,,null,,,False,False,False,False,stop,106,138,"```json
{
  ""v15"": 1,
  ""e15"": ""「중소기업제품 구매촉진 및 판로지원에 관한 법률 시행령」제2조의2에 따라「중소기업기본법」제2조제2항에 따른 중･소기업 또는「소상공인 보호 및 지원에 관한 법률」제2조에 따른 소상공인으로서「중소기업 범위 및 확인에 관한 규정(중소벤처기업부고시)」에 따라 발급된 중･소기업･소상공인 확인서를 소지하고""
}
```"
CJH,PPS-DEV-170,v15,0,False,False,complete_code_fence,wrong_keys,invalid,,null,,,False,False,False,False,stop,106,97,"```json
{
  ""v15"": 1,
  ""e15"": ""「중소기업제품 구매촉진 및 판로지원에 관한 법률 시행령」제2조의2에 의하여 「중소기업기본법」제2조 중소기업 및 「소기업 및 소상공인 지원을 위한 법률」제2조 소상공인 자격을 구비해야 합니다.""
}
```"
CJH,PPS-DEV-171,v15,0,False,False,complete_code_fence,wrong_keys,invalid,,null,,,False,False,False,False,stop,106,113,"```json
{
  ""v15"": 1,
  ""근거문구"": ""④ 「중소기업기본법」 제2조에 따른 중소기업자 또는 「소상공인 보호 및 지원에 관한 법률」 제2조에 따른 소상공인으로서 중소기업 범위 및 확인에 관한 규정에 따라 발급된 ‘중소기업·소상공인 확인서’를 소지해야 함(중소기업자간 경쟁제품에 한함)""
}
```"
CJH,PPS-DEV-172,v15,0,False,True,,invalid_json:Expecting value: line 1 column 1 (char 0),invalid,,null,,,False,False,False,False,stop,106,236,"```json
{
  ""v15"": 0,
  ""e15"": null
}
```

**판정 근거:**
1. **구매 대상 식별:** 공고의 품명은 '저출력심장충격기(자동제세동기)'이며, 세부품명번호는 '4217210101'입니다.
2. **경쟁제품 여부:** 제공된 [참고자료: 경쟁제품 목록 발췌]를 확인한 결과, 해당 세부품명번호(4217210101)는 경쟁제품 목록에 포함되어 있지 않습니다. 따라서 이 제품은 '일반제품'에 해당합니다.
3. **금액 구간 확인:** meta 정보의 입찰추정가격은 28,600,000원입니다. 이는 판정 기준인 '1억 원 이상'에 해당하지 않습니다.
4. **결론:** 금액 구간이 기준(1억 원 이상)에 미달하므로, 정상(0)으로 판정합니다."
CJH,PPS-DEV-173,v15,0,False,True,,invalid_json:Expecting value: line 1 column 1 (char 0),invalid,,null,,,False,False,False,False,stop,106,199,"```json
{
  ""v15"": 0,
  ""e15"": null
}
```

**판정 근거:**
1. **구매 대상 식별**: 본 공고의 대상은 'FEBA부대 집중정신전력교육 용역'으로, 제공된 경쟁제품 목록(대분류 21, 39, 46, 55, 81, 92)에 해당하지 않는 **일반 용역**입니다.
2. **금액 확인**: `meta`의 입찰추정가격은 **86,287,273원**입니다. 이는 판정 기준인 '1억 원 이상'에 미달합니다. (1억 원 미만)
3. **결론**: 금액 구간이 기준(1억 원 이상)을 충족하지 못하므로 정상(0)으로 판정합니다."
CJH,PPS-DEV-174,v15,0,False,True,,invalid_json:Expecting value: line 1 column 1 (char 0),invalid,,null,,,False,False,False,False,stop,106,171,"```json
{
  ""v15"": 0,
  ""e15"": null
}
```

**판정 근거:**
1. **구매 대상 및 금액 확인:** 공고의 입찰추정가격은 38,445,455원으로, 1억 원 미만입니다. 판정 기준인 '1억 원 이상 고시금액 미만' 구간에 해당하지 않습니다.
2. **경쟁제품 여부:** 제공된 경쟁제품 목록에 해당 세부품명번호(1216159901)는 존재하지 않으나, 금액 조건 미달로 인해 v15의 위반 조건(1억 원 이상)을 충족하지 못하므로 정상(0)으로 판정합니다."
CJH,PPS-DEV-175,v15,0,False,False,complete_code_fence,wrong_keys,invalid,,null,,,False,False,False,False,stop,106,27,"```json
{
  ""v15"": 0,
  ""e15"": null
}
```"
CJH,PPS-DEV-176,v15,0,False,True,,invalid_json:Expecting value: line 1 column 1 (char 0),invalid,,null,,,False,False,False,False,stop,106,343,"```json
{
  ""v15"": 0,
  ""e15"": ""라. 「중소기업기본법」 제2조에 따른 중소기업 또는 「소상공인 보호 및 지원에 관한 법률」 제2조에 따른 소상공인으로서, 「중소기업 범위 및 확인에 관한 규정」에 따른 중소기업(소상공인) 확인서(입찰 마감일 전일까지 발급된 것으로 유효기간 내에 있어야 함)를 소지한 업체""
}
```

**판정 근거:**
1. **구매 대상 식별:** 세부품명번호 `2110190401(사료배합기)`은 제공된 경쟁제품 목록에 포함되어 있는 **중소기업자간 경쟁제품**입니다.
2. **금액 확인:** `meta`의 입찰추정가격은 `620,000,000원`으로, 1억 원 이상 및 고시금액(2억 3천만 원) 미만 조건에 해당합니다.
3. **제한 범위 판정:** 공고문 3조 '라'항을 보면 ""중소기업 또는 소상공인""을 대상으로 하고 있습니다. 이는 소기업/소상공인만으로 제한하는 것이 아니라, **중소기업 전체(중소기업 및 소상공인 포함)**를 대상으로 하는 제한경쟁이므로, 판정 기준상 '중소기업 전체로 제한한 경우'에 해당하여 **정상(0)**입니다."
CJH,PPS-DEV-177,v15,0,False,True,,invalid_json:Expecting value: line 1 column 1 (char 0),invalid,,null,,,False,False,False,False,stop,106,239,"```json
{
  ""v15"": 0,
  ""e15"": null
}
```

**판정 근거:**
1. **구매 대상 식별:** 공고의 목적은 '공기업 외국인 관광객 전통시장 방문 연계 홍보 용역'이며, 세부품명은 '전시회기획및대행서비스(세부품명번호 8014198801)'입니다.
2. **경쟁제품 여부:** 제공된 [참고자료: 경쟁제품 목록 발췌]에 따르면, 세부품명번호 `8014198801`은 '전시회,회의및행사대행서비스'로서 경쟁제품 목록에 포함되어 있습니다.
3. **판정 결과:** 판정 기준에 따라 대상이 **경쟁제품인 경우**는 '정상(0)'으로 분류됩니다. 또한, 입찰 참가 자격에서 '중소기업 또는 소상공인'을 모두 포함하고 있어 소기업·소상공인으로만 제한한 것이 아닙니다."
CJH,PPS-DEV-178,v15,0,False,False,complete_code_fence,wrong_keys,invalid,,null,,,False,False,False,False,stop,106,27,"```json
{
  ""v15"": 0,
  ""e15"": null
}
```"
CJH,PPS-DEV-179,v15,0,False,True,,invalid_json:Expecting value: line 1 column 1 (char 0),invalid,,null,,,False,False,False,False,stop,106,246,"```json
{
  ""v15"": 0,
  ""e15"": null
}
```

**판정 근기:**
1. **구매 대상 식별:** 본 공고의 사업명은 『2026 대한민국 법원의 날 기념식 행사』이며, 세부품명은 '기타행사기획및대행서비스(8014199001)'입니다.
2. **경쟁제품 여부 확인:** 제공된 [참고자료: 경쟁제품 목록 발췌]에 따르면, 세부품명번호 `8014199001`은 '기타행사기획및대행서비스'로 명시되어 있으며, 이는 경쟁제품 목록에 포함된 항목입니다.
3. **판정 결과:** 판정 기준에 따라 구매 대상이 **경쟁제품인 경우**는 '정상(0)'으로 분류됩니다. 또한, 입찰추정가격(45,454,545원)이 1억 원 미만이므로 해당 항목의 적용 대상(1억 원 이상)에도 해당하지 않습니다."
CJH,PPS-DEV-180,v15,0,False,True,,invalid_json:Expecting value: line 1 column 1 (char 0),invalid,,null,,,False,False,False,False,stop,106,310,"```json
{
  ""v15"": 0,
  ""e15"": ""다. 「중소기업 기본법」 제2조제2항에 따른 소기업 또는 「소상공인 보호 및 지원에 관한 법률」 제2조에 따른 소상공인 업체로서 ‘중소기업 범위 및 확인에 관한 규정’에 따라 발급된 소기업․소상공인 확인서(전자입찰서 제출 마감일 전일까지 발급된 것으로 유효기간 내에 있어야 함)를 소지한 자""
}
```

**[판정 근거]**
1. **구매 대상 식별**: 공고의 세부품명은 '기타가스분석기[4111311801]'이며, 이는 제공된 경쟁제품 목록에 포함되어 있지 않은 **일반제품**입니다.
2. **금액 구간 확인**: meta의 입찰추정가격은 **93,545,455원**입니다. 이는 1억 원 미만(93,545,455원 < 100,000,000원)이므로, 판정 조건인 '1억 원 이상'을 만족하지 못합니다.
3. **결론**: 금액 구간이 조건(1억 원 이상)에 부합하지 않으므로 정상(0)으로 판정합니다."
CJH,PPS-DEV-181,v15,0,False,False,complete_code_fence,wrong_keys,invalid,,null,,,False,False,False,False,stop,106,27,"```json
{
  ""v15"": 0,
  ""e15"": null
}
```"
CJH,PPS-DEV-182,v15,0,False,True,,non_stop_finish,invalid,,null,,,False,False,False,False,length,,512,"```json
{
  ""v15"": 1,
  ""e15"": ""2) 「중소기업기본법」제2조 제2항에 따른 중기업, 소기업, 소상공인 제한""
}
```

**[판정 근거 설명]**
1. **구매 대상 식별**: 공고의 구매 대상은 '탈황제(세부품명번호: 4713189901)'이며, 이는 제공된 경쟁제품 목록에 포함되어 있지 않은 **일반제품**입니다.
2. **금액 구간 확인**: `meta.입찰추정가격`은 244,000,000원(2억 4,400만 원)으로, **1억 원 이상 고시금액(2억 3천만 원) 미만**의 조건에 해당하지 않으나, 판정 기준의 핵심인 '1억 원 이상' 조건은 충족합니다. (단, 고시금액 2.3억 원을 초과하므로 엄밀히는 고시금액 이상이나, 질문의 의도인 '소기업/소상공인 제한 여부'를 확인하기 위해 진행함)
3. **참가자격 제한 내용**: 공고문 4번의 2)항에서 ""「중소기업기본법」제2조 제2항에 따른 **중기업, 소기업, 소상공인**""을 명시하고 있습니다. 
4. **위반 여부 판정**: 판정 질문은 '소기업·소상공인으로만 제한하는가?'를 묻고 있습니다. 본 공고는 '중기업'을 포함하여 제한하고 있으므로, 질문의 정의상 '소기업·소상공인만' 제한하는 것이 아니라 **중기업까지 포함**하고 있습니다. 
*수정 판단*: 질문의 의도가 ""소기업/소상공인 제한이 나타난 경우""를 찾는 것이라면, 공고문은 중기업을 포함하고 있으므로 '소기업·소상공인만' 제한하는 조건에 완벽히 부합하지 않으나, 통상적으로 중기업이 포함되면 '중소기업 전체' 제한의 범주로 보아 0으로 판정할 수 있습니다. 그러나 제공된 공고의 [조항호"
CJH,PPS-DEV-183,v15,0,False,False,complete_code_fence,wrong_keys,invalid,,null,,,False,False,False,False,stop,106,27,"```json
{
  ""v15"": 0,
  ""e15"": null
}
```"
CJH,PPS-DEV-184,v15,0,False,False,complete_code_fence,wrong_keys,invalid,,null,,,False,False,False,False,stop,106,28,"```json
{
  ""v15"": 0,
  ""근거문구"": null
}
```"
CJH,PPS-DEV-185,v15,0,False,False,complete_code_fence,wrong_keys,invalid,,null,,,False,False,False,False,stop,106,27,"```json
{
  ""v15"": 0,
  ""e15"": null
}
```"
CJH,PPS-DEV-186,v15,0,False,False,complete_code_fence,wrong_keys,invalid,,null,,,False,False,False,False,stop,106,28,"```json
{
  ""v15"": 0,
  ""근거문구"": null
}
```"
CJH,PPS-DEV-187,v15,0,False,False,complete_code_fence,wrong_keys,invalid,,null,,,False,False,False,False,stop,106,27,"```json
{
  ""v15"": 0,
  ""e15"": null
}
```"
CJH,PPS-DEV-188,v15,0,False,True,,invalid_json:Expecting value: line 1 column 1 (char 0),invalid,,null,,,False,False,False,False,stop,106,310,"```json
{
  ""v15"": 0,
  ""e15"": null
}
```

**판정 근거:**
1. **구매 대상 식별:** 본 공고의 세부품명은 '실물모형및전시물[6010989901]'이며, 이는 제공된 [참고자료: 경쟁제품 목록 발출]에서 '경쟁제품'으로 분류되어 있습니다.
2. **금액 구간 확인:** meta의 입찰추정가격은 90,454,545원으로, 1억 원 미만입니다. (v15의 조건인 '1억 원 이상'을 만족하지 않음)
3. **참가 자격 확인:** 공고문 및 제안요청서에서는 「중소기업기본법」 제2조에 따른 '중소기업자' 또는 「소상공인 보호 및 지원에 관한 법률」 제2조에 따른 '소상공인'을 대상으로 하고 있습니다. 즉, 소기업/소상공인으로만 한정하지 않고 '중소기업 전체'를 포함하고 있습니다.
4. **결론:** 경쟁제품에 해당하며, 금액 구간 및 제한 범위가 v15의 위반 조건(1억 원 이상 및 소기업·소상공인 한정)에 부합하지 않으므로 정상(0)으로 판정합니다."
CJH,PPS-DEV-189,v15,0,False,False,complete_code_fence,wrong_keys,invalid,,null,,,False,False,False,False,stop,106,28,"```json
{
  ""v15"": 0,
  ""근거문구"": null
}
```"
CJH,PPS-DEV-190,v15,0,False,False,complete_code_fence,wrong_keys,invalid,,null,,,False,False,False,False,stop,106,95,"```json
{
  ""v15"": 1,
  ""근거문구"": ""「중소기업제품 구매촉진 및 판로지원에 관한 법률」제2조 및「소상공인 보호 및 지원에 관한 법률」제2조에 의거한 중·소기업·소상공인으로서 중·소기업·소상공인 확인서를 소지한 자""
}
```"
CJH,PPS-DEV-191,v15,0,False,False,complete_code_fence,wrong_keys,invalid,,null,,,False,False,False,False,stop,106,124,"```json
{
  ""v15"": 1,
  ""e15"": ""「중소기업기본법」 제2조에 따른 중소기업자 또는 「소상공인 보호 및 지원에 관한 법률」 제2조에 따른 소상공인으로서 \""중소기업 범위 및 확인에 관한 규정\""에 따라 발급된 중소기업․소상공인 확인서(제안서 접수 마감일 전 일 발급된 것으로 유효기간 내에 있어야 함)를 소지한 자""
}
```"
CJH,PPS-DEV-192,v15,0,False,False,complete_code_fence,wrong_keys,invalid,,null,,,False,False,False,False,stop,106,28,"```json
{
  ""v15"": 0,
  ""근거문구"": null
}
```"
CJH,PPS-DEV-193,v15,0,False,False,complete_code_fence,wrong_keys,invalid,,null,,,False,False,False,False,stop,106,28,"```json
{
  ""v15"": 0,
  ""근거문구"": null
}
```"
CJH,PPS-DEV-194,v15,0,False,True,,invalid_json:Expecting value: line 1 column 1 (char 0),invalid,,null,,,False,False,False,False,stop,106,139,"```json
{
  ""v15"": 0,
  ""e15"": null
}
```

**판정 근거:**
1. **구매 대상 및 금액 확인**: 공고의 입찰추정가격은 60,000,000원(6천만 원)입니다.
2. **조건 불일치**: 판정 기준인 '1억 원 이상 고시금액 미만' 조건에 해당하지 않습니다. (해당 공고는 1억 원 미만임)
3. **결론**: 금액 구간이 다르므로 정상(0)으로 판정합니다."
CJH,PPS-DEV-195,v15,0,False,False,complete_code_fence,wrong_keys,invalid,,null,,,False,False,False,False,stop,106,27,"```json
{
  ""v15"": 0,
  ""e15"": null
}
```"
CJH,PPS-DEV-196,v15,0,False,False,complete_code_fence,wrong_keys,invalid,,null,,,False,False,False,False,stop,106,155,"```json
{
  ""v15"": 1,
  ""근거문구"": ""「중소기업제품 구매촉진 및 판로지원에 관한 법률 시행령」 제2조의2에 따른 중소기업확인서(중·소기업·소상공인)를 소지한 업체이어야 합니다. ※ 위의 ‘중기업·소기업·소상공인 확인서’는 전자입찰서 마감일 전일까지 발급된 것으로 유효기간 내에 있어야 하며, 중소기업제품 공공구매 종합정보망 (http://www.smpp.go.kr)에서 확인이 안될 경우 입찰참가자격이 없습니다.""
}
```"
CJH,PPS-DEV-197,v15,0,False,False,complete_code_fence,wrong_keys,invalid,,null,,,False,False,False,False,stop,106,27,"```json
{
  ""v15"": 0,
  ""e15"": null
}
```"
CJH,PPS-DEV-198,v15,0,False,False,complete_code_fence,wrong_keys,invalid,,null,,,False,False,False,False,stop,106,27,"```json
{
  ""v15"": 0,
  ""e15"": null
}
```"
CJH,PPS-DEV-199,v15,0,False,False,complete_code_fence,wrong_keys,invalid,,null,,,False,False,False,False,stop,106,117,"```json
{
  ""v15"": 1,
  ""e15"": ""「중소기업기본법」 제2조에 따른 중소기업 또는 「소상공인기본법」제2조에 따른 소상공인으로 「중소기업 범위 및 확인에 관한 규정」에 따라 발급된 중․소기업․소상공인 확인서(제안서 제출 마감일 전일까지 발급된 것으로 유효기간 내에 있어야 함) 소지 업체""
}
```"
CJH,PPS-DEV-200,v15,0,False,False,complete_code_fence,wrong_keys,invalid,,null,,,False,False,False,False,stop,106,27,"```json
{
  ""v15"": 0,
  ""e15"": null
}
```"
CJH,PPS-DEV-01,v16,0,False,False,complete_code_fence,wrong_keys,invalid,,null,,,False,False,False,False,stop,106,27,"```json
{
  ""v16"": 0,
  ""e16"": null
}
```"
CJH,PPS-DEV-02,v16,0,False,False,complete_code_fence,wrong_keys,invalid,,null,,,False,False,False,False,stop,106,27,"```json
{
  ""v16"": 0,
  ""e16"": null
}
```"
CJH,PPS-DEV-03,v16,0,False,False,complete_code_fence,wrong_keys,invalid,,null,,,False,False,False,False,stop,106,27,"```json
{
  ""v16"": 0,
  ""e16"": null
}
```"
CJH,PPS-DEV-04,v16,0,False,False,complete_code_fence,wrong_keys,invalid,,null,,,False,False,False,False,stop,106,27,"```json
{
  ""v16"": 0,
  ""e16"": null
}
```"
CJH,PPS-DEV-05,v16,0,False,False,complete_code_fence,wrong_keys,invalid,,null,,,False,False,False,False,stop,106,27,"```json
{
  ""v16"": 0,
  ""e16"": null
}
```"
CJH,PPS-DEV-06,v16,0,False,False,complete_code_fence,wrong_keys,invalid,,null,,,False,False,False,False,stop,106,27,"```json
{
  ""v16"": 0,
  ""e16"": null
}
```"
CJH,PPS-DEV-07,v16,0,False,False,complete_code_fence,wrong_keys,invalid,,null,,,False,False,False,False,stop,106,27,"```json
{
  ""v16"": 0,
  ""e16"": null
}
```"
CJH,PPS-DEV-08,v16,0,False,False,complete_code_fence,wrong_keys,invalid,,null,,,False,False,False,False,stop,106,27,"```json
{
  ""v16"": 0,
  ""e16"": null
}
```"
CJH,PPS-DEV-09,v16,0,False,False,complete_code_fence,wrong_keys,invalid,,null,,,False,False,False,False,stop,106,27,"```json
{
  ""v16"": 0,
  ""e16"": null
}
```"
CJH,PPS-DEV-10,v16,0,False,False,complete_code_fence,wrong_keys,invalid,,null,,,False,False,False,False,stop,106,27,"```json
{
  ""v16"": 0,
  ""e16"": null
}
```"
CJH,PPS-DEV-11,v16,0,False,False,complete_code_fence,wrong_keys,invalid,,null,,,False,False,False,False,stop,106,27,"```json
{
  ""v16"": 0,
  ""e16"": null
}
```"
CJH,PPS-DEV-12,v16,0,False,False,complete_code_fence,wrong_keys,invalid,,null,,,False,False,False,False,stop,106,40,"```json
{
  ""v16"": {
    ""위반여부"": 0,
    ""근거문구"": null
  }
}
```"
CJH,PPS-DEV-13,v16,0,False,False,complete_code_fence,wrong_keys,invalid,,null,,,False,False,False,False,stop,106,27,"```json
{
  ""v16"": 0,
  ""e16"": null
}
```"
CJH,PPS-DEV-14,v16,0,False,False,complete_code_fence,wrong_keys,invalid,,null,,,False,False,False,False,stop,106,27,"```json
{
  ""v16"": 0,
  ""e16"": null
}
```"
CJH,PPS-DEV-15,v16,0,False,False,complete_code_fence,wrong_keys,invalid,,null,,,False,False,False,False,stop,106,27,"```json
{
  ""v16"": 0,
  ""e16"": null
}
```"
CJH,PPS-DEV-16,v16,0,False,False,complete_code_fence,wrong_keys,invalid,,null,,,False,False,False,False,stop,106,27,"```json
{
  ""v16"": 0,
  ""e16"": null
}
```"
CJH,PPS-DEV-17,v16,0,False,False,complete_code_fence,wrong_keys,invalid,,null,,,False,False,False,False,stop,106,27,"```json
{
  ""v16"": 0,
  ""e16"": null
}
```"
CJH,PPS-DEV-18,v16,0,False,False,complete_code_fence,wrong_keys,invalid,,null,,,False,False,False,False,stop,106,27,"```json
{
  ""v16"": 0,
  ""e16"": null
}
```"
CJH,PPS-DEV-19,v16,0,False,False,complete_code_fence,wrong_keys,invalid,,null,,,False,False,False,False,stop,106,27,"```json
{
  ""v16"": 0,
  ""e16"": null
}
```"
CJH,PPS-DEV-20,v16,1,False,True,,invalid_json:Expecting value: line 1 column 1 (char 0),invalid,,null,,,False,False,False,False,stop,106,464,"```json
{
  ""v16"": 0,
  ""e16"": null
}
```

**판정 근로 근거:**
1. **대상 식별**: 본 공고의 대상은 '섬유디스크필터 세척 용역'으로, 일반적인 용역(서비스)에 해당합니다.
2. **금액 확인**: `meta`의 입찰추정가격은 **118,736,000원**입니다. 이는 1억 원 이상이며, 고시금액(물품/용역 2억 3천만 원) 미만 구간에 해당합니다.
3. **기업 규모 제한 확인**: 공고문 3조(입찰 참가자격)를 확인하면, 「지방자치단체를 당사자로 하는 계약에 관한 법률 시행령」 제13조 및 시행규칙 제14조에 따른 자격(업종 제한 등)은 명시되어 있으나, **중소기업자 여부에 대한 제한은 명시되어 있지 않습니다.**
4. **판정 결과**: 그러나 판정 카드 지침에 따르면, **""중소기업 전체 제한이 있으면 v16=0""**으로 판정합니다. 본 공고는 특정 기업 규모(중소기업, 소기업 등)를 명시적으로 제한하고 있지는 않으나, 입찰 참가 자격의 성격상 '지방계약법'에 따른 일반적인 자격 요건을 갖춘 자를 대상으로 하므로, '기업 규모 제한이 전혀 없는 경우(v16=1)'의 예시인 ""일반제품이고 금액 구간은 해당하지만 참가자격에 기업 규모 제한이 전혀 없는 경우""에 해당하지 않고, 법령상 중소기업 우선구매 대상 여부를 따지는 과정에서 중소기업 제한이 없는 상태를 정상(0)으로 봅니다. (본 공고는 중소기업 제한을 명시하지 않았으므로 v16의 위반 조건인 '기업 규모 제한이 전혀 없음'을 만족하는 것이 아니라, 중소기업 제한이 없는 일반적인 용역 공고이므로 0입니다.)"
CJH,PPS-DEV-21,v16,0,False,False,complete_code_fence,wrong_keys,invalid,,null,,,False,False,False,False,stop,106,27,"```json
{
  ""v16"": 0,
  ""e16"": null
}
```"
CJH,PPS-DEV-22,v16,0,False,False,complete_code_fence,wrong_keys,invalid,,null,,,False,False,False,False,stop,106,27,"```json
{
  ""v16"": 0,
  ""e16"": null
}
```"
CJH,PPS-DEV-23,v16,0,False,False,complete_code_fence,wrong_keys,invalid,,null,,,False,False,False,False,stop,106,27,"```json
{
  ""v16"": 0,
  ""e16"": null
}
```"
CJH,PPS-DEV-24,v16,0,False,False,complete_code_fence,wrong_keys,invalid,,null,,,False,False,False,False,stop,106,27,"```json
{
  ""v16"": 0,
  ""e16"": null
}
```"
CJH,PPS-DEV-25,v16,0,False,False,complete_code_fence,wrong_keys,invalid,,null,,,False,False,False,False,stop,106,27,"```json
{
  ""v16"": 0,
  ""e16"": null
}
```"
CJH,PPS-DEV-26,v16,0,False,False,complete_code_fence,wrong_keys,invalid,,null,,,False,False,False,False,stop,106,27,"```json
{
  ""v16"": 0,
  ""e16"": null
}
```"
CJH,PPS-DEV-27,v16,0,False,False,complete_code_fence,wrong_keys,invalid,,null,,,False,False,False,False,stop,106,27,"```json
{
  ""v16"": 0,
  ""e16"": null
}
```"
CJH,PPS-DEV-28,v16,0,False,False,complete_code_fence,wrong_keys,invalid,,null,,,False,False,False,False,stop,106,27,"```json
{
  ""v16"": 0,
  ""e16"": null
}
```"
CJH,PPS-DEV-29,v16,0,False,False,complete_code_fence,wrong_keys,invalid,,null,,,False,False,False,False,stop,106,27,"```json
{
  ""v16"": 0,
  ""e16"": null
}
```"
CJH,PPS-DEV-30,v16,0,False,False,complete_code_fence,wrong_keys,invalid,,null,,,False,False,False,False,stop,106,27,"```json
{
  ""v16"": 0,
  ""e16"": null
}
```"
CJH,PPS-DEV-31,v16,0,False,False,complete_code_fence,wrong_keys,invalid,,null,,,False,False,False,False,stop,106,27,"```json
{
  ""v16"": 0,
  ""e16"": null
}
```"
CJH,PPS-DEV-32,v16,0,False,False,complete_code_fence,wrong_keys,invalid,,null,,,False,False,False,False,stop,106,27,"```json
{
  ""v16"": 0,
  ""e16"": null
}
```"
CJH,PPS-DEV-033,v16,0,False,False,complete_code_fence,wrong_keys,invalid,,null,,,False,False,False,False,stop,106,21,"```json
{""v16"": 0, ""e16"": null}
```"
CJH,PPS-DEV-034,v16,0,False,False,complete_code_fence,wrong_keys,invalid,,null,,,False,False,False,False,stop,106,27,"```json
{
  ""v16"": 0,
  ""e16"": null
}
```"
CJH,PPS-DEV-035,v16,0,False,False,complete_code_fence,wrong_keys,invalid,,null,,,False,False,False,False,stop,106,27,"```json
{
  ""v16"": 0,
  ""e16"": null
}
```"
CJH,PPS-DEV-036,v16,0,False,False,complete_code_fence,wrong_keys,invalid,,null,,,False,False,False,False,stop,106,27,"```json
{
  ""v16"": 0,
  ""e16"": null
}
```"
CJH,PPS-DEV-037,v16,1,False,True,,invalid_json:Expecting value: line 1 column 1 (char 0),invalid,,null,,,False,False,False,False,stop,106,289,"```json
{
  ""v16"": 0,
  ""e16"": null
}
```

**판정 근거:**
1. **구매 대상 식별:** 공고의 품목은 '냉난방기', '히트펌프용실내기', '전기히트펌프'이며, 이는 일반제품이 아닌 **경쟁제품**(참고자료의 세부품명번호와 일치 여부 확인 시 일반적인 물품 구매 공고의 특성상 경쟁제품군에 속함)에 해당합니다.
2. **금액 확인:** meta의 입찰추정가격은 195,344,545원으로, 1억 원 이상 ~ 고시금액(2억 3천만 원) 미만 구간에 해당합니다.
3. **기업 규모 제한 확인:** 공고문 3.1항 및 3.2항 등에서 직접적인 기업 규모 제한을 명시하고 있지 않으나, 판정 기준에 따라 **'경쟁제품인 경우'**는 정상(0)으로 판정합니다. 또한, 본 공고는 [판로지원법]에 따른 중소기업 제한(중기업, 소기업, 소상공인)이 적용되는 구조이므로, 기업 규모 제한이 전혀 없는 상태가 아닙니다."
CJH,PPS-DEV-038,v16,0,False,False,complete_code_fence,wrong_keys,invalid,,null,,,False,False,False,False,stop,106,27,"```json
{
  ""v16"": 0,
  ""e16"": null
}
```"
CJH,PPS-DEV-039,v16,0,False,False,complete_code_fence,wrong_keys,invalid,,null,,,False,False,False,False,stop,106,27,"```json
{
  ""v16"": 0,
  ""e16"": null
}
```"
CJH,PPS-DEV-040,v16,0,False,False,complete_code_fence,wrong_keys,invalid,,null,,,False,False,False,False,stop,106,27,"```json
{
  ""v16"": 0,
  ""e16"": null
}
```"
CJH,PPS-DEV-041,v16,0,False,False,complete_code_fence,wrong_keys,invalid,,null,,,False,False,False,False,stop,106,27,"```json
{
  ""v16"": 0,
  ""e16"": null
}
```"
CJH,PPS-DEV-042,v16,0,False,False,complete_code_fence,wrong_keys,invalid,,null,,,False,False,False,False,stop,106,27,"```json
{
  ""v16"": 0,
  ""e16"": null
}
```"
CJH,PPS-DEV-043,v16,0,False,True,,invalid_json:Expecting value: line 1 column 1 (char 0),invalid,,null,,,False,False,False,False,stop,106,226,"```json
{
  ""v16"": 0,
  ""e16"": null
}
```

**판정 근거:**
1. **입찰추정가격 확인:** meta의 입찰추정가격은 61,264,545원으로, 1억 원 미만입니다.
2. **판정 조건 검토:** 해당 항목(v16)은 '1억 원 이상 고시금액 미만'인 경우를 대상으로 합니다. 본 공고의 추정가격은 1억 원 미만이므로, 해당 항목의 위반 여부를 따지는 전제 조건(1억 원 이상)을 충족하지 못하여 정상(0)으로 판정합니다.
3. **기업 규모 제한 확인:** 공고문상 '중·소기업, 소상공인확인서' 제출을 요구하고 있으며, 입찰참가자격에 '중소기업, 소기업, 소상공인 제한'이 명시되어 있으므로 기업 규모 제한이 존재합니다."
CJH,PPS-DEV-044,v16,0,False,False,complete_code_fence,wrong_keys,invalid,,null,,,False,False,False,False,stop,106,27,"```json
{
  ""v16"": 0,
  ""e16"": null
}
```"
CJH,PPS-DEV-045,v16,0,False,False,complete_code_fence,wrong_keys,invalid,,null,,,False,False,False,False,stop,106,27,"```json
{
  ""v16"": 0,
  ""e16"": null
}
```"
CJH,PPS-DEV-046,v16,0,False,False,complete_code_fence,wrong_keys,invalid,,null,,,False,False,False,False,stop,106,27,"```json
{
  ""v16"": 0,
  ""e16"": null
}
```"
CJH,PPS-DEV-047,v16,0,False,False,complete_code_fence,wrong_keys,invalid,,null,,,False,False,False,False,stop,106,27,"```json
{
  ""v16"": 0,
  ""e16"": null
}
```"
CJH,PPS-DEV-048,v16,0,False,False,complete_code_fence,wrong_keys,invalid,,null,,,False,False,False,False,stop,106,27,"```json
{
  ""v16"": 0,
  ""e16"": null
}
```"
CJH,PPS-DEV-049,v16,0,False,False,complete_code_fence,wrong_keys,invalid,,null,,,False,False,False,False,stop,106,27,"```json
{
  ""v16"": 0,
  ""e16"": null
}
```"
CJH,PPS-DEV-050,v16,0,False,False,complete_code_fence,wrong_keys,invalid,,null,,,False,False,False,False,stop,106,27,"```json
{
  ""v16"": 0,
  ""e16"": null
}
```"
CJH,PPS-DEV-051,v16,0,False,False,complete_code_fence,wrong_keys,invalid,,null,,,False,False,False,False,stop,106,27,"```json
{
  ""v16"": 0,
  ""e16"": null
}
```"
CJH,PPS-DEV-052,v16,0,False,False,complete_code_fence,wrong_keys,invalid,,null,,,False,False,False,False,stop,106,27,"```json
{
  ""v16"": 0,
  ""e16"": null
}
```"
CJH,PPS-DEV-053,v16,0,False,False,complete_code_fence,wrong_keys,invalid,,null,,,False,False,False,False,stop,106,40,"```json
{
  ""v16"": {
    ""위반여부"": 0,
    ""근거문구"": null
  }
}
```"
CJH,PPS-DEV-054,v16,0,False,True,,invalid_json:Expecting value: line 1 column 1 (char 0),invalid,,null,,,False,False,False,False,stop,106,354,"```json
{
  ""v16"": 0,
  ""e16"": null
}
```

**판정 근거 설명 (내부 검토용):**
1. **구매 대상 식별**: 공고의 용역명은 『마늘한우 축제』 행사대행 용역이며, 세부품명번호는 `9015189001`(축제기획 및 대행서비스)입니다.
2. **경쟁제품 여부 확인**: 제공된 [참고자료: 경쟁제품 목록 발췌]에 따르면, 세부품명번호 `9015189001`은 '추정가격 3억원 미만에 한함'이라는 특이사항이 있는 **경쟁제품**입니다.
3. **금액 구간 확인**: meta의 입찰추정가격은 `327,272,727원`입니다. 이는 1억 원 이상이며, 재정경제부장관이 고시하는 금액(물품/용역 2억 3천만 원)을 초과하지만, 경쟁제품 목록의 특이사항 조건(3억 미만)과 관련하여 해당 제품이 경쟁제품임을 확인하였습니다.
4. **판정 결과**: 판정 기준상 **'경쟁제품인 경우'**는 **정상(0)**에 해당합니다. 또한, 공고문 2.라 항목에서 「중소기업기본법」 제2조에 따른 중·소기업자 및 소상공인 제한을 명시하고 있으므로, 기업 규모 제한이 없는 상태가 아닙니다."
CJH,PPS-DEV-055,v16,0,False,False,complete_code_fence,wrong_keys,invalid,,null,,,False,False,False,False,stop,106,27,"```json
{
  ""v16"": 0,
  ""e16"": null
}
```"
CJH,PPS-DEV-056,v16,0,False,False,complete_code_fence,wrong_keys,invalid,,null,,,False,False,False,False,stop,106,27,"```json
{
  ""v16"": 0,
  ""e16"": null
}
```"
CJH,PPS-DEV-057,v16,0,False,True,,invalid_json:Expecting value: line 1 column 1 (char 0),invalid,,null,,,False,False,False,False,stop,106,388,"```json
{
  ""v16"": 0,
  ""e16"": null
}
```

**판정 근거:**
1. **구매 대상 식별:** 공고 대상은 '인쇄회로기판 코팅머신'이며, 세부품명번호는 '2315150201'입니다.
2. **경쟁제품 여부 확인:** 제공된 [경쟁제품 목록 발췌] 자료를 확인한 결과, 해당 세부품명번호(2315150201)는 목록에 존재하지 않습니다. 따라서 이 제품은 **일반제품**입니다.
3. **금액 구간 확인:** meta의 입찰추정가격은 **272,727,273원**입니다. 이는 1억 원 이상이며, 재정경제부장관이 정하는 고시금액(물품 및 용역 기준 2억 3천만 원)을 초과하므로, 판정 기준인 '1억 원 이상 고시금액 미만' 조건에 부합하지 않습니다. (고시금액 2.3억 미만 구간에 해당함)
4. **기업 규모 제한 확인:** 입찰참가자격 3-가, 나, 다 및 3-라 항목을 보면 '중·소기업 또는 소상공인'이어야 한다는 제한이 명시되어 있습니다. 또한 3-바 항목에서 '직접 생산하는 업체'여야 한다는 제한이 있습니다.
5. **결론:** 본 공고는 중소기업 및 소상공인이라는 **기업 규모 제한이 명시되어 있으므로**, ""기업 규모 제한이 전혀 없는 경우""에 해당하지 않아 **정상(0)**으로 판정합니다."
CJH,PPS-DEV-058,v16,1,False,False,complete_code_fence,wrong_keys,invalid,,null,,,False,False,False,False,stop,106,27,"```json
{
  ""v16"": 0,
  ""e16"": null
}
```"
CJH,PPS-DEV-059,v16,0,False,False,complete_code_fence,wrong_keys,invalid,,null,,,False,False,False,False,stop,106,27,"```json
{
  ""v16"": 0,
  ""e16"": null
}
```"
CJH,PPS-DEV-060,v16,0,False,False,complete_code_fence,wrong_keys,invalid,,null,,,False,False,False,False,stop,106,27,"```json
{
  ""v16"": 0,
  ""e16"": null
}
```"
CJH,PPS-DEV-061,v16,0,False,False,complete_code_fence,wrong_keys,invalid,,null,,,False,False,False,False,stop,106,27,"```json
{
  ""v16"": 0,
  ""e16"": null
}
```"
CJH,PPS-DEV-062,v16,0,False,False,complete_code_fence,wrong_keys,invalid,,null,,,False,False,False,False,stop,106,27,"```json
{
  ""v16"": 0,
  ""e16"": null
}
```"
CJH,PPS-DEV-063,v16,0,False,False,complete_code_fence,wrong_keys,invalid,,null,,,False,False,False,False,stop,106,27,"```json
{
  ""v16"": 0,
  ""e16"": null
}
```"
CJH,PPS-DEV-064,v16,0,False,False,complete_code_fence,wrong_keys,invalid,,null,,,False,False,False,False,stop,106,27,"```json
{
  ""v16"": 0,
  ""e16"": null
}
```"
CJH,PPS-DEV-065,v16,1,False,False,complete_code_fence,wrong_keys,invalid,,null,,,False,False,False,False,stop,106,27,"```json
{
  ""v16"": 0,
  ""e16"": null
}
```"
CJH,PPS-DEV-066,v16,1,False,False,complete_code_fence,wrong_keys,invalid,,null,,,False,False,False,False,stop,106,27,"```json
{
  ""v16"": 0,
  ""e16"": null
}
```"
CJH,PPS-DEV-067,v16,1,False,False,complete_code_fence,wrong_keys,invalid,,null,,,False,False,False,False,stop,106,27,"```json
{
  ""v16"": 0,
  ""e16"": null
}
```"
CJH,PPS-DEV-068,v16,0,False,True,,invalid_json:Expecting value: line 1 column 1 (char 0),invalid,,null,,,False,False,False,False,stop,106,327,"```json
{
  ""v16"": 0,
  ""e16"": null
}
```

**판정 근거:**
1. **구매 대상 식별**: 공고의 사업명은 '학습분석시스템 유지보수'이며, 입찰참가자격 2-나항에 따라 '소프트웨어사업자(컴퓨터관련서비스사업, 업종코드: 1468)'를 대상으로 합니다. 이는 경쟁제품 목록의 '정보시스템개발서비스(8111159901)'와 일치하는 일반제품(용역)입니다.
2. **금액 구간 확인**: meta의 입찰추정가격은 **26,418,182원**입니다. 이는 판정 기준인 '1억 원 이상 고시금액 미만' 구간에 해당하지 않습니다. (해당 사업은 1억 원 미만임)
3. **기업 규모 제한 확인**: 입찰참가자격 2-다항에서 「중소기업기본법」 제2조에 따른 **중소기업자 또는 「소상공인 보호 및 지원에 관한 법률」 제2조에 따른 소상공인**으로 기업 규모를 제한하고 있습니다.
4. **결론**: 판정 질문의 조건(1억 원 이상)을 충족하지 못하며, 기업 규모 제한(중소기업/소상공인)이 존재하므로 정상(0)으로 판정합니다."
CJH,PPS-DEV-069,v16,0,False,False,complete_code_fence,wrong_keys,invalid,,null,,,False,False,False,False,stop,106,27,"```json
{
  ""v16"": 0,
  ""e16"": null
}
```"
CJH,PPS-DEV-070,v16,0,False,False,complete_code_fence,wrong_keys,invalid,,null,,,False,False,False,False,stop,106,27,"```json
{
  ""v16"": 0,
  ""e16"": null
}
```"
CJH,PPS-DEV-071,v16,0,False,False,complete_code_fence,wrong_keys,invalid,,null,,,False,False,False,False,stop,106,27,"```json
{
  ""v16"": 0,
  ""e16"": null
}
```"
CJH,PPS-DEV-072,v16,0,False,False,complete_code_fence,wrong_keys,invalid,,null,,,False,False,False,False,stop,106,27,"```json
{
  ""v16"": 0,
  ""e16"": null
}
```"
CJH,PPS-DEV-073,v16,0,False,False,complete_code_fence,wrong_keys,invalid,,null,,,False,False,False,False,stop,106,27,"```json
{
  ""v16"": 0,
  ""e16"": null
}
```"
CJH,PPS-DEV-074,v16,0,False,False,complete_code_fence,wrong_keys,invalid,,null,,,False,False,False,False,stop,106,27,"```json
{
  ""v16"": 0,
  ""e16"": null
}
```"
CJH,PPS-DEV-075,v16,0,False,False,complete_code_fence,wrong_keys,invalid,,null,,,False,False,False,False,stop,106,27,"```json
{
  ""v16"": 0,
  ""e16"": null
}
```"
CJH,PPS-DEV-076,v16,0,False,False,complete_code_fence,wrong_keys,invalid,,null,,,False,False,False,False,stop,106,27,"```json
{
  ""v16"": 0,
  ""e16"": null
}
```"
CJH,PPS-DEV-077,v16,0,False,False,complete_code_fence,wrong_keys,invalid,,null,,,False,False,False,False,stop,106,27,"```json
{
  ""v16"": 0,
  ""e16"": null
}
```"
CJH,PPS-DEV-078,v16,0,False,False,complete_code_fence,wrong_keys,invalid,,null,,,False,False,False,False,stop,106,27,"```json
{
  ""v16"": 0,
  ""e16"": null
}
```"
CJH,PPS-DEV-079,v16,0,False,False,complete_code_fence,wrong_keys,invalid,,null,,,False,False,False,False,stop,106,27,"```json
{
  ""v16"": 0,
  ""e16"": null
}
```"
CJH,PPS-DEV-080,v16,0,False,False,complete_code_fence,wrong_keys,invalid,,null,,,False,False,False,False,stop,106,27,"```json
{
  ""v16"": 0,
  ""e16"": null
}
```"
CJH,PPS-DEV-081,v16,0,False,False,complete_code_fence,wrong_keys,invalid,,null,,,False,False,False,False,stop,106,27,"```json
{
  ""v16"": 0,
  ""e16"": null
}
```"
CJH,PPS-DEV-082,v16,0,False,False,complete_code_fence,wrong_keys,invalid,,null,,,False,False,False,False,stop,106,27,"```json
{
  ""v16"": 0,
  ""e16"": null
}
```"
CJH,PPS-DEV-083,v16,0,False,False,complete_code_fence,wrong_keys,invalid,,null,,,False,False,False,False,stop,106,27,"```json
{
  ""v16"": 0,
  ""e16"": null
}
```"
CJH,PPS-DEV-084,v16,0,False,False,complete_code_fence,wrong_keys,invalid,,null,,,False,False,False,False,stop,106,27,"```json
{
  ""v16"": 0,
  ""e16"": null
}
```"
CJH,PPS-DEV-085,v16,0,False,False,complete_code_fence,wrong_keys,invalid,,null,,,False,False,False,False,stop,106,27,"```json
{
  ""v16"": 0,
  ""e16"": null
}
```"
CJH,PPS-DEV-086,v16,0,False,False,complete_code_fence,wrong_keys,invalid,,null,,,False,False,False,False,stop,106,27,"```json
{
  ""v16"": 0,
  ""e16"": null
}
```"
CJH,PPS-DEV-087,v16,0,False,False,complete_code_fence,wrong_keys,invalid,,null,,,False,False,False,False,stop,106,27,"```json
{
  ""v16"": 0,
  ""e16"": null
}
```"
CJH,PPS-DEV-088,v16,0,False,False,complete_code_fence,wrong_keys,invalid,,null,,,False,False,False,False,stop,106,40,"```json
{
  ""v16"": {
    ""위반여부"": 0,
    ""근거문구"": null
  }
}
```"
CJH,PPS-DEV-089,v16,0,False,False,complete_code_fence,wrong_keys,invalid,,null,,,False,False,False,False,stop,106,27,"```json
{
  ""v16"": 0,
  ""e16"": null
}
```"
CJH,PPS-DEV-090,v16,0,False,False,complete_code_fence,wrong_keys,invalid,,null,,,False,False,False,False,stop,106,27,"```json
{
  ""v16"": 0,
  ""e16"": null
}
```"
CJH,PPS-DEV-091,v16,0,False,False,complete_code_fence,wrong_keys,invalid,,null,,,False,False,False,False,stop,106,27,"```json
{
  ""v16"": 0,
  ""e16"": null
}
```"
CJH,PPS-DEV-092,v16,0,False,False,complete_code_fence,wrong_keys,invalid,,null,,,False,False,False,False,stop,106,27,"```json
{
  ""v16"": 0,
  ""e16"": null
}
```"
CJH,PPS-DEV-093,v16,0,False,False,complete_code_fence,wrong_keys,invalid,,null,,,False,False,False,False,stop,106,27,"```json
{
  ""v16"": 0,
  ""e16"": null
}
```"
CJH,PPS-DEV-094,v16,0,False,False,complete_code_fence,wrong_keys,invalid,,null,,,False,False,False,False,stop,106,27,"```json
{
  ""v16"": 0,
  ""e16"": null
}
```"
CJH,PPS-DEV-095,v16,0,False,False,complete_code_fence,wrong_keys,invalid,,null,,,False,False,False,False,stop,106,27,"```json
{
  ""v16"": 0,
  ""e16"": null
}
```"
CJH,PPS-DEV-096,v16,0,False,False,complete_code_fence,wrong_keys,invalid,,null,,,False,False,False,False,stop,106,27,"```json
{
  ""v16"": 0,
  ""e16"": null
}
```"
CJH,PPS-DEV-097,v16,0,False,True,,invalid_json:Expecting value: line 1 column 1 (char 0),invalid,,null,,,False,False,False,False,stop,106,284,"```json
{
  ""v16"": 0,
  ""e16"": null
}
```

**판정 근거:**
1. **구매 대상 식별:** 본 공고의 대상은 '지방정부 슬레이트 해체·철거 공사 지정폐기물 처리 용역'으로, 경쟁제품 목록에 해당되는 세부품명이 존재하지 않는 일반 용역입니다.
2. **금액 확인:** `meta`의 입찰추정가격은 **85,486,364원**입니다. 이는 1억 원 미만입니다.
3. **기업 규모 제한 여부:** 공고문 3. 가항 및 3. 다항, 그리고 `meta`의 조항호내용(""추정가격 2천만원 초과 1억원 이하 물품·용역(소기업 소상공인 계약)"")을 확인하면, 본 입찰은 **소기업 및 소상공인**으로 참가 자격을 제한하고 있습니다.
4. **결론:** 판정 기준에 따라, 금액 구간이 1억 원 미만(1억 원 이상 고시금액 미만 조건 미충족)이며, 동시에 소기업·소상공인 제한이 존재하므로 정상(0)으로 판정합니다."
CJH,PPS-DEV-098,v16,0,False,False,complete_code_fence,wrong_keys,invalid,,null,,,False,False,False,False,stop,106,27,"```json
{
  ""v16"": 0,
  ""e16"": null
}
```"
CJH,PPS-DEV-099,v16,0,False,False,complete_code_fence,wrong_keys,invalid,,null,,,False,False,False,False,stop,106,27,"```json
{
  ""v16"": 0,
  ""e16"": null
}
```"
CJH,PPS-DEV-100,v16,0,False,False,complete_code_fence,wrong_keys,invalid,,null,,,False,False,False,False,stop,106,27,"```json
{
  ""v16"": 0,
  ""e16"": null
}
```"
CJH,PPS-DEV-101,v16,0,False,False,complete_code_fence,wrong_keys,invalid,,null,,,False,False,False,False,stop,106,27,"```json
{
  ""v16"": 0,
  ""e16"": null
}
```"
CJH,PPS-DEV-102,v16,0,False,False,complete_code_fence,wrong_keys,invalid,,null,,,False,False,False,False,stop,106,27,"```json
{
  ""v16"": 0,
  ""e16"": null
}
```"
CJH,PPS-DEV-103,v16,0,False,False,complete_code_fence,wrong_keys,invalid,,null,,,False,False,False,False,stop,106,27,"```json
{
  ""v16"": 0,
  ""e16"": null
}
```"
CJH,PPS-DEV-104,v16,0,False,True,,invalid_json:Expecting value: line 1 column 1 (char 0),invalid,,null,,,False,False,False,False,stop,106,232,"```json
{
  ""v16"": 0,
  ""e16"": null
}
```

**판정 근거:**
1. **구매 대상 확인:** 공고의 품목은 '화살', '양궁활' 등이며, 이는 [참고자료: 경쟁제품 목록 발췌]의 세부품명번호(4918160301, 4918160201)와 일치하는 **경쟁제품**입니다.
2. **금액 확인:** meta의 입찰추정가격은 24,545,455원으로, 1억 원 미만 구간에 해당합니다.
3. **판정 결과:** 판정카드 규칙에 따라, 대상이 **경쟁제품인 경우**는 '정상(0)'으로 판정합니다. 또한, 공고문 4조 다항에 따라 '소기업 또는 소상공인'이라는 기업 규모 제한이 명시되어 있으므로, 기업 규모 제한이 전혀 없는 상태가 아닙니다."
CJH,PPS-DEV-105,v16,0,False,False,complete_code_fence,wrong_keys,invalid,,null,,,False,False,False,False,stop,106,27,"```json
{
  ""v16"": 0,
  ""e16"": null
}
```"
CJH,PPS-DEV-106,v16,0,False,False,complete_code_fence,wrong_keys,invalid,,null,,,False,False,False,False,stop,106,27,"```json
{
  ""v16"": 0,
  ""e16"": null
}
```"
CJH,PPS-DEV-107,v16,0,False,False,complete_code_fence,wrong_keys,invalid,,null,,,False,False,False,False,stop,106,27,"```json
{
  ""v16"": 0,
  ""e16"": null
}
```"
CJH,PPS-DEV-108,v16,0,False,False,complete_code_fence,wrong_keys,invalid,,null,,,False,False,False,False,stop,106,27,"```json
{
  ""v16"": 0,
  ""e16"": null
}
```"
CJH,PPS-DEV-109,v16,0,False,False,complete_code_fence,wrong_keys,invalid,,null,,,False,False,False,False,stop,106,27,"```json
{
  ""v16"": 0,
  ""e16"": null
}
```"
CJH,PPS-DEV-110,v16,0,False,False,complete_code_fence,wrong_keys,invalid,,null,,,False,False,False,False,stop,106,27,"```json
{
  ""v16"": 0,
  ""e16"": null
}
```"
CJH,PPS-DEV-111,v16,0,False,False,complete_code_fence,wrong_keys,invalid,,null,,,False,False,False,False,stop,106,27,"```json
{
  ""v16"": 0,
  ""e16"": null
}
```"
CJH,PPS-DEV-112,v16,0,False,False,complete_code_fence,wrong_keys,invalid,,null,,,False,False,False,False,stop,106,27,"```json
{
  ""v16"": 0,
  ""e16"": null
}
```"
CJH,PPS-DEV-113,v16,0,False,False,complete_code_fence,wrong_keys,invalid,,null,,,False,False,False,False,stop,106,27,"```json
{
  ""v16"": 0,
  ""e16"": null
}
```"
CJH,PPS-DEV-114,v16,0,False,False,complete_code_fence,wrong_keys,invalid,,null,,,False,False,False,False,stop,106,27,"```json
{
  ""v16"": 0,
  ""e16"": null
}
```"
CJH,PPS-DEV-115,v16,0,False,False,complete_code_fence,wrong_keys,invalid,,null,,,False,False,False,False,stop,106,27,"```json
{
  ""v16"": 0,
  ""e16"": null
}
```"
CJH,PPS-DEV-116,v16,0,False,False,complete_code_fence,wrong_keys,invalid,,null,,,False,False,False,False,stop,106,27,"```json
{
  ""v16"": 0,
  ""e16"": null
}
```"
CJH,PPS-DEV-117,v16,0,False,False,complete_code_fence,wrong_keys,invalid,,null,,,False,False,False,False,stop,106,21,"```json
{""v16"": 0, ""e16"": null}
```"
CJH,PPS-DEV-118,v16,0,False,False,complete_code_fence,wrong_keys,invalid,,null,,,False,False,False,False,stop,106,27,"```json
{
  ""v16"": 0,
  ""e16"": null
}
```"
CJH,PPS-DEV-119,v16,0,False,False,complete_code_fence,wrong_keys,invalid,,null,,,False,False,False,False,stop,106,27,"```json
{
  ""v16"": 0,
  ""e16"": null
}
```"
CJH,PPS-DEV-120,v16,0,False,False,complete_code_fence,wrong_keys,invalid,,null,,,False,False,False,False,stop,106,27,"```json
{
  ""v16"": 0,
  ""e16"": null
}
```"
CJH,PPS-DEV-121,v16,0,False,False,complete_code_fence,wrong_keys,invalid,,null,,,False,False,False,False,stop,106,27,"```json
{
  ""v16"": 0,
  ""e16"": null
}
```"
CJH,PPS-DEV-122,v16,0,False,False,complete_code_fence,wrong_keys,invalid,,null,,,False,False,False,False,stop,106,27,"```json
{
  ""v16"": 0,
  ""e16"": null
}
```"
CJH,PPS-DEV-123,v16,0,False,False,complete_code_fence,wrong_keys,invalid,,null,,,False,False,False,False,stop,106,27,"```json
{
  ""v16"": 1,
  ""e16"": null
}
```"
CJH,PPS-DEV-124,v16,0,False,False,complete_code_fence,wrong_keys,invalid,,null,,,False,False,False,False,stop,106,27,"```json
{
  ""v16"": 0,
  ""e16"": null
}
```"
CJH,PPS-DEV-125,v16,0,False,False,complete_code_fence,wrong_keys,invalid,,null,,,False,False,False,False,stop,106,27,"```json
{
  ""v16"": 0,
  ""e16"": null
}
```"
CJH,PPS-DEV-126,v16,0,False,False,complete_code_fence,wrong_keys,invalid,,null,,,False,False,False,False,stop,106,27,"```json
{
  ""v16"": 0,
  ""e16"": null
}
```"
CJH,PPS-DEV-127,v16,0,False,False,complete_code_fence,wrong_keys,invalid,,null,,,False,False,False,False,stop,106,21,"```json
{""v16"": 0, ""e16"": null}
```"
CJH,PPS-DEV-128,v16,0,False,False,complete_code_fence,wrong_keys,invalid,,null,,,False,False,False,False,stop,106,27,"```json
{
  ""v16"": 0,
  ""e16"": null
}
```"
CJH,PPS-DEV-129,v16,0,False,False,complete_code_fence,wrong_keys,invalid,,null,,,False,False,False,False,stop,106,27,"```json
{
  ""v16"": 0,
  ""e16"": null
}
```"
CJH,PPS-DEV-130,v16,0,False,False,complete_code_fence,wrong_keys,invalid,,null,,,False,False,False,False,stop,106,27,"```json
{
  ""v16"": 0,
  ""e16"": null
}
```"
CJH,PPS-DEV-131,v16,0,False,False,complete_code_fence,wrong_keys,invalid,,null,,,False,False,False,False,stop,106,27,"```json
{
  ""v16"": 0,
  ""e16"": null
}
```"
CJH,PPS-DEV-132,v16,0,False,False,complete_code_fence,wrong_keys,invalid,,null,,,False,False,False,False,stop,106,27,"```json
{
  ""v16"": 0,
  ""e16"": null
}
```"
CJH,PPS-DEV-133,v16,0,False,False,complete_code_fence,wrong_keys,invalid,,null,,,False,False,False,False,stop,106,27,"```json
{
  ""v16"": 0,
  ""e16"": null
}
```"
CJH,PPS-DEV-134,v16,0,False,True,,invalid_json:Expecting value: line 1 column 1 (char 0),invalid,,null,,,False,False,False,False,stop,106,365,"```json
{
  ""v16"": 0,
  ""e16"": null
}
```

**판정 근거:**
1. **구매 대상 식별**: 본 공고의 대상은 '공공기관 차세대 경영정보시스템 구축'으로, 이는 일반적인 용역(소프트웨어 개발/구축)에 해당합니다.
2. **금액 구간 확인**: `meta`의 입찰추정가격은 **4,954,545,455원**입니다. 이는 1억 원 이상이며, 재정경제부 고시금액(물품 및 용역 기준 2억 3천만 원)을 초과하므로, 질문에서 정의한 '1억 원 이상 고시금액 미만' 구간에 해당하지 않습니다. (본 공고는 고시금액보다 훨씬 큰 규모의 사업입니다.)
3. **기업 규모 제한 확인**: 입찰참가자격 5번 항목에서 「소프트웨어진흥법」 제58조에 의한 **소프트웨어사업자(컴퓨터관련서비스사업)로 등록되어 있는 업체**로 제한하고 있습니다. 또한, 법령 및 지침에 따라 소프트웨어 사업의 경우 대기업 참여 제한 등의 규정이 적용되는 구조입니다.
4. **결론**: 입찰추정가격이 고시금액(2.3억)을 초과하므로 해당 항목의 판정 대상 구간(1억~고시금액 미만)에 해당하지 않으며, 또한 기업 규모 제한(소프트웨어사업자 자격)이 존재하므로 위반(1)이 아닌 정상(0)으로 판정합니다."
CJH,PPS-DEV-135,v16,0,False,False,complete_code_fence,wrong_keys,invalid,,null,,,False,False,False,False,stop,106,27,"```json
{
  ""v16"": 0,
  ""e16"": null
}
```"
CJH,PPS-DEV-136,v16,0,False,False,complete_code_fence,wrong_keys,invalid,,null,,,False,False,False,False,stop,106,27,"```json
{
  ""v16"": 0,
  ""e16"": null
}
```"
CJH,PPS-DEV-137,v16,0,False,False,complete_code_fence,wrong_keys,invalid,,null,,,False,False,False,False,stop,106,27,"```json
{
  ""v16"": 0,
  ""e16"": null
}
```"
CJH,PPS-DEV-138,v16,0,False,False,complete_code_fence,wrong_keys,invalid,,null,,,False,False,False,False,stop,106,27,"```json
{
  ""v16"": 0,
  ""e16"": null
}
```"
CJH,PPS-DEV-139,v16,0,False,False,complete_code_fence,wrong_keys,invalid,,null,,,False,False,False,False,stop,106,27,"```json
{
  ""v16"": 0,
  ""e16"": null
}
```"
CJH,PPS-DEV-140,v16,0,False,False,complete_code_fence,wrong_keys,invalid,,null,,,False,False,False,False,stop,106,27,"```json
{
  ""v16"": 0,
  ""e16"": null
}
```"
CJH,PPS-DEV-141,v16,0,False,False,complete_code_fence,wrong_keys,invalid,,null,,,False,False,False,False,stop,106,27,"```json
{
  ""v16"": 0,
  ""e16"": null
}
```"
CJH,PPS-DEV-142,v16,0,False,False,complete_code_fence,wrong_keys,invalid,,null,,,False,False,False,False,stop,106,27,"```json
{
  ""v16"": 0,
  ""e16"": null
}
```"
CJH,PPS-DEV-143,v16,0,False,False,complete_code_fence,wrong_keys,invalid,,null,,,False,False,False,False,stop,106,27,"```json
{
  ""v16"": 0,
  ""e16"": null
}
```"
CJH,PPS-DEV-144,v16,0,False,False,complete_code_fence,wrong_keys,invalid,,null,,,False,False,False,False,stop,106,27,"```json
{
  ""v16"": 0,
  ""e16"": null
}
```"
CJH,PPS-DEV-145,v16,0,False,False,complete_code_fence,wrong_keys,invalid,,null,,,False,False,False,False,stop,106,27,"```json
{
  ""v16"": 0,
  ""e16"": null
}
```"
CJH,PPS-DEV-146,v16,0,False,False,complete_code_fence,wrong_keys,invalid,,null,,,False,False,False,False,stop,106,27,"```json
{
  ""v16"": 0,
  ""e16"": null
}
```"
CJH,PPS-DEV-147,v16,0,False,False,complete_code_fence,wrong_keys,invalid,,null,,,False,False,False,False,stop,106,27,"```json
{
  ""v16"": 0,
  ""e16"": null
}
```"
CJH,PPS-DEV-148,v16,0,False,False,complete_code_fence,wrong_keys,invalid,,null,,,False,False,False,False,stop,106,27,"```json
{
  ""v16"": 0,
  ""e16"": null
}
```"
CJH,PPS-DEV-149,v16,0,False,False,complete_code_fence,wrong_keys,invalid,,null,,,False,False,False,False,stop,106,27,"```json
{
  ""v16"": 0,
  ""e16"": null
}
```"
CJH,PPS-DEV-150,v16,0,False,False,complete_code_fence,wrong_keys,invalid,,null,,,False,False,False,False,stop,106,27,"```json
{
  ""v16"": 0,
  ""e16"": null
}
```"
CJH,PPS-DEV-151,v16,0,False,False,complete_code_fence,wrong_keys,invalid,,null,,,False,False,False,False,stop,106,27,"```json
{
  ""v16"": 0,
  ""e16"": null
}
```"
CJH,PPS-DEV-152,v16,0,False,False,complete_code_fence,wrong_keys,invalid,,null,,,False,False,False,False,stop,106,27,"```json
{
  ""v16"": 0,
  ""e16"": null
}
```"
CJH,PPS-DEV-153,v16,0,False,False,complete_code_fence,wrong_keys,invalid,,null,,,False,False,False,False,stop,106,27,"```json
{
  ""v16"": 0,
  ""e16"": null
}
```"
CJH,PPS-DEV-154,v16,0,False,False,complete_code_fence,wrong_keys,invalid,,null,,,False,False,False,False,stop,106,27,"```json
{
  ""v16"": 0,
  ""e16"": null
}
```"
CJH,PPS-DEV-155,v16,0,False,False,complete_code_fence,wrong_keys,invalid,,null,,,False,False,False,False,stop,106,27,"```json
{
  ""v16"": 0,
  ""e16"": null
}
```"
CJH,PPS-DEV-156,v16,0,False,False,complete_code_fence,wrong_keys,invalid,,null,,,False,False,False,False,stop,106,27,"```json
{
  ""v16"": 0,
  ""e16"": null
}
```"
CJH,PPS-DEV-157,v16,0,False,False,complete_code_fence,wrong_keys,invalid,,null,,,False,False,False,False,stop,106,28,"```json
{
  ""v16"": 0,
  ""근거문구"": null
}
```"
CJH,PPS-DEV-158,v16,0,False,False,complete_code_fence,wrong_keys,invalid,,null,,,False,False,False,False,stop,106,21,"```json
{""v16"": 0, ""e16"": null}
```"
CJH,PPS-DEV-159,v16,0,False,False,complete_code_fence,wrong_keys,invalid,,null,,,False,False,False,False,stop,106,27,"```json
{
  ""v16"": 0,
  ""e16"": null
}
```"
CJH,PPS-DEV-160,v16,0,False,False,complete_code_fence,wrong_keys,invalid,,null,,,False,False,False,False,stop,106,27,"```json
{
  ""v16"": 0,
  ""e16"": null
}
```"
CJH,PPS-DEV-161,v16,0,False,False,complete_code_fence,wrong_keys,invalid,,null,,,False,False,False,False,stop,106,27,"```json
{
  ""v16"": 0,
  ""e16"": null
}
```"
CJH,PPS-DEV-162,v16,0,False,False,complete_code_fence,wrong_keys,invalid,,null,,,False,False,False,False,stop,106,27,"```json
{
  ""v16"": 0,
  ""e16"": null
}
```"
CJH,PPS-DEV-163,v16,0,False,False,complete_code_fence,wrong_keys,invalid,,null,,,False,False,False,False,stop,106,27,"```json
{
  ""v16"": 0,
  ""e16"": null
}
```"
CJH,PPS-DEV-164,v16,0,False,False,complete_code_fence,wrong_keys,invalid,,null,,,False,False,False,False,stop,106,27,"```json
{
  ""v16"": 0,
  ""e16"": null
}
```"
CJH,PPS-DEV-165,v16,0,False,False,complete_code_fence,wrong_keys,invalid,,null,,,False,False,False,False,stop,106,27,"```json
{
  ""v16"": 0,
  ""e16"": null
}
```"
CJH,PPS-DEV-166,v16,0,False,False,complete_code_fence,wrong_keys,invalid,,null,,,False,False,False,False,stop,106,27,"```json
{
  ""v16"": 0,
  ""e16"": null
}
```"
CJH,PPS-DEV-167,v16,0,False,False,complete_code_fence,wrong_keys,invalid,,null,,,False,False,False,False,stop,106,27,"```json
{
  ""v16"": 0,
  ""e16"": null
}
```"
CJH,PPS-DEV-168,v16,0,False,False,complete_code_fence,wrong_keys,invalid,,null,,,False,False,False,False,stop,106,27,"```json
{
  ""v16"": 0,
  ""e16"": null
}
```"
CJH,PPS-DEV-169,v16,0,False,False,complete_code_fence,wrong_keys,invalid,,null,,,False,False,False,False,stop,106,27,"```json
{
  ""v16"": 0,
  ""e16"": null
}
```"
CJH,PPS-DEV-170,v16,0,False,False,complete_code_fence,wrong_keys,invalid,,null,,,False,False,False,False,stop,106,27,"```json
{
  ""v16"": 0,
  ""e16"": null
}
```"
CJH,PPS-DEV-171,v16,0,False,False,complete_code_fence,wrong_keys,invalid,,null,,,False,False,False,False,stop,106,27,"```json
{
  ""v16"": 0,
  ""e16"": null
}
```"
CJH,PPS-DEV-172,v16,0,False,False,complete_code_fence,wrong_keys,invalid,,null,,,False,False,False,False,stop,106,27,"```json
{
  ""v16"": 0,
  ""e16"": null
}
```"
CJH,PPS-DEV-173,v16,0,False,False,complete_code_fence,wrong_keys,invalid,,null,,,False,False,False,False,stop,106,27,"```json
{
  ""v16"": 0,
  ""e16"": null
}
```"
CJH,PPS-DEV-174,v16,0,False,False,complete_code_fence,wrong_keys,invalid,,null,,,False,False,False,False,stop,106,27,"```json
{
  ""v16"": 0,
  ""e16"": null
}
```"
CJH,PPS-DEV-175,v16,0,False,False,complete_code_fence,wrong_keys,invalid,,null,,,False,False,False,False,stop,106,21,"```json
{""v16"": 0, ""e16"": null}
```"
CJH,PPS-DEV-176,v16,0,False,False,complete_code_fence,wrong_keys,invalid,,null,,,False,False,False,False,stop,106,27,"```json
{
  ""v16"": 0,
  ""e16"": null
}
```"
CJH,PPS-DEV-177,v16,0,False,False,complete_code_fence,wrong_keys,invalid,,null,,,False,False,False,False,stop,106,27,"```json
{
  ""v16"": 0,
  ""e16"": null
}
```"
CJH,PPS-DEV-178,v16,0,False,True,,non_stop_finish,invalid,,null,,,False,False,False,False,length,,512,"```json
{
  ""v16"": 0,
  ""e16"": null
}
```

**판정 근거:**
1. **구매 대상 확인**: 공고의 대상은 '전기히트펌프(4010180601)' 및 '히트펌프용실내기(4010178701)'입니다.
2. **경쟁제품 여부**: 제공된 [참고자료: 경쟁제품 목록 발췌]를 확인한 결과, 해당 세부품명번호들은 경쟁제품 목록에 포함되어 있지 않습니다. 따라서 이 제품은 **일반제품**에 해당합니다.
3. **금액 구간 확인**: meta의 입찰추정가격은 **1,189,020,000원**입니다. 이는 1억 원 이상이며, 공고문(D1)의 8번 항목에서 언급된 '조달청 물품구매 적격심사 세부기준' 및 관련 법령상 고시금액(물품/용역 기준 2억 3천만 원 또는 공기업 기준 7억 1천만 원)을 초과하거나 상이한 구간에 있으나, 판정 기준의 핵심인 '기업 규모 제한 여부'를 먼저 확인합니다.
4. **기업 규모 제한 판정**: 입찰 참가 자격(D1의 3번 항목)을 보면, 특정 세부품명번호를 제조 또는 공급하는 업체와 '기계설비·가스공사업(6202)' 등록 업체로 제한하고 있으나, **중소기업자, 소기업, 소상공인 등 기업 규모에 대한 제한을 명시하고 있지 않습니다.**
5. **결론**: 본 공고는 추정가격이 1억 원 이상인 물품(11.8억 원)임에도 불구하고, 중소기업자 간 제한경쟁입찰(중소기업자 전체 제한)이나 소기업·소상공인 제한을 두지 않고 일반적인 자격(업종 및 물품 등록)만을 규정하고 있습니다. 다만, 판정 기준의 '정상(0)' 조건 중 '중소기업 전체 제한이 있는 경우'를 검토할 때, 이 공고는 중소기업 여부를 묻지 않고 있으나, 법령상 추정가격"
CJH,PPS-DEV-179,v16,0,False,False,complete_code_fence,wrong_keys,invalid,,null,,,False,False,False,False,stop,106,27,"```json
{
  ""v16"": 0,
  ""e16"": null
}
```"
CJH,PPS-DEV-180,v16,0,False,False,complete_code_fence,wrong_keys,invalid,,null,,,False,False,False,False,stop,106,27,"```json
{
  ""v16"": 0,
  ""e16"": null
}
```"
CJH,PPS-DEV-181,v16,0,False,False,complete_code_fence,wrong_keys,invalid,,null,,,False,False,False,False,stop,106,27,"```json
{
  ""v16"": 0,
  ""e16"": null
}
```"
CJH,PPS-DEV-182,v16,0,False,False,complete_code_fence,wrong_keys,invalid,,null,,,False,False,False,False,stop,106,27,"```json
{
  ""v16"": 0,
  ""e16"": null
}
```"
CJH,PPS-DEV-183,v16,0,False,False,complete_code_fence,wrong_keys,invalid,,null,,,False,False,False,False,stop,106,27,"```json
{
  ""v16"": 0,
  ""e16"": null
}
```"
CJH,PPS-DEV-184,v16,0,False,False,complete_code_fence,wrong_keys,invalid,,null,,,False,False,False,False,stop,106,27,"```json
{
  ""v16"": 0,
  ""e16"": null
}
```"
CJH,PPS-DEV-185,v16,0,False,True,,invalid_json:Expecting value: line 1 column 1 (char 0),invalid,,null,,,False,False,False,False,stop,106,344,"```json
{
  ""v16"": 0,
  ""e16"": null
}
```

**판정 근거:**
1. **구매 대상 식별:** 본 공고의 대상은 '건설폐기물처리 용역'입니다.
2. **금액 확인:** `meta`의 입찰추정가격은 242,433,636원으로, 1억 원 이상 2억 3천만 원(고시금액) 미만 구간에 해당합니다.
3. **기업 규모 제한 여부:** 공고문 2. 입찰참가자격 1)항 및 5)항을 보면, 본 입찰은 「중소기업제품 구매촉진 및 판로지원에 관한 법률 시행령」 제2조의3 제1항 제5호에 의거하여 **""중소기업자와 우선조달계약의 예외에 해당""**한다고 명시되어 있습니다. 즉, 중소기업자 전체에 대한 제한이 아닌, 특정 법령에 따른 판로지원 예외 사항을 명시하고 있습니다.
4. **결론:** 판정 기준에 따라 '판로지원 예외가 명시된 경우'는 정상(0)으로 분류됩니다. 또한, 입찰 참가 자격에서 특정 업종(건설폐기물 중간처리업 등)을 제한하고 있으나, 이는 제품의 특성에 따른 자격 제한이며, 중소기업 전체에 대한 제한이 아닌 판로지원 예외를 적용하고 있으므로 v16은 0입니다."
CJH,PPS-DEV-186,v16,0,False,False,complete_code_fence,wrong_keys,invalid,,null,,,False,False,False,False,stop,106,27,"```json
{
  ""v16"": 0,
  ""e16"": null
}
```"
CJH,PPS-DEV-187,v16,0,False,False,complete_code_fence,wrong_keys,invalid,,null,,,False,False,False,False,stop,106,27,"```json
{
  ""v16"": 0,
  ""e16"": null
}
```"
CJH,PPS-DEV-188,v16,0,False,False,complete_code_fence,wrong_keys,invalid,,null,,,False,False,False,False,stop,106,27,"```json
{
  ""v16"": 0,
  ""e16"": null
}
```"
CJH,PPS-DEV-189,v16,0,False,False,complete_code_fence,wrong_keys,invalid,,null,,,False,False,False,False,stop,106,27,"```json
{
  ""v16"": 0,
  ""e16"": null
}
```"
CJH,PPS-DEV-190,v16,0,False,False,complete_code_fence,wrong_keys,invalid,,null,,,False,False,False,False,stop,106,27,"```json
{
  ""v16"": 0,
  ""e16"": null
}
```"
CJH,PPS-DEV-191,v16,0,False,False,complete_code_fence,wrong_keys,invalid,,null,,,False,False,False,False,stop,106,27,"```json
{
  ""v16"": 0,
  ""e16"": null
}
```"
CJH,PPS-DEV-192,v16,0,False,False,complete_code_fence,wrong_keys,invalid,,null,,,False,False,False,False,stop,106,27,"```json
{
  ""v16"": 0,
  ""e16"": null
}
```"
CJH,PPS-DEV-193,v16,0,False,False,complete_code_fence,wrong_keys,invalid,,null,,,False,False,False,False,stop,106,27,"```json
{
  ""v16"": 0,
  ""e16"": null
}
```"
CJH,PPS-DEV-194,v16,0,False,False,complete_code_fence,wrong_keys,invalid,,null,,,False,False,False,False,stop,106,27,"```json
{
  ""v16"": 0,
  ""e16"": null
}
```"
CJH,PPS-DEV-195,v16,0,False,False,complete_code_fence,wrong_keys,invalid,,null,,,False,False,False,False,stop,106,27,"```json
{
  ""v16"": 0,
  ""e16"": null
}
```"
CJH,PPS-DEV-196,v16,0,False,False,complete_code_fence,wrong_keys,invalid,,null,,,False,False,False,False,stop,106,27,"```json
{
  ""v16"": 0,
  ""e16"": null
}
```"
CJH,PPS-DEV-197,v16,0,False,False,complete_code_fence,wrong_keys,invalid,,null,,,False,False,False,False,stop,106,27,"```json
{
  ""v16"": 0,
  ""e16"": null
}
```"
CJH,PPS-DEV-198,v16,0,False,False,complete_code_fence,wrong_keys,invalid,,null,,,False,False,False,False,stop,106,27,"```json
{
  ""v16"": 0,
  ""e16"": null
}
```"
CJH,PPS-DEV-199,v16,0,False,False,complete_code_fence,wrong_keys,invalid,,null,,,False,False,False,False,stop,106,27,"```json
{
  ""v16"": 0,
  ""e16"": null
}
```"
CJH,PPS-DEV-200,v16,0,False,False,complete_code_fence,wrong_keys,invalid,,null,,,False,False,False,False,stop,106,27,"```json
{
  ""v16"": 0,
  ""e16"": null
}
```"
CJH,PPS-DEV-01,v17,0,False,False,complete_code_fence,wrong_keys,invalid,,null,,,False,False,False,False,stop,106,36,"```json
{
  ""v17"": 1,
  ""e17"": ""중소기업, 소상공인""
}
```"
CJH,PPS-DEV-02,v17,0,False,True,,invalid_json:Expecting value: line 1 column 1 (char 0),invalid,,null,,,False,False,False,False,stop,106,362,"```json
{
  ""v17"": 0,
  ""e17"": ""「중소기업기본법」 제2조에 따른 소기업자 또는 「소상공인 보호및 지원에 관한 법률」 제2조에 따른 소상공인으로서 「중소기업 범위 및 확인에 관한 규정」에 따라 발급된 소기업ㆍ소상공인확인서를 소지한 자""
}
```

**판정 근거 설명:**
1. **구매 대상 확인:** 공고의 입찰건명은 '공공시설 외국 학술지 연간 구매사업'이며, 세부품명은 '잡지[5510150601]'입니다.
2. **경쟁제품 여부:** 제공된 [참고자료: 경쟁제품 목록 발췌]에 해당 세부품명(잡지)이 포함되어 있지 않으므로 일반제품(물품)으로 분류됩니다.
3. **금액 조건:** meta의 입찰추정가격은 83,100,000원으로 1억 원 미만입니다.
4. **제한 범위 판정:** 공고문 3번 입찰참가자격 항목을 보면, ""「중소기업기본법」 제2조에 따른 소기업자 또는 「소상공인 보호및 지원에 관한 법률」 제2조에 따른 소상공인""으로 제한하고 있습니다. 이는 중소기업 전체가 아닌 **'소기업·소상공인'으로만 제한**한 경우에 해당하므로, 판정 기준에 따라 **정상(0)**으로 판정합니다."
CJH,PPS-DEV-03,v17,0,False,False,complete_code_fence,wrong_keys,invalid,,null,,,False,False,False,False,stop,106,130,"```json
{
  ""v17"": 0,
  ""e17"": ""다. 「벤처기업육성에 관한 특별법」 제2조 제1항에 따른 벤처기업, 「중소기업창업 지원법」에 따른 창업기업, 「중소기업기본법」 제2조 제2항에 따른 소기업 또는 「소상공인기본법」 제2조에 따른 소상공인으로서 「중소기업 범위 및 확인에 관한 규정」 등에 따라 발급된 관련 확인서를 소지한 업체""
}
```"
CJH,PPS-DEV-04,v17,0,False,False,complete_code_fence,wrong_keys,invalid,,null,,,False,False,False,False,stop,106,27,"```json
{
  ""v17"": 0,
  ""e17"": null
}
```"
CJH,PPS-DEV-05,v17,0,False,False,complete_code_fence,wrong_keys,invalid,,null,,,False,False,False,False,stop,106,100,"```json
{
  ""v17"": 1,
  ""e17"": ""③ 「중소기업기본법」 제2조에 따른 중소기업 및 「소상공인 보호 및 지원에 관한 법률」 제2조에 따른 소상공인으로서 「중소기업 범위 및 확인에 관한 규정」에 따라 발급된 중소기업·소상공인 확인서를 소지한 업체""
}
```"
CJH,PPS-DEV-06,v17,0,False,False,complete_code_fence,wrong_keys,invalid,,null,,,False,False,False,False,stop,106,124,"```json
{
  ""v17"": 1,
  ""e17"": ""라. 「중소기업기본법 시행령」 제8조 및 「소상공인 보호 및 지원에 관한 법률」 제2조에 따른 중·소기업·소상공인으로서「중·소기업·소상공인 및 장애인기업 확인요령」에 따라 발급된 중·소기업·소상공인 확인서(입찰마감일 기준 유효하여야 함)를 소지한 업체""
}
```"
CJH,PPS-DEV-07,v17,0,False,False,complete_code_fence,wrong_keys,invalid,,null,,,False,False,False,False,stop,106,27,"```json
{
  ""v17"": 0,
  ""e17"": null
}
```"
CJH,PPS-DEV-08,v17,0,False,False,complete_code_fence,wrong_keys,invalid,,null,,,False,False,False,False,stop,106,27,"```json
{
  ""v17"": 0,
  ""e17"": null
}
```"
CJH,PPS-DEV-09,v17,0,False,False,complete_code_fence,wrong_keys,invalid,,null,,,False,False,False,False,stop,106,115,"```json
{
  ""v17"": 1,
  ""e17"": ""「중소기업기본법」제2조에 따른 중기업 또는 소기업이거나 「소상공인 보호 및 지원에 관한 법률」제2조에 따른 소상공인으로서 「중소기업 범위 및 확인에 관한 규정」에 따라 발급된 중․소기업․소상공인 확인서(중소기업확인서)를 소지한 업체이어야 합니다.""
}
```"
CJH,PPS-DEV-10,v17,0,False,False,complete_code_fence,wrong_keys,invalid,,null,,,False,False,False,False,stop,106,107,"```json
{
  ""v17"": 1,
  ""e17"": ""② 「중소기업기본법」 제2조에 따른 중소기업자 또는 「소상공인 보호 및 지원에 관한 법률」 제2조에 따른 소상공인으로서「중소기업 범위 및 확인에 관한 규정」에 따라 발급된 ‘중기업·소기업·소상공인확인서’를 소지한 업체""
}
```"
CJH,PPS-DEV-11,v17,0,False,False,complete_code_fence,wrong_keys,invalid,,null,,,False,False,False,False,stop,106,103,"```json
{
  ""v17"": 1,
  ""e17"": ""「중소기업기본법」제2조에 따른 중‧소기업 또는「소상공인 보호 및 지원에 관한 법률」제2조에 따른 소상공인으로서「중소기업 범위 및 확인에 관한 규정」에 따라 발급된 중기업 또는 소기업․소상공인확인서를 소지한 업체""
}
```"
CJH,PPS-DEV-12,v17,0,False,False,complete_code_fence,wrong_keys,invalid,,null,,,False,False,False,False,stop,106,118,"```json
{
  ""v17"": 0,
  ""e17"": ""라. 「중소기업제품 구매촉진 및 판로지원에 관한 법률 시행령」 제2조의2, 「중소기업기본법」제2조제2항 및 「소상공인기본법」제2조에 의거 소기업 또는 소상공인에 해당하는 업체(입찰마감일 전일까지 발급된 것으로 유효기간 내에 있어야 함)에 한합니다 .""
}
```"
CJH,PPS-DEV-13,v17,0,False,False,complete_code_fence,wrong_keys,invalid,,null,,,False,False,False,False,stop,106,75,"```json
{
  ""v17"": 1,
  ""e17"": ""가.「중소기업기본법」 제2조에 따른 중소기업자로서 「중소기업 범위 및 확인에 관한 규정」에 따라 발급된 중소기업확인서를 소지한 업체""
}
```"
CJH,PPS-DEV-14,v17,0,False,False,complete_code_fence,wrong_keys,invalid,,null,,,False,False,False,False,stop,106,27,"```json
{
  ""v17"": 0,
  ""e17"": null
}
```"
CJH,PPS-DEV-15,v17,0,False,False,complete_code_fence,wrong_keys,invalid,,null,,,False,False,False,False,stop,106,117,"```json
{
  ""v17"": 0,
  ""e17"": ""「중소기업제품 구매촉진 및 판로지원에 관한 법률 시행령」 제2조의2에 따른 소기업 또는 소상공인으로서 「중소기업 범위 및 확인에 관한 규정」에 따라 발급된 소기업·소상공인 확인서(제안서제출 마감일까지 발급된 것으로 유효기간 내에 있어야 함)를 소지한 자이어야 합니다.""
}
```"
CJH,PPS-DEV-16,v17,0,False,False,complete_code_fence,wrong_keys,invalid,,null,,,False,False,False,False,stop,106,85,"```json
{
  ""v17"": 0,
  ""e17"": ""『중소기업제품 구매촉진 및 판로지원에 관한 법률』 제2조에 따른 소기업자로서 중소기업 범위 및 확인에 관한 규정에 따라 발급된 소기업, 소상공인확인서를 소지한 업체이어야 합니다""
}
```"
CJH,PPS-DEV-17,v17,0,False,False,complete_code_fence,wrong_keys,invalid,,null,,,False,False,False,False,stop,106,82,"```json
{
  ""v17"": 1,
  ""e17"": ""「중소기업기본법」제2조에 따른 중소기업자 또는 「소상공인 보호 및 지원에 관한 법률」제2조에 따른 소상공인으로서 중소기업확인서를 소지한 업체이어야 합니다.""
}
```"
CJH,PPS-DEV-18,v17,0,False,True,,invalid_json:Expecting value: line 1 column 1 (char 0),invalid,,null,,,False,False,False,False,stop,106,318,"```json
{
  ""v17"": 0,
  ""e17"": ""나. 입찰에 참가한 소기업 또는 소상공인이 2인 미만이거나 2인 이상이더라도 적격자가 없는 등의 사유로 유찰(流札)된 경우""
}
```

**[판정 근거]**
1. **실제 구매 대상 및 경쟁제품 여부**: 공고의 세부품명은 '액화석유가스[1511151001]'이며, 제공된 경쟁제품 목록에 해당 품목이 존재하지 않으므로 일반제품입니다.
2. **입찰추정가격 확인**: meta 정보의 입찰추정가격은 204,246,000원으로 1억 원을 초과합니다. (질문 조건인 1억 원 미만 미충족)
3. **참가자격 제한 확인**: 공고문 3조 '다'항 및 '라'항에 따르면, 입찰 참가 자격을 「중소기업제품 구매촉진 및 판로지원에 관한 법률 시행령」 제2조의2 제1항에 따른 **'소기업 또는 소상공인'**으로 제한하고 있습니다.
4. **결론**: 판정 기준에 따라 '소기업·소상공인으로만 제한한 경우'에 해당하므로 **정상(0)**으로 판정합니다."
CJH,PPS-DEV-19,v17,0,False,True,,non_stop_finish,invalid,,null,,,False,False,False,False,length,,512,"```json
{
  ""v17"": 1,
  ""e17"": ""2) 입찰에 참가하는 자는 「국가를 당사자로 하는 법률 시행령」 제12조제3항각호에 해당하지 아니하다는 서약서를 입찰시 제출하여야 합니다. 만약 서약내용이 허위로 판명될 경우 계약의 해제·해지를 당할 수 있고, 부정당업자 입찰참가자격 제한처분을 받을 수 있습니다. (다만, 나라장터 시스템을 이용하여 제출하는 경우에는 전자입찰서(가격입찰(제안)서)에 동 서약서의 내용을 포함하고 있으므로 전자입찰서 제출로 서약서 제출을 대신합니다.)""
}
```

**[판정 근거 설명]**
1. **구매 대상 식별**: 공고의 품명은 '가스엔진히트펌프(세부품명번호: 4010180602)'이며, 이는 경쟁제품 목록에 포함되지 않은 일반 물품입니다.
2. **입찰추정가격 확인**: meta 정보 및 공고문 상의 입찰추정가격은 168,410,000원입니다. (단, 판정 질문의 '1억 원 미만' 조건은 입찰추정가격이 아닌 '입찰금액/예비가격기초금액' 또는 '조항호내용'의 기준을 따르며, 본 공고의 조항호내용은 '추정가격 1억원이상 고시금액 미만'으로 되어 있으나, 실제 입찰 참가자격 제한 문구를 확인해야 합니다.)
3. **기업 규모 제한 확인**: 공고문 2. 가. 3)항을 보면 ""「중소기업기본법」제2조제2항에 규정된 소기업자 또는 「소기업 및 소상공인 지원을 ال법」 제2조에 따른 소기업·소상공인으로... 소지한 자""라고 명시되어 있어 **소기업·소상공인 제한**으로 보일 수 있으나, 질문의 핵심인 '중소기업 전체 제한' 여부를 판단할 때, 공고문 2. 가. 1)항에서 ""가스엔진히트펌프"
CJH,PPS-DEV-20,v17,0,False,False,complete_code_fence,wrong_keys,invalid,,null,,,False,False,False,False,stop,106,27,"```json
{
  ""v17"": 0,
  ""e17"": null
}
```"
CJH,PPS-DEV-21,v17,1,False,False,complete_code_fence,wrong_keys,invalid,,null,,,False,False,False,False,stop,106,106,"```json
{
  ""v17"": 0,
  ""e17"": ""다. 「중소기업기본법」제2조에 따른 중소기업 또는 「소상공인 보호 및 지원에 관한 법률」제2조에 따른 소상공인으로서 「중소기업범위 및 확인에 관한 규정」에 따라 발급된 중소기업·소상공인확인서를 소지한 자이어야 합니다.""
}
```"
CJH,PPS-DEV-22,v17,0,False,False,complete_code_fence,wrong_keys,invalid,,null,,,False,False,False,False,stop,106,52,"```json
{
  ""v17"": 0,
  ""e17"": ""조항호내용\"":\""[판로지원법 시행령] 소기업,소상공인제한\""""
}
```"
CJH,PPS-DEV-23,v17,0,False,False,complete_code_fence,wrong_keys,invalid,,null,,,False,False,False,False,stop,106,121,"```json
{
  ""v17"": 0,
  ""e17"": ""본 입찰은 중기간경쟁제품인 드론을 요구하지만, 수요기관의 특별한 사정으로 인하여 사업에서 요구되는 규격이 특정한 기술을 필요로 하므로 ｢중소기업제품 구매촉진 및 판로지원에 관한 법률 시행령｣ 제7조제1항제4호 규정을 적용하여 직접생산확인품목에서 제외하고 일반물품으로 입찰공고합니다.""
}
```"
CJH,PPS-DEV-24,v17,0,False,False,complete_code_fence,wrong_keys,invalid,,null,,,False,False,False,False,stop,106,104,"```json
{
  ""v17"": 0,
  ""e17"": ""4) 「중소기업기본법」 제2조에 따른 중·소기업 또는 「소상공인 보호 및 지원에 관한 법률」 제2조에 따른 소상공인으로서 「중소기업 범위 및 확인에 관한 규정」에 따라 발급된 중·소기업·소상공인확인서를 소지한 자""
}
```"
CJH,PPS-DEV-25,v17,0,False,False,complete_code_fence,wrong_keys,invalid,,null,,,False,False,False,False,stop,106,27,"```json
{
  ""v17"": 0,
  ""e17"": null
}
```"
CJH,PPS-DEV-26,v17,0,False,False,complete_code_fence,wrong_keys,invalid,,null,,,False,False,False,False,stop,106,103,"```json
{
  ""v17"": 0,
  ""e17"": ""「중소기업기본법」 제2조에 따른 소기업( 「소상공인 보호 및 지원에 관한 법률」 제2조에 따른 소상공인 포함)으로서 ｢중소기업 범위 및 확인에 관한 규정｣에 따라 발급된 <소기업·소상공인 확인서>를 소지한 자.""
}
```"
CJH,PPS-DEV-27,v17,0,False,False,complete_code_fence,wrong_keys,invalid,,null,,,False,False,False,False,stop,106,106,"```json
{
  ""v17"": 0,
  ""e17"": ""라. 「중소기업기본법」 제2조에 따른 소기업자 또는 「소상공인 보호 및 지원에 관한 법률」 제2조에 따른 소상공인으로서 「중소기업 범위 및 확인에 관한 규정」 제6조에 따라 발급된 소기업·소상공인확인서*를 소지한 업체""
}
```"
CJH,PPS-DEV-28,v17,0,False,True,,invalid_json:Expecting value: line 1 column 1 (char 0),invalid,,null,,,False,False,False,False,stop,106,187,"```json
{
  ""v17"": 0,
  ""v18"": 1,
  ""e17"": null
}
```

**[판정 근거]**
1. **실제 구매 대상 식별**: 본 공고의 대상은 '2026년 콘텐츠기업 투자유치 지원 프로그램' 운영 용역입니다.
2. **입찰추정가격 확인**: 공고 정보(meta)에 따르면 입찰추정가격은 **290,909,091원**입니다.
3. **판정**: 판정 기준인 '1억 원 미만' 조건에 해당하지 않으므로(약 2.9억 원), 해당 항목의 위반 여부를 따질 필요 없이 **정상(0)**으로 판정합니다. (금액 구간이 다름)"
CJH,PPS-DEV-29,v17,0,False,False,complete_code_fence,wrong_keys,invalid,,null,,,False,False,False,False,stop,106,73,"```json
{
  ""v17"": 0,
  ""e17"": ""중소기업제품 구매촉진 및 판로지원에 관한 법률 시행령 제2조의3 제1항에 의거 중소기업자와의 우선조달계약에 대한 예외를 적용합니다.""
}
```"
CJH,PPS-DEV-30,v17,0,False,False,complete_code_fence,wrong_keys,invalid,,null,,,False,False,False,False,stop,106,27,"```json
{
  ""v17"": 0,
  ""e17"": null
}
```"
CJH,PPS-DEV-31,v17,0,False,False,complete_code_fence,wrong_keys,invalid,,null,,,False,False,False,False,stop,106,27,"```json
{
  ""v17"": 0,
  ""e17"": null
}
```"
CJH,PPS-DEV-32,v17,0,False,False,complete_code_fence,wrong_keys,invalid,,null,,,False,False,False,False,stop,106,27,"```json
{
  ""v17"": 0,
  ""e17"": null
}
```"
CJH,PPS-DEV-033,v17,1,False,False,complete_code_fence,wrong_keys,invalid,,null,,,False,False,False,False,stop,106,68,"```json
{
  ""v17"": 1,
  ""e17"": ""다. 「중소기업제품 구매촉진 및 판로지원에 관한 법률」 제8조 및 동법 시행령 제9조의 요건을 갖춘 중소기업자""
}
```"
CJH,PPS-DEV-034,v17,0,False,False,complete_code_fence,wrong_keys,invalid,,null,,,False,False,False,False,stop,106,74,"```json
{
  ""v17"": 0,
  ""e17"": ""나. 「중소기업제품의 구매촉진 및 판로지원에 관한 법률 시행령」제2조의 2에 따라 소기업 또는 소상공인 확인서를 소지한 업체이어야 합니다.""
}
```"
CJH,PPS-DEV-035,v17,1,False,False,complete_code_fence,wrong_keys,invalid,,null,,,False,False,False,False,stop,106,35,"```json
{
  ""v17"": 0,
  ""e17"": ""제한경쟁(소기업)""
}
```"
CJH,PPS-DEV-036,v17,0,False,False,complete_code_fence,wrong_keys,invalid,,null,,,False,False,False,False,stop,106,124,"```json
{
  ""v17"": 0,
  ""e17"": ""❍ 「중소기업기본법」 제2조에 따른 소기업자 또는 「소상공인 보호 및 지원에 관한 법률」 제2조에 따른 소상공인으로서 「중소기업 범위 및 확인에 관한 규정」에 따라 발급된 소기업ㆍ소상공인 확인서(적격심사 서류제출 마감일까지 발급된 것으로 유효기간 내에 있어야 함)를 소지한 업체""
}
```"
CJH,PPS-DEV-037,v17,0,False,False,complete_code_fence,wrong_keys,invalid,,null,,,False,False,False,False,stop,106,27,"```json
{
  ""v17"": 0,
  ""e17"": null
}
```"
CJH,PPS-DEV-038,v17,0,False,False,complete_code_fence,wrong_keys,invalid,,null,,,False,False,False,False,stop,106,44,"```json
{
  ""v17"": 0,
  ""e17"": ""[판로지원법 시행령] 소기업,소상공인제한""
}
```"
CJH,PPS-DEV-039,v17,0,False,True,,non_stop_finish,invalid,,null,,,False,False,False,False,length,,512,"```json
{
  ""v17"": 0,
  ""e17"": ""입찰 공고(긴급)\n\n(용역)입찰 공고(긴급)\n\n입찰에 부치고자 다음과 같이 공고합니다.\n\n2026. 3. 13. \n\n< 본 입찰은 청렴계약제가 적용됩니다 >\n\n1. 본 입찰은 청렴계약제 시행 대상입니다.\n\n2. 본 입찰에 참가하고자 하는 자는 [수요기관(준정부기관)]의 「청렴계약입찰특별유의서」 제2조 제1항에 의거 의무적으로 제출하여야 하는 청렴계약이행각서를 제출한 것으로 간주합니다.\n\n3. 최종 낙찰자로 선정된 업체는 계약 체결 시 서명 또는 날인하여 청렴계약 이행각서를 [수요기관(준정부기관)]에 별도 제출하여야 합니다.\n\n4. 청렴계약을 위한 「청렴계약입찰특별유의서」, 「청렴계약이행각서」, 「청렴계약특수조건」은 [수요기관(준정부기관)] 홈페이지([기관홈페이지] 게재되어 있으니, 이를 숙지하고 입찰하시기 바랍니다.\n\n1. 입찰개요\n\n--------------------------------------------------------------------------------------------------------------\n\n공고(사업)명: 준정부기관 농촌 혁신아이디어 콘테스트 운영 용역(제한경쟁·1억원미만)\n\n과 업 내 용: 서바이벌 형태(예선-본선-결선)로 농촌창업 아이디어 및 창업팀을 선발하여 상장 및 상금 수여 등 시상식 운영, 홍보, 사후관리 등\n\n- (분야1) 농촌에 창창업한 식품𐤟제조 기업(5개사)\n\n- (분야2) 농촌의 유무형 자원을 활용한 콘텐츠 기획·개발·브랜딩 등 창의적 아이디어로 농촌에 창업한 기업(10개사 이상)\n\n※ 세부내용은 과업지시서"
CJH,PPS-DEV-040,v17,0,False,False,complete_code_fence,wrong_keys,invalid,,null,,,False,False,False,False,stop,106,44,"```json
{
  ""v17"": 0,
  ""e17"": ""[판로지원법 시행령] 소기업,소상공인제한""
}
```"
CJH,PPS-DEV-041,v17,0,False,False,complete_code_fence,wrong_keys,invalid,,null,,,False,False,False,False,stop,106,44,"```json
{
  ""v17"": 0,
  ""e17"": ""[판로지원법 시행령] 소기업,소상공인제한""
}
```"
CJH,PPS-DEV-042,v17,1,False,False,complete_code_fence,wrong_keys,invalid,,null,,,False,False,False,False,stop,106,92,"```json
{
  ""v17"": 0,
  ""e17"": ""나. 중소기업기본법 제2조 제2항에 따른 중·소기업 또는 소상공인 보호 및 지원에 관한 법률 제2조에 따른 소상공인으로서 중·소기업, 소상공인확인서 중 하나를 소지한 업체이어야 합니다.""
}
```"
CJH,PPS-DEV-043,v17,0,False,False,complete_code_fence,wrong_keys,invalid,,null,,,False,False,False,False,stop,106,63,"```json
{
  ""v17"": 0,
  ""e17"": ""중·소기업, 소상공인확인서 중 1부(제출마감일 전일까지 발급된 것으로 유효 기간 내에 있어야 함)""
}
```"
CJH,PPS-DEV-044,v17,0,False,False,complete_code_fence,wrong_keys,invalid,,null,,,False,False,False,False,stop,106,112,"```json
{
  ""v17"": 0,
  ""e17"": ""다음 각 호의 자격을 모두 갖춘 자이어야 합니다. ① 「국가종합전자조달시스템 입찰참가자격등록규정」에 의하여 국가종합전자조달시스템에 입찰참가자격 등록마감일시까지 [기타자유업종[업종코드: 9999] 입찰참가자격을 등록한 자""
}
```"
CJH,PPS-DEV-045,v17,0,False,False,complete_code_fence,wrong_keys,invalid,,null,,,False,False,False,False,stop,106,125,"```json
{
  ""v17"": 0,
  ""근거문구"": ""③ 다음 중 아래의 어느 하나에 해당하는 자\n- 「중소기업기본법」 제2조에 따른 중소기업 또는 「소상공인 보호 및 지원에 관한 법률」 제2조에 따른 소상공인으로서 「중소기업 범위 및 확인에 관한 규정(중소벤처기업부 고시)」 에 따라 발급된 ‘중소기업·소상공인 확인서’를 소지한 자""
}
```"
CJH,PPS-DEV-046,v17,0,False,False,complete_code_fence,wrong_keys,invalid,,null,,,False,False,False,False,stop,106,123,"```json
{
  ""v17"": 0,
  ""e17"": ""중소기업자간 경쟁제품 중 물품의 구매에 관한 계약이행능력심사 세부기준(중소벤처기업부 고시 제2025-36호, 2025.4.15.) 제4조제1항제3호[별표3]에 따라 추정가격이 고시금액 미만인 중소기업자간 경쟁물품의 평가기준을 적용하며""
}
```"
CJH,PPS-DEV-047,v17,0,False,False,complete_code_fence,wrong_keys,invalid,,null,,,False,False,False,False,stop,106,111,"```json
{
  ""v17"": 0,
  ""e17"": ""라. 「중소기업제품 구매촉진 및 판로지원에 관한 법률 시행령」 제2조의2 및 「중소기업기본법」 제2조제2항에 따른 중·소기업 또는 「소상공인기본법」 제2조에 따른 소상공인 간 제한경쟁입찰에 따라 조달계약을 체결하여야 한다.""
}
```"
CJH,PPS-DEV-048,v17,0,False,False,complete_code_fence,wrong_keys,invalid,,null,,,False,False,False,False,stop,106,115,"```json
{
  ""v17"": 1,
  ""e17"": ""「중소기업기본법」제2조에 따른 중·소기업자 또는 「소상공인 보호 및 지원에 관한 법률」 제2조에 따른 소상공인으로서 「중소기업 범위 및 확인에 관한 규정」에 따라 발급된 중ㆍ소기업 또는 소상 공인확인서를 소지한 업체로 다음 각 호의 자격을 모두 갖추어야 함.""
}
```"
CJH,PPS-DEV-049,v17,0,False,False,complete_code_fence,wrong_keys,invalid,,null,,,False,False,False,False,stop,106,109,"```json
{
  ""v17"": 0,
  ""e17"": ""다. 「중소기업기본법」 제2조에 따른 중기업, 소기업 또는 「소상공인 보호 및 지원에 관한 법률」 제2호에 따른 소상공인으로서, 「중소기업 범위 및 확인에 관한 규정」에 따라 발급된 중기업, 소기업, 소상공인 확인서를 소지한자 이어야 합니다.""
}
```"
CJH,PPS-DEV-050,v17,0,False,False,complete_code_fence,wrong_keys,invalid,,null,,,False,False,False,False,stop,106,107,"```json
{
  ""v17"": 1,
  ""e17"": ""「중소기업기본법」제2조에 따른 중소기업자 및 「소상공인 보호 및 지원에 관한 법률」제2조에 따른 소상공인으로서「중·소기업·소상공인 및 장애인기업 확인요령」에 따라 발급된 중·소기업·소상공인 확인서를 소지한 업체""
}
```"
CJH,PPS-DEV-051,v17,0,False,False,complete_code_fence,invalid_json:Extra data: line 5 column 1 (char 217),invalid,,null,,,False,False,False,False,stop,106,488,"```json
{
  ""v17"": 1,
  ""e17"": ""⑦ 『중소기업제품 구매촉진 및 판로지원에 관한 법률』 제4조, 같은 법 시행령 제2조의2 및 『소상공인 보호 및 지원에 관한 법률』 제2조에 따른 중, 소기업 또는 소상공인으로서 ｢중소기업․소상공인 및 장애인기업 확인요령｣에 따라 발급된 중소기업․ 소상공인확인서 (입찰 마감일 전일까지 발급된 것으로 유효기간내에 있어야 함)을 소지한 업체""
}
```

**판정 근거 설명:**
1. **구매 대상 식별:** 공고의 품목은 '이동형X선 투시장치(C-ARM)'이며, 제공된 경쟁제품 목록에 해당 세부품명번호(4110180201)가 포함되어 있지 않으므로 일반제품으로 분류됩니다.
2. **추정가격 확인:** meta의 입찰추정가격은 245,454,545원으로 1억 원 이상입니다.
3. **판정 결과:** 본 항목(v17)의 위반 조건은 '1억 원 미만'인 경우를 전제로 합니다. 본 공고의 추정가격은 1억 원을 초과하므로, 해당 항목의 위반 조건(1억 원 미만)을 충족하지 않습니다. 

*다시 검토 결과:* 질문의 로직상 **1억 원 미만 일반제품**을 중소기업 전체로 제한하는지 묻고 있으나, 본 공고의 추정가격은 **245,454,545원**으로 1억 원 이상입니다. 따라서 '1억 원 미만'이라는 전제 조건 자체를 만족하지 못하므로 위반(1)이 아닌 **정상(0)**으로 판정하는 것이 논리적으로 타당합니다.

**수정된 최종 응답 (로직에 따른 정상 판정):**

```json
{
  ""v17"": 0,
  ""e17"": null
}
```"
CJH,PPS-DEV-052,v17,0,False,False,complete_code_fence,wrong_keys,invalid,,null,,,False,False,False,False,stop,106,118,"```json
{
  ""v17"": 0,
  ""e17"": ""마. 「중소기업제품 구매촉진 및 판로지원에 관한 법률」 제2조에 따른 중소기업자 및 「소상공인 보호 및 지원에 관한 법률」 제2조에 따른 소상공인으로서「중·소기업·소상공인 장애인기업 확인요령」에 따라 발급된 중·소기업·소상공인확인서를 소지한 업체""
}
```"
CJH,PPS-DEV-053,v17,1,False,False,complete_code_fence,wrong_keys,invalid,,null,,,False,False,False,False,stop,106,103,"```json
{
  ""v17"": 0,
  ""근거문구"": ""②「중소기업기본법」제2조에 따른 중소기업 또는 「소상공인 보호 및 지원에 관한 법률」제2조에 따른 소상공인으로서「중소기업 범위 및 확인에 관한 규정」에 따라 발급된 중·소기업·소상공인확인서를 소지한 자""
}
```"
CJH,PPS-DEV-054,v17,0,False,False,complete_code_fence,wrong_keys,invalid,,null,,,False,False,False,False,stop,106,27,"```json
{
  ""v17"": 0,
  ""e17"": null
}
```"
CJH,PPS-DEV-055,v17,0,False,False,complete_code_fence,wrong_keys,invalid,,null,,,False,False,False,False,stop,106,138,"```json
{
  ""v17"": 0,
  ""e17"": ""「중소기업기본법」제2조에 따른 소기업 또는 「소상공인 보호 및 지원에 관한 법률」제2조에 따른 소상공인으로서 ‘소기업·소상공인확인서(용도: 공공기관 입찰용)’를 소지한 자(유효기간 내 있어야함) 또는「중소기업제품 구매촉진 및 판로지원에 관한 법률」시행령 제2조의3 제2호에 해당하는 비영리 법인""
}
```"
CJH,PPS-DEV-056,v17,0,False,False,complete_code_fence,wrong_keys,invalid,,null,,,False,False,False,False,stop,106,94,"```json
{
  ""v17"": 0,
  ""e17"": ""「중소기업기본법」제2조에 따른 소기업 또는 「소상공인 보호 및 지원에 관한 법률」제2조에 따른 소상공인으로서 ‘소기업·소상공인확인서(용도: 공공기관 입찰용)’를 소지한 자""
}
```"
CJH,PPS-DEV-057,v17,0,False,False,complete_code_fence,wrong_keys,invalid,,null,,,False,False,False,False,stop,106,54,"```json
{
  ""v17"": 0,
  ""e17"": ""가. 입찰방법 : 제한경쟁입찰(중·소기업, 소상공인, 직접생업체)""
}
```"
CJH,PPS-DEV-058,v17,0,False,False,complete_code_fence,wrong_keys,invalid,,null,,,False,False,False,False,stop,106,46,"```json
{
  ""v17"": 0,
  ""e17"": ""중소기업 및 소상공인 확인 서류 1부(해당시)""
}
```"
CJH,PPS-DEV-059,v17,0,False,False,complete_code_fence,wrong_keys,invalid,,null,,,False,False,False,False,stop,106,107,"```json
{
  ""v17"": 0,
  ""e17"": ""◦ 「중소기업기본법」 제2조제2항에 따른 소기업 및「소상공인 보호 및 지원에 관한 법률」제2조에 따른 소상공인으로서「중소기업 범위 및 확인에 관한 규정」에 따라 발급된 [소기업·소상공인 확인서]를 소지한 자이어야 합니다.""
}
```"
CJH,PPS-DEV-060,v17,0,False,True,,invalid_json:Expecting value: line 1 column 1 (char 0),invalid,,null,,,False,False,False,False,stop,106,328,"```json
{
  ""v17"": 0,
  ""e17"": null
}
```

**판정 근거:**
1. **구매 대상 식별 및 경쟁제품 여부:** 공고의 과업명은 「2026 로봇플러스 페스티벌 기획·운영」 용역이며, 입찰 참가 자격(3-가-4)에서 '전시회기획 및 대행서비스(8014198801)', '국제행사기획 및 대행서비스(8014198901)', '기타행사기획 및 대행서비스(8014199001)'를 명시하고 있습니다. 이는 제공된 [참고자료: 경쟁제품 목록]의 세부품명번호와 일치하며, 해당 제품들은 '경쟁제품'에 해당합니다.
2. **금액 확인:** meta의 입찰추정가격은 541,636,364원으로, 1억 원을 초과합니다.
3. **결론:** 본 공고는 1억 원 미만 일반제품에 대한 제한이 아니라, 1억 원을 초과하는 금액의 사업이며 대상이 경쟁제품(행사대행서비스)에 해당하므로, '1억 원 미만 일반제품의 중소기업 제한' 항목의 위반(1) 조건에 해당하지 않습니다. 따라서 정상(0)으로 판정합니다."
CJH,PPS-DEV-061,v17,0,False,True,,invalid_json:Expecting value: line 1 column 1 (char 0),invalid,,null,,,False,False,False,False,stop,106,295,"```json
{
  ""v17"": 0,
  ""e17"": null
}
```

**판정 근거:**
1. **구매 대상 식별 및 경쟁제품 여부:** 공고의 사업명은 '2026년 상반기 HOT! 생생 라이브공연 행사대행 용역'이며, 제공된 경쟁제품 목록(경영관련서비스)의 '회의기획및대행서비스(8014190201)', '국제행사기획및대행서비스(8014198901)', '기타행사기획및대행서비스(8014199001)'와 일치합니다. 따라서 본 사업은 **경쟁제품**에 해당합니다.
2. **입찰추정가격 확인:** meta의 입찰추정가격은 72,727,273원으로 1억 원 미만입니다.
3. **판정 결과:** 판정카드 규칙에 따라, 구매 대상이 **경쟁제품인 경우**는 정상(0)으로 판정합니다. 또한, 공고문 상의 참가자격은 특정 기업 규모(중소기업 전체)를 제한하는 것이 아니라, 업종(행사대행업)과 지역(경기도)을 제한하고 있습니다."
CJH,PPS-DEV-062,v17,0,False,False,complete_code_fence,wrong_keys,invalid,,null,,,False,False,False,False,stop,106,27,"```json
{
  ""v17"": 0,
  ""e17"": null
}
```"
CJH,PPS-DEV-063,v17,0,False,False,complete_code_fence,wrong_keys,invalid,,null,,,False,False,False,False,stop,106,112,"```json
{
  ""v17"": 1,
  ""e17"": ""라. 전자입찰서 제출 마감일 전일까지 「중소기업제품 구매촉진 및 판로지원에 관한 법률」 제9조 및 같은 법 시행령 제10조에 의거 해당 물품(시설물경비서비스, 세부품명번호 9212159901)의 직접생산확인증명서를 소지한 업체""
}
```"
CJH,PPS-DEV-064,v17,0,False,False,complete_code_fence,wrong_keys,invalid,,null,,,False,False,False,False,stop,106,27,"```json
{
  ""v17"": 0,
  ""e17"": null
}
```"
CJH,PPS-DEV-065,v17,0,False,False,complete_code_fence,wrong_keys,invalid,,null,,,False,False,False,False,stop,106,113,"```json
{
  ""v17"": 1,
  ""e17"": ""｢중소기업기본법｣ 제2조에 따른 중소기업자 또는 ｢소상공인 보호 및 지원에 관한 법률｣ 제2조에 따른 소상공인으로서, ｢중소기업 범위 및 확인에 관한 규정｣에 따라 발급된 중기업 확인서, 중소기업확인서, 소기업확인서 중 하나를 소지한 업체""
}
```"
CJH,PPS-DEV-066,v17,0,False,False,complete_code_fence,wrong_keys,invalid,,null,,,False,False,False,False,stop,106,46,"```json
{
  ""v17"": 1,
  ""e17"": ""[판로지원법 시행령] 중기업,소기업,소상공인 제한""
}
```"
CJH,PPS-DEV-067,v17,0,False,False,complete_code_fence,wrong_keys,invalid,,null,,,False,False,False,False,stop,106,51,"```json
{
  ""v17"": 0,
  ""e17"": ""조항호내용: [판로지원법 시행령] 소기업,소상공인제한""
}
```"
CJH,PPS-DEV-068,v17,0,False,True,,invalid_json:Expecting value: line 1 column 1 (char 0),invalid,,null,,,False,False,False,False,stop,106,354,"```json
{
  ""v17"": 1,
  ""e17"": ""「중소기업기본법」제2조에 따른 중소기업자 또는 「소상공인 보호 및 지원에 관한 법률」 제2조에 따른 소상공인으로서 「중소기업 범위 및 확인에 관한 규정」에 따라 발급된 중소기업․소상공인확인서를 소지한 자""
}
```

**판정 근거 설명:**
1. **구매 대상 식별**: 공고의 사업명은 '학습분석시스템 유지보수'이며, 세부품명번호(8111159901, 정보시스템개발서비스)와 대조 시 '소프트웨어 진흥법 제48조 적용' 대상인 일반 용역(비경쟁제품)에 해당합니다.
2. **입찰추정가격 확인**: meta 정보의 입찰추정가격은 26,418,182원으로 1억 원 미만입니다.
3. **중소기업 제한 범위 확인**: 공고문 2.다 항목에서 ""「중소기업기본법」제2조에 따른 중소기업자 또는 「소상공인 보호 및 지원에 관한 법률」 제2조에 따른 소상공인""을 참가 자격으로 명시하고 있습니다. 이는 소기업·소상공인으로 한정하지 않고 '중소기업자' 전체를 포함하고 있으므로, 1억 원 미만 일반제품의 중소기업 전체 제한 조건(v17=1)을 만족합니다."
CJH,PPS-DEV-069,v17,0,False,False,complete_code_fence,wrong_keys,invalid,,null,,,False,False,False,False,stop,106,92,"```json
{
  ""v17"": 0,
  ""e17"": ""「중소기업기본법」 제2조제2항에 따른 소기업자, 「소상공인기본법」 제2조에 따른 소상공인, 벤처기업 또는 「중소기업창업 지원법」 제2조제2호에 따른 창업자""
}
```"
CJH,PPS-DEV-070,v17,0,False,False,complete_code_fence,wrong_keys,invalid,,null,,,False,False,False,False,stop,106,110,"```json
{
  ""v17"": 0,
  ""e17"": ""나. 「중소기업기본법」제2조제2항, 「소상공인 보호 및 지원에 관한법률」제2조에 의거 소기업 또는 소상공인으로, 「중소기업 범위 및 확인에 관한 규정」에 따라 발급한 소기업 또는 소상공인 확인서를 소지한 업체만 입찰에 참가 가능합니다.""
}
```"
CJH,PPS-DEV-071,v17,0,False,False,complete_code_fence,wrong_keys,invalid,,null,,,False,False,False,False,stop,106,101,"```json
{
  ""v17"": 1,
  ""e17"": ""「중소기업기본법」 제2조에 따른 중·소기업자 또는 「소상공인 보호 및 지원에 관한 법률」 제2조에 따른 소상공인으로서 중·소기업 범위 및 확인에 관한 규정에 따라 발급된 중·소기업 또는 소상공인확인서를 소지한 업체""
}
```"
CJH,PPS-DEV-072,v17,0,False,False,complete_code_fence,wrong_keys,invalid,,null,,,False,False,False,False,stop,106,127,"```json
{
  ""v17"": 0,
  ""e17"": ""4) 「소상공인 보호 및 지원에 관한 법률」 제2조에 따른 소기업 또는 소상공인으로서, 「중소기업 범위 및 확인에 관한 규정( [공고호수])」에 따라 발급된 소기업, 소상공인확인서(제안서 제출 마감일까지 제출하여야 하며, 그 확인은 제출 마감일까지 발생, 신고, 수정된 자료도 포함함)를 소지한 자""
}
```"
CJH,PPS-DEV-073,v17,1,False,False,complete_code_fence,wrong_keys,invalid,,null,,,False,False,False,False,stop,106,98,"```json
{
  ""v17"": 0,
  ""e17"": ""「중소기업기본법」 제2조 제2항에 따른 중소기업 또는 「소상공인기본법」 제2조에 따른 소상공인으로서 「중소기업 범위 및 확인에 관한 규정」에 따라 발급된 중소기업·소상공인 확인서를 소지한 자""
}
```"
CJH,PPS-DEV-074,v17,0,False,False,complete_code_fence,wrong_keys,invalid,,null,,,False,False,False,False,stop,106,155,"```json
{
  ""v17"": 0,
  ""e17"": ""나. 국가종합전자조달시스템 입찰참가자격등록규정에 의하여 반드시 전자입찰서 제출마감일 전일까지 기타자유업(행사대행업, 업종코드: 9901)으로 경쟁입찰 참가 자격을 등록한 자이어야 합니다. ... 다. 「중소기업기본법 제 2조 제 2항에 따른 소기업 또는 소상공인으로서 「중소기업 범위 및 확인에 관한규정」에 따라 발급된 소기업‧소상공인 확인서를 소지한 자이어야 합니다""
}
```"
CJH,PPS-DEV-075,v17,0,False,False,complete_code_fence,wrong_keys,invalid,,null,,,False,False,False,False,stop,106,108,"```json
{
  ""v17"": 0,
  ""e17"": ""다.「중소기업기본법」 제2조에 따른 중소기업자 또는 「소상공인기본법」제2조에 따른 소상공인으로 「중소기업범위 및 확인에 관한 규정」에 따라 발급된 유효 기간 내의 ‘중소기업 또는 소상공인확인서’를 소지한 업체""
}
```"
CJH,PPS-DEV-076,v17,0,False,True,,invalid_json:Expecting value: line 1 column 1 (char 0),invalid,,null,,,False,False,False,False,stop,106,450,"```json
{
  ""v17"": 1,
  ""e17"": ""라. 「중소기업기본법」제2조에 따른 중소기업 또는 「소상공인 보호 및 지원에 관한 법률」제2조에 따른 소상공인으로서 「중소기업 범위 및 확인에 관한 규정」에 따라 발급된 소기업·소상공인 확인서를 소지한 업체""
}
```

**판정 근거 설명:**
1. **실제 구매 대상 식별:** 본 공고의 용역명은 '제주목 관아 야간개장 특별 공연 대행 용역'이며, 제공된 경쟁제품 목록(경영관련서비스/전시회, 회의 및 행사대행서비스 등)과 대조 시, 해당 용역은 특정된 경쟁제품이 아닌 일반 용역(일반제품)에 해당합니다.
2. **입찰추정가격 확인:** meta 정보의 입찰추정가격은 131,363,636원으로 1억 원을 초과하지만, 판정 기준의 핵심인 '중소기업 전체 제한' 여부를 확인하기 위해 문구를 검토합니다.
3. **중소기업 제한 범위 판정:** 공고문 4-라 항목을 보면 ""중소기업 또는 소상공인""이라고 명시되어 있습니다. 이는 '소기업·소상공인'으로 범위를 좁혀 제한하는 것이 아니라, '중소기업'이라는 전체 범위를 포함하여 참가 자격을 부여하고 있습니다. (소기업·소상공인 확인서를 제출하라는 규정은 있으나, 자격 요건 자체는 중소기업 전체를 대상으로 함)
4. **결론:** 1억 원 미만 일반제품(용역)에 대하여 중소기업 전체를 참가 자격으로 제한하고 있으므로 v17은 1입니다. (단, 추정가격이 1억을 초과하나 판정 로직의 핵심인 '중소기업 전체 제한' 조건에 부합함)"
CJH,PPS-DEV-077,v17,0,False,False,complete_code_fence,wrong_keys,invalid,,null,,,False,False,False,False,stop,106,113,"```json
{
  ""v17"": 0,
  ""e17"": ""「중소기업제품 구매촉진 및 판로지원에 관한 법률」에 의한 중소기업으로서, 소기업 ․ 소상공인확인서(중소기업현황 정보시스템 발급 또는 지방중소기업청 발급)를 소지한 업체이면서, 기타행사기획 및 대행서비스 부문의 직접생산확인증명서를 소지한 업체.""
}
```"
CJH,PPS-DEV-078,v17,0,False,False,complete_code_fence,wrong_keys,invalid,,null,,,False,False,False,False,stop,106,119,"```json
{
  ""v17"": 0,
  ""e17"": ""다. 「중소기업기본법」제2조에 따른 소기업자 또는「소상공인 보호 및 지원에 관한 법률」제2조에 따른 소상공인으로서「중소기업 범위 및 확인에 관한 규정」에 따라 발급된 소기업·소상공인 확인서(계약체결일까지 발급된 것으로 유효기간 내에 있어야 함)를 소지한 업체""
}
```"
CJH,PPS-DEV-079,v17,0,False,False,complete_code_fence,invalid_json:Extra data: line 5 column 1 (char 147),invalid,,null,,,False,False,False,False,stop,106,402,"```json
{
  ""v17"": 1,
  ""e17"": ""6) 「중소기업기본법」제2조에 따른 소기업자 및 「소상공인 보호 및 지원에 관한 법률」제2조에 따른 소상공인으로서 「중소기업 범위 및 확인에 관한 규정」에 따라 발급된 <소기업 또는 소상공인 확인서>를 소지한 업체""
}
```

**판정 근거 설명:**
1. **입찰추정가격 확인:** meta의 입찰추정가격은 154,545,455원으로 1억 원 이상입니다. 하지만 판정 질문의 핵심은 '1억 원 미만 일반제품을 중소기업 전체로 제한하는가'이며, 제공된 공고문은 '소기업 또는 소상공인'으로 제한하고 있습니다.
2. **재검토:** 판정 카드의 조건에 따르면, ""소기업·소상공인으로만 제한한 경우""는 **정상(0)**으로 판정해야 합니다. 
3. **최종 판정 수정:** 
   - 입찰추정가격(154,545,455원)이 1억 원 이상이므로, 이 항목의 적용 대상(1억 원 미만)에 해당하지 않습니다. 
   - 또한, 공고문에서 참가 자격을 '소기업 또는 소상공인'으로 구체적으로 제한하고 있으므로, 이는 '중소기업 전체'가 아닌 '소기업·소상공인' 제한에 해당합니다.
   - 따라서 위반 여부는 **0**입니다.

*(수정된 응답)*

```json
{
  ""v17"": 0,
  ""e17"": null
}
```"
CJH,PPS-DEV-080,v17,0,False,False,complete_code_fence,wrong_keys,invalid,,null,,,False,False,False,False,stop,106,66,"```json
{
  ""v17"": 1,
  ""e17"": ""※ 제한경쟁입찰(중소기업자), 단독이행 또는 공동수급(공동이행방식), 총액입찰, 협상에 의한 계약""
}
```"
CJH,PPS-DEV-081,v17,0,False,False,complete_code_fence,wrong_keys,invalid,,null,,,False,False,False,False,stop,106,27,"```json
{
  ""v17"": 0,
  ""e17"": null
}
```"
CJH,PPS-DEV-082,v17,0,False,False,complete_code_fence,wrong_keys,invalid,,null,,,False,False,False,False,stop,106,27,"```json
{
  ""v17"": 0,
  ""e17"": null
}
```"
CJH,PPS-DEV-083,v17,0,False,False,complete_code_fence,wrong_keys,invalid,,null,,,False,False,False,False,stop,106,27,"```json
{
  ""v17"": 0,
  ""e17"": null
}
```"
CJH,PPS-DEV-084,v17,0,False,False,complete_code_fence,wrong_keys,invalid,,null,,,False,False,False,False,stop,106,103,"```json
{
  ""v17"": 0,
  ""e17"": ""다. 「중소기업기본법」제2조에 따른 중소기업자 및 「소상공인 보호 및 지원에 관한 법률」제2조에 따른 소상공인으로서 「중소기업 범위 및 확인에 관한 규정」에 따라 발급된 중․소기업․소상공인 확인서를 소지한 자""
}
```"
CJH,PPS-DEV-085,v17,0,False,False,complete_code_fence,wrong_keys,invalid,,null,,,False,False,False,False,stop,106,156,"```json
{
  ""v17"": 0,
  ""e17"": ""3-1. 3)「중소기업기본법」제2조에 따른 소기업자 또는 「소상공인 보호 및 지원에 관한 법률」제2조에 따른 소상공인으로서 「중소기업 범위 및 확인에 관한 규정」에 따라 발급된 <소기업·소상공인 확인서>를 소지한 업체(단, 「중소기업제품 구매촉진 및 판로지원에 관한 법률 시행령」제2조의3제1항제2호의가목에 따라 비영리법인은 입찰참가 가능)""
}
```"
CJH,PPS-DEV-086,v17,0,False,False,complete_code_fence,wrong_keys,invalid,,null,,,False,False,False,False,stop,106,102,"```json
{
  ""v17"": 1,
  ""e17"": ""다. 「중소기업기본법」 제2조에 따른 중소기업자 또는 「소상공인 보호 및 지원에 관한 법률」 제2조에 따른 소상공인으로서 「중소기업 범위 및 확인에 관한 규정」에 따라 발급된 중소기업ㆍ소상공인 확인서를 소지한 자""
}
```"
CJH,PPS-DEV-087,v17,0,False,False,complete_code_fence,wrong_keys,invalid,,null,,,False,False,False,False,stop,106,123,"```json
{
  ""v17"": 0,
  ""e17"": ""② 「중소기업기본법」제2조에 따른 소기업자 및 「소상공인 보호 및 지원에 관한 법률」제2조에 따른 소상공인으로서「중소기업 범위 및 확인에 관한 규정」에 따라 발급된 소기업ㆍ소상공인 확인서(전자입찰서 제출 마감일 전일까지 발급된 것으로 유효기간 내에 있어야 함)를 소지한 자""
}
```"
CJH,PPS-DEV-088,v17,0,False,False,complete_code_fence,wrong_keys,invalid,,null,,,False,False,False,False,stop,106,93,"```json
{
  ""v17"": 0,
  ""e17"": ""「중소기업기본법」에 따른 중소기업 또는「소상공인 보호 및 지원에 관한 법률」에 따른 소상공인으로서 「중소기업 범위 및 확인에 관한 규정」에 따라 발급된 중소기업․소상공인 확인서를 소지한 업체""
}
```"
CJH,PPS-DEV-089,v17,0,False,False,complete_code_fence,wrong_keys,invalid,,null,,,False,False,False,False,stop,106,27,"```json
{
  ""v17"": 0,
  ""e17"": null
}
```"
CJH,PPS-DEV-090,v17,0,False,False,complete_code_fence,wrong_keys,invalid,,null,,,False,False,False,False,stop,106,100,"```json
{
  ""v17"": 0,
  ""e17"": ""「중소기업기본법」 제2조에 따른 중소기업자 또는 「소상공인 보호 및 지원에 관한 법률」 제2조에 따른 소상공인으로서 「중소기업 범위 및 확인에 관한 규정」에 따라 발급된 중소기업ㆍ소상공인 확인서를 소지한 자""
}
```"
CJH,PPS-DEV-091,v17,0,False,False,complete_code_fence,wrong_keys,invalid,,null,,,False,False,False,False,stop,106,97,"```json
{
  ""v17"": 0,
  ""e17"": ""※ 본 사업은 「중소기업제품 구매촉진 및 판로지원에 관한 법률 시행령」 제2조의3 제1항제4호 및 중소기업제품 공공 구매제도 운영요령 제44조에 따라 중소기업자 우선조달계약에 대한 예외 용역입니다.""
}
```"
CJH,PPS-DEV-092,v17,0,False,False,complete_code_fence,wrong_keys,invalid,,null,,,False,False,False,False,stop,106,27,"```json
{
  ""v17"": 0,
  ""e17"": null
}
```"
CJH,PPS-DEV-093,v17,0,False,False,complete_code_fence,wrong_keys,invalid,,null,,,False,False,False,False,stop,106,123,"```json
{
  ""v17"": 1,
  ""e17"": ""다. 「중소기업기본법」제2조에 따른 중소기업자 또는「소상공인 보호 및 지원에 관 한 법률」제2조에 따른 소상공인으로서「중소기업 범위 및 확인에 관한 규정」에 따라 발급된 중·소기업·소상공인 확인서(계약체결일까지 발급된 것으로 유효기간 내에 있어야 함)를 소지한 업체""
}
```"
CJH,PPS-DEV-094,v17,0,False,False,complete_code_fence,wrong_keys,invalid,,null,,,False,False,False,False,stop,106,38,"```json
{
  ""v17"": 0,
  ""e17"": ""중기업. 소기업(소상공인)""
}
```"
CJH,PPS-DEV-095,v17,0,False,False,complete_code_fence,wrong_keys,invalid,,null,,,False,False,False,False,stop,106,125,"```json
{
  ""v17"": 0,
  ""e17"": ""다. ｢중소기업 기본법｣제2조에 따른 소기업 또는 ｢소상공인 보호 및 지원에 관한 법률｣제2조에 따른 소상공인으로서 ｢중소기업 범위 및 확인에 관한 규정｣ 에 따라 발급된 [소기업·소상공인 확인서]를 소지한 업체(견적서 제출 마감일 이전에 발급된 것으로 유효기간 내에 있어야 함)""
}
```"
CJH,PPS-DEV-096,v17,0,False,False,complete_code_fence,wrong_keys,invalid,,null,,,False,False,False,False,stop,106,118,"```json
{
  ""v17"": 1,
  ""e17"": ""나.「중소기업기본법」제2조에 따른 중/소기업자 및 「소상공인 보호 및 지원에 관한 법률」제2조에 따른 소기업 및 소상공인으로서 중/소기업·소상공인확인서(전자입찰서 제출 마감일 전일까지 발급된 것으로 유효기간 내에 있어야 함)를 소지한 업체이어야 합니다.""
}
```"
CJH,PPS-DEV-097,v17,0,False,False,complete_code_fence,wrong_keys,invalid,,null,,,False,False,False,False,stop,106,54,"```json
{
  ""v17"": 0,
  ""e17"": ""추정가격 2천만원 초과 1억원 이하 물품·용역(소기업 소상공인 계약)""
}
```"
CJH,PPS-DEV-098,v17,0,False,False,complete_code_fence,wrong_keys,invalid,,null,,,False,False,False,False,stop,106,102,"```json
{
  ""v17"": 0,
  ""e17"": ""라. 「중소기업기본법」제2조에 따른 소기업 및 「소상공인 보호 및 지원에 관한 법률」제2조에 따른 소상공인으로서「중소기업 범위 및 확인에 관한 규정」에 따라 발급된 중 ‧ 소기업 · 소상공인 확인서를 소지한 업체""
}
```"
CJH,PPS-DEV-099,v17,0,False,False,complete_code_fence,wrong_keys,invalid,,null,,,False,False,False,False,stop,106,27,"```json
{
  ""v17"": 0,
  ""e17"": null
}
```"
CJH,PPS-DEV-100,v17,0,False,False,complete_code_fence,wrong_keys,invalid,,null,,,False,False,False,False,stop,106,67,"```json
{
  ""v17"": 0,
  ""e17"": ""『중소기업기본법』 제2조에 따른 중소기업 또는 『소상공인 보호 및 지원에 관한 법률』제2조에 따른 소상공인""
}
```"
CJH,PPS-DEV-101,v17,0,False,False,complete_code_fence,wrong_keys,invalid,,null,,,False,False,False,False,stop,106,103,"```json
{
  ""v17"": 0,
  ""e17"": ""마. ‘중소기업기본법’ 제2조 제2항에 따른 소기업 또는 ‘소상공인 보호 및 지원에 관한 법률’ 제2조에 따른 소상공인으로서 ‘중소기업 범위 및 확인에 관한 규정’에 따라 발급된 소기업‧소상공인확인서를 소지한 자""
}
```"
CJH,PPS-DEV-102,v17,0,False,False,complete_code_fence,wrong_keys,invalid,,null,,,False,False,False,False,stop,106,97,"```json
{
  ""v17"": 0,
  ""e17"": ""④ 「중소기업기본법」 제2조제2항에 따른 소기업 또는 「소상공인기본법」 제2조에 따른 소상공인으로서 「중소기업 범위 및 확인에 관한 규정」에 따라 발급된 소기업·소상공인 확인서를 소지한 자""
}
```"
CJH,PPS-DEV-103,v17,0,False,False,complete_code_fence,wrong_keys,invalid,,null,,,False,False,False,False,stop,106,43,"```json
{
  ""v17"": 1,
  ""e17"": ""2. 계약방법 : 제한경쟁입찰(중소기업자)""
}
```"
CJH,PPS-DEV-104,v17,0,False,False,complete_code_fence,wrong_keys,invalid,,null,,,False,False,False,False,stop,106,100,"```json
{
  ""v17"": 0,
  ""e17"": ""다. 「중소기업기본법」 제2조에 따른 소기업자 또는 「소상공인 보호 및 지원에 관한 법률」 제2조에 따른 소상공인으로서 「중소기업 범위 및 확인에 관한 규정」에 따라 발급된 소기업 또는 소상공인 확인서를 소지한 업체""
}
```"
CJH,PPS-DEV-105,v17,0,False,False,complete_code_fence,wrong_keys,invalid,,null,,,False,False,False,False,stop,106,120,"```json
{
  ""v17"": 0,
  ""e17"": ""중소기업제품 구매촉진 및 판로지원에 관한 법률 시행령 제2조의2에 의거 소기업 또는 소상공인 우선조달계약 대상이나, 같은 법 시행령 제2조의3(중소기업자와의 우선조달 계약에 대한 예외)제1항1호에 해당하여 소기업․소상공인 우선조달계약에 대한 예외로 취급합니다.""
}
```"
CJH,PPS-DEV-106,v17,0,False,False,complete_code_fence,wrong_keys,invalid,,null,,,False,False,False,False,stop,106,58,"```json
{
  ""v17"": 0,
  ""e17"": ""※ 소기업·소상공인 제한, 총액계약, 적격심사 비대상, 단독이행, 전자입찰""
}
```"
CJH,PPS-DEV-107,v17,0,False,False,complete_code_fence,wrong_keys,invalid,,null,,,False,False,False,False,stop,106,113,"```json
{
  ""v17"": 0,
  ""근거문구"": ""라. ｢중소기업기본법｣ 제2조에 따른 소기업자 또는 ｢소상공인 보호 및 지원에 관한 법률｣ 제2조에 따른 소상공인으로서 ʹ중소기업 범위 및 확인에 관한 규정\u00b7'에 따라 발급된 소기업･소상공인 확인서를 소지한 자 이어야 합니다.""
}
```"
CJH,PPS-DEV-108,v17,0,False,False,complete_code_fence,wrong_keys,invalid,,null,,,False,False,False,False,stop,106,98,"```json
{
  ""v17"": 0,
  ""e17"": ""라. 「중소기업기본법」제2조에 따른 소기업자 또는「소상공인 보호 및 지원에 관한 법률」제2조에 따른 소상공인으로서 중소기업 범위 및 확인에 관한 규정에 따라 발급된 소기업·소상공인확인서를 소지한 자""
}
```"
CJH,PPS-DEV-109,v17,0,False,False,complete_code_fence,wrong_keys,invalid,,null,,,False,False,False,False,stop,106,27,"```json
{
  ""v17"": 0,
  ""e17"": null
}
```"
CJH,PPS-DEV-110,v17,0,False,False,complete_code_fence,wrong_keys,invalid,,null,,,False,False,False,False,stop,106,153,"```json
{
  ""v17"": 0,
  ""e17"": ""5) 「중소기업제품 구매촉진 및 판로지원에 관한 법률 시행령」 제2조의2(중소기업자와의 우선조달계약)에 의하여 「중소기업기본법」 제2조에 따른 중·소기업 또는 「소상공인 보호 및 지원에 관한 법률」 제2조에 따른 소상공인으로서 「중소기업 범위 및 확인에 관한 규정」에 따라 발급된 중·소기업·소상공인확인서(유효기간 내에 있어야 함)를 소지한 업체""
}
```"
CJH,PPS-DEV-111,v17,0,False,False,complete_code_fence,wrong_keys,invalid,,null,,,False,False,False,False,stop,106,75,"```json
{
  ""v17"": 0,
  ""e17"": ""본 용역은 「중소기업제품 구매촉진 및 판로지원에 관한 법률 시행령」 제2조의3에 따라 중소기업자와의 우선조달계약에 대한 예외를 적용합니다.""
}
```"
CJH,PPS-DEV-112,v17,0,False,True,,invalid_json:Expecting value: line 1 column 1 (char 0),invalid,,null,,,False,False,False,False,stop,106,336,"```json
{
  ""v17"": 1,
  ""e17"": ""라. ｢중소기업기본법｣ 제2조에 따른 중・소기업자 또는 ｢소상공인 보호 및 지원에 관한 법률｣ 제2조에 따른 소상공인으로서 ｢중소기업 범위 및 확인에 관한 규정｣에 따라 발급된 중・소기업, 소상공인 확인서를 소지한 자""
}
```

**판정 근거 설명:**
1. **구매 대상 식별**: 공고의 세부품명번호는 `3911150402(무대조명장치)`이며, 이는 제공된 [참고자료: 경쟁제품 목록 발췌]에 포함되어 있지 않습니다. 따라서 이 제품은 **일반제품**입니다.
2. **금액 확인**: meta의 `입찰추정가격`은 `56,202,727원`으로 **1억 원 미만**입니다.
3. **제한 범위 확인**: 공고문 3조 '라'항 및 제안요청서 1.5.3항을 보면, 참가 자격을 ""중·소기업자 또는 소상공인""으로 제한하고 있습니다. 이는 중소기업 전체를 포함하는 제한이므로, 판정 기준에 따라 **v17=1**로 판정합니다. (소기업·소상공인으로만 제한한 경우가 아니라, 중소기업자라는 범위를 포함하고 있음)"
CJH,PPS-DEV-113,v17,0,False,False,complete_code_fence,wrong_keys,invalid,,null,,,False,False,False,False,stop,106,27,"```json
{
  ""v17"": 0,
  ""e17"": null
}
```"
CJH,PPS-DEV-114,v17,0,False,False,complete_code_fence,wrong_keys,invalid,,null,,,False,False,False,False,stop,106,89,"```json
{
  ""v17"": 0,
  ""e17"": ""「중소기업제품 구매촉진 및 판로지원에 관한 법률 시행령」제2조의2에 의거 「소기업 및 소상공인 지원을 위한 특별조치법」제2조에 따른 소기업 또는 소상공인에 해당하는 업체이어야 합니다.""
}
```"
CJH,PPS-DEV-115,v17,0,False,False,complete_code_fence,wrong_keys,invalid,,null,,,False,False,False,False,stop,106,91,"```json
{
  ""v17"": 0,
  ""e17"": ""「중소기업제품 구매촉진 및 판로지원에 관한 법률 시행령」제2조의3 및 「중소기업제품 공공구매제도 운영요령」제44조에 따라 중소기업자와 우선조달계약에 대한 예외가 적용되는 사업입니다.""
}
```"
CJH,PPS-DEV-116,v17,0,False,False,complete_code_fence,wrong_keys,invalid,,null,,,False,False,False,False,stop,106,111,"```json
{
  ""v17"": 0,
  ""e17"": ""②「중소기업기본법」제2조 및「소상공인 보호 및 지원에 관한 법률」제2조에 따른 중소기업 또는 소상공인으로서「중소기업 범위 및 확인에 관한 규정」에 따라 발급된‘중ㆍ소기업 ․ 소상공인 확인서(중소기업확인서)’를 소지한 업체""
}
```"
CJH,PPS-DEV-117,v17,0,False,False,complete_code_fence,wrong_keys,invalid,,null,,,False,False,False,False,stop,106,114,"```json
{
  ""v17"": 0,
  ""e17"": ""「중소기업기본법」제2조제2항에 따른 중기업·소기업 또는「소상공인 보호 및 지원에 관한 법률」제2조에 따른 소상공인으로「중·소기업·소상공인 및 장애인기업 확인요령」에 따라 발급된 중기업·소기업 또는 소상공인확인서를 소지한 사업자""
}
```"
CJH,PPS-DEV-118,v17,0,False,False,complete_code_fence,wrong_keys,invalid,,null,,,False,False,False,False,stop,106,37,"```json
{
  ""v17"": 0,
  ""e17"": ""가. 소기업, 소상공인""
}
```"
CJH,PPS-DEV-119,v17,0,False,False,complete_code_fence,wrong_keys,invalid,,null,,,False,False,False,False,stop,106,27,"```json
{
  ""v17"": 0,
  ""e17"": null
}
```"
CJH,PPS-DEV-120,v17,0,False,True,,invalid_json:Expecting value: line 1 column 1 (char 0),invalid,,null,,,False,False,False,False,stop,106,372,"```json
{
  ""v17"": 0,
  ""e17"": ""중소기업제한\n2026-1122\n[수요기관(의료기관)]\n[의료기기]NIBP & Pulse Oximeter 10SET\n2026년06월04일\n(목)17:00까지\n2026년06월05일\n(금)12:00까지\n추후통보\n소기업(소상공인)""
}
```

**판정 근거:**
1. **구매 대상 식별:** 공고의 품목은 '의료기기(Handheld Ultrasound System 등)'이며, 이는 제공된 경쟁제품 목록(전기시스템, 공공안전장비, 출판물 등)에 포함되지 않는 **일반제품**입니다.
2. **금액 조건:** `meta`의 입찰추정가격은 **2**로, 1억 원 미만 조건에 해당합니다.
3. **제한 범위 판정:** 공고문 내 '입찰참가자격' 및 '중소기업제한' 항목을 확인한 결과, **""소기업(소상공인)""**으로 제한하고 있습니다. 
4. **결론:** 해당 항목은 '중소기업 전체'를 제한하는 것이 아니라 '소기업·소상공인'으로 범위를 좁혀 제한하고 있으므로, 판정 기준의 [정상 = 0] 조건(소기업·소상공인으로만 제한한 경우)에 따라 **0**으로 판정합니다."
CJH,PPS-DEV-121,v17,0,False,True,,invalid_json:Expecting value: line 1 column 1 (char 0),invalid,,null,,,False,False,False,False,stop,106,307,"```json
{
  ""v17"": 0,
  ""e17"": ""라. 「지방자치단체를 당사자로하는 계약에 관한 법률」 제31조 및 같은 법 시행령 제92조에 의한 입찰참가자격 제한을 받지 않는 업체\n다. 「중소기업기본법」 제2조에 따른 중․소기업자 또는 「소상공인 보호 및 지원에 관한 법률」 제2조에 따른 소상공인으로서 「중소기업 범위 및 확인에 관한 규정」 에 따라 발급된 <중‧소기업 또는 소상공인 확인서>를 소지한 업체""
}
```

**판정 근거 설명:**
1. **입찰추정가격 확인:** meta의 입찰추정가격은 158,000,000원으로, 1억 원 이상입니다. (v17의 조건인 '1억 원 미만'에 해당하지 않음)
2. **참가자격 제한 내용:** 공고문 2항 '라'항에 따르면, 참가 자격을 ""중․소기업자 또는 소상공인""으로 제한하고 있습니다. 이는 중소기업 전체가 아닌 '소기업·소상공인'으로 제한한 경우에 해당하므로, 판정 기준에 따라 **정상(0)**으로 판정합니다."
CJH,PPS-DEV-122,v17,0,False,False,complete_code_fence,wrong_keys,invalid,,null,,,False,False,False,False,stop,106,100,"```json
{
  ""v17"": 0,
  ""e17"": ""4)「중소기업기본법」제2조에 따른 소기업 및「소상공인 보호 및 지원에 관한 법률」제2조에 따른 소상공인으로서「중소기업 범위 및 확인에 관한 규정」에 따라 발급된 소기업․소상공인확인서를 소지한 업체""
}
```"
CJH,PPS-DEV-123,v17,0,False,False,complete_code_fence,wrong_keys,invalid,,null,,,False,False,False,False,stop,106,27,"```json
{
  ""v17"": 0,
  ""e17"": null
}
```"
CJH,PPS-DEV-124,v17,0,False,False,complete_code_fence,wrong_keys,invalid,,null,,,False,False,False,False,stop,106,46,"```json
{
  ""v17"": 0,
  ""e17"": ""소기업 또는 소상공인·벤처기업·창업자 제한경쟁""
}
```"
CJH,PPS-DEV-125,v17,0,False,False,complete_code_fence,wrong_keys,invalid,,null,,,False,False,False,False,stop,106,101,"```json
{
  ""v17"": 0,
  ""e17"": ""나. 「중소기업 기본법」제2조에 따른 소기업 또는 「소상공인 보호 및 지원에 관한 법률」제2조에 따른 소상공인으로서 「중소기업 범위 및 확인에 관한 규정」에 따라 발급된 ‘소기업·소상공인 확인서’를 소지한 자.""
}
```"
CJH,PPS-DEV-126,v17,0,False,False,complete_code_fence,wrong_keys,invalid,,null,,,False,False,False,False,stop,106,101,"```json
{
  ""v17"": 0,
  ""e17"": ""3-1-3 「중소기업제품 구매촉진 및 판로지원에 관한 법률 시행령」 제2조2에 따른 중·소기업 또는 소상공인으로서 「중·소기업 및 확인에 관한 규정」 “중·소기업·소상공인 확인서”를 소지한 업체이어야 합니다.""
}
```"
CJH,PPS-DEV-127,v17,0,False,False,complete_code_fence,wrong_keys,invalid,,null,,,False,False,False,False,stop,106,27,"```json
{
  ""v17"": 0,
  ""e17"": null
}
```"
CJH,PPS-DEV-128,v17,0,False,False,complete_code_fence,wrong_keys,invalid,,null,,,False,False,False,False,stop,106,103,"```json
{
  ""v17"": 0,
  ""e17"": ""「중소기업기본법」제2조에 따른 중 · 소기업자 또는「소상공인보호 및 지원에 관한 법률」제2조에 따른 소상공인으로서 “중소기업 범위 및 확인에 관한 규정”에 따라 발급된 중 · 소기업 · 소상공인 확인서를 소지한 자""
}
```"
CJH,PPS-DEV-129,v17,0,False,False,complete_code_fence,wrong_keys,invalid,,null,,,False,False,False,False,stop,106,98,"```json
{
  ""v17"": 0,
  ""e17"": ""「중소기업기본법」제2조에 따른 소기업자 또는 「소상공인 보호 및 지원에 관한 법률」제2조에 따른 소상공인으로서 「중소기업 범위 및 확인에 관한 규정」에 따라 발급된 소기업·소상공인 확인서를 소지한 자""
}
```"
CJH,PPS-DEV-130,v17,0,False,False,complete_code_fence,wrong_keys,invalid,,null,,,False,False,False,False,stop,106,104,"```json
{
  ""v17"": 0,
  ""e17"": ""마. 「중소기업기본법」제 2 조제 2 항에 따른 소기업 또는 「소상공인 보호 및 지원에 관한 법률」제2조에 따른 소상공인으로서 ‘중소기업 범위 및 확인에 관한 규정’에 따라 발급된 소기업 또는 소상공인 확인서를 소지한 업체""
}
```"
CJH,PPS-DEV-131,v17,0,False,False,complete_code_fence,wrong_keys,invalid,,null,,,False,False,False,False,stop,106,27,"```json
{
  ""v17"": 0,
  ""e17"": null
}
```"
CJH,PPS-DEV-132,v17,0,False,False,complete_code_fence,wrong_keys,invalid,,null,,,False,False,False,False,stop,106,27,"```json
{
  ""v17"": 0,
  ""e17"": null
}
```"
CJH,PPS-DEV-133,v17,0,False,False,complete_code_fence,wrong_keys,invalid,,null,,,False,False,False,False,stop,106,76,"```json
{
  ""v17"": 1,
  ""e17"": ""다. 「중소기업기본법」 제2조에 따른 중소기업자로서, 「중소기업 범위 및 확인에 관한 규정」에 따라 발급된 중소기업확인서를 소지한 자""
}
```"
CJH,PPS-DEV-134,v17,0,False,False,complete_code_fence,wrong_keys,invalid,,null,,,False,False,False,False,stop,106,27,"```json
{
  ""v17"": 0,
  ""e17"": null
}
```"
CJH,PPS-DEV-135,v17,0,False,False,complete_code_fence,wrong_keys,invalid,,null,,,False,False,False,False,stop,106,126,"```json
{
  ""v17"": 0,
  ""e17"": ""「중소기업제품 구매촉진 및 판로지원에 관한 법률 시행령」 제2조의2에 따라 ｢중소기업기본법｣ 제2조에 따른 소기업 또는 ｢소상공인기본법｣ 제2조에 따른 소상공인으로서 ｢중소기업 범위 및 확인에 관한 규정｣에 따라 소기업ㆍ소상공인확인서(전자)"",
  ""v18"": null
}
```"
CJH,PPS-DEV-136,v17,0,False,False,complete_code_fence,wrong_keys,invalid,,null,,,False,False,False,False,stop,106,160,"```json
{
  ""v17"": 0,
  ""e17"": ""3) 「중소기업제품 구매촉진 및 판로지원에 관한 법률 시행령」 제2조의2(중소기업자와의 우선조달계약)에 의한 소기업 또는 소상공인에 해당하는 자로서 「중소기업 범위 및 확인에 관한 규정」에 따라 발급된 확인서를 소지한 업체이거나, 「중소기업제품 구매촉진 및 판로지원에 관한 법률 시행령」 제2조의3(중소기업자와의 우선조달계약에 대한 예외) 제1항 제2호의 비영리법인에 해당하는 자""
}
```"
CJH,PPS-DEV-137,v17,0,False,False,complete_code_fence,wrong_keys,invalid,,null,,,False,False,False,False,stop,106,100,"```json
{
  ""v17"": 0,
  ""e17"": ""「중소기업기본법」제2조(중소기업자의 범위)에 따른 소기업 또는「소상공인기본법」제2조에 따른 소상공인으로서 “중소기업 범위 및 확인에 관한 규정”에 따라 발급된 소기업 또는 소상공인 확인서를 소지한 업체""
}
```"
CJH,PPS-DEV-138,v17,0,False,False,complete_code_fence,wrong_keys,invalid,,null,,,False,False,False,False,stop,106,82,"```json
{
  ""v17"": 0,
  ""e17"": ""「중소기업기본법」 제2조에 따른 중소기업 또는 「소상공인기본법」 제2조에 따른 소상공인으로 【중소기업·소상공인 확인서】를 소지한 업체이며""
}
```"
CJH,PPS-DEV-139,v17,0,False,False,complete_code_fence,wrong_keys,invalid,,null,,,False,False,False,False,stop,106,104,"```json
{
  ""v17"": 0,
  ""e17"": ""「중소기업기본법」 제2조에 따른 중·소기업 및 「소상공인 보호 및 지원에 관한 법률」 제2조에 따른 소상공인으로서 「중소기업 범위 및 확인에 관한 규정」에 따라 발급된 유효한 중·소기업ㆍ소상공인 확인서를 소지한 자""
}
```"
CJH,PPS-DEV-140,v17,0,False,False,complete_code_fence,wrong_keys,invalid,,null,,,False,False,False,False,stop,106,27,"```json
{
  ""v17"": 0,
  ""e17"": null
}
```"
CJH,PPS-DEV-141,v17,0,False,False,complete_code_fence,wrong_keys,invalid,,null,,,False,False,False,False,stop,106,27,"```json
{
  ""v17"": 0,
  ""e17"": null
}
```"
CJH,PPS-DEV-142,v17,0,False,False,complete_code_fence,wrong_keys,invalid,,null,,,False,False,False,False,stop,106,38,"```json
{
  ""v17"": 0,
  ""e17"": ""중기업. 소기업(소상공인)""
}
```"
CJH,PPS-DEV-143,v17,0,False,False,complete_code_fence,wrong_keys,invalid,,null,,,False,False,False,False,stop,106,27,"```json
{
  ""v17"": 0,
  ""e17"": null
}
```"
CJH,PPS-DEV-144,v17,0,False,False,complete_code_fence,wrong_keys,invalid,,null,,,False,False,False,False,stop,106,117,"```json
{
  ""v17"": 0,
  ""e17"": ""다. 「중소기업기본법」 제2조에 따른 소기업자 또는 「소상공인 보호 및 지원에 관한 법률」 제2조에 따른 소상공인으로서 「중소기업범위 및 확인에 관한 규정(중소벤처기업부 고시)」에 따라 발급된 「소기업·소상공인 확인서」를 소지한 업체이어야만 합니다.""
}
```"
CJH,PPS-DEV-145,v17,0,False,False,complete_code_fence,wrong_keys,invalid,,null,,,False,False,False,False,stop,106,106,"```json
{
  ""v17"": 1,
  ""e17"": ""3) ｢중소기업기본법｣제2조에 따른 중·소기업자 또는 「소상공인 보호 및 지원에 관한 법률」제2조에 따른 소상공인으로서「중소기업 범위 및 확인에 관한 규정」에 따라 발급된 중소기업·소상공인 확인서​를 소지한 업체""
}
```"
CJH,PPS-DEV-146,v17,0,False,False,complete_code_fence,wrong_keys,invalid,,null,,,False,False,False,False,stop,106,129,"```json
{
  ""v17"": 0,
  ""e17"": ""3) 「중소기업기본법」 제2조에 따른 중·소기업자 또는 「소상공인 보호 및 지원에 관한 법률」 제2조에 따른 소상공인으로서 「중소기업 범위 및 확인에 관한 규정」에 따라 발급된 중ㆍ소기업ㆍ소상공인 확인서(적격심사 서류제출 마감일까지 발급된 것으로 유효기간 내에 있어야 함)를 소지한 업체""
}
```"
CJH,PPS-DEV-147,v17,0,False,False,complete_code_fence,wrong_keys,invalid,,null,,,False,False,False,False,stop,106,105,"```json
{
  ""v17"": 1,
  ""근거문구"": ""｢중소기업제품 구매촉진 및 판로지원에 관한 법률｣ 제2조, 제8조 및 동법 시행령 제9조에 규정에 의한 중소기업자로서 ｢중․소기업 범위 및 확인에 관한 규정｣에 따라 발급된 중·소기업 또는 소상공인확인서를 소지한 업체""
}
```"
CJH,PPS-DEV-148,v17,0,False,False,complete_code_fence,wrong_keys,invalid,,null,,,False,False,False,False,stop,106,103,"```json
{
  ""v17"": 0,
  ""e17"": ""3.1.3. 「중소기업기본법」제2조제2항에 따른 소기업과 「소상공인 보호 및 지원에 관한 법률」에 따른 소상공인으로서 「중소기업 범위 및 확인에 관한 규정」에 따라 발급된 소기업·소상공인 확인서를 소지한 업체""
}
```"
CJH,PPS-DEV-149,v17,0,False,False,complete_code_fence,wrong_keys,invalid,,null,,,False,False,False,False,stop,106,27,"```json
{
  ""v17"": 0,
  ""e17"": null
}
```"
CJH,PPS-DEV-150,v17,0,False,True,,invalid_json:Expecting value: line 1 column 1 (char 0),invalid,,null,,,False,False,False,False,stop,106,333,"```json
{
  ""v17"": 1,
  ""e17"": ""중기업, 소기업(소상공인)""
}
```

**판정 근거 설명:**
1. **구매 대상 식별:** 공고의 품명은 'Endoscope Reprocessor 6SET'이며, 세부품명번호는 '4229490501'입니다. 제공된 경쟁제품 목록에는 해당 품목이 포함되어 있지 않으므로, 이는 **일반제품(물품)**에 해당합니다.
2. **금액 확인:** `meta`의 입찰추정가격은 **5(단위: 백만 원 추정, 혹은 5원/5백만 원 등 문맥상 1억 원 미만)**로, 1억 원 미만 조건에 부합합니다.
3. **제한 범위 판정:** 공고문 7번 항목의 입찰참가자격 및 2번 입찰에 부치는 사항을 보면, 입찰참가자격을 **""중기업, 소기업(소상공인)""**으로 명시하고 있습니다. 이는 중소기업법상 중소기업(중기업, 소기업, 소상공인 포함) 전체를 대상으로 하는 제한이므로, 판정 기준에 따라 **v17=1**로 판정합니다. (단, 소기업·소상공인으로만 '한정'하여 제한하는 것이 아니라, 중기업을 포함한 중소기업 범주를 제한하고 있음)"
CJH,PPS-DEV-151,v17,0,False,False,complete_code_fence,wrong_keys,invalid,,null,,,False,False,False,False,stop,106,27,"```json
{
  ""v17"": 0,
  ""e17"": null
}
```"
CJH,PPS-DEV-152,v17,0,False,False,complete_code_fence,wrong_keys,invalid,,null,,,False,False,False,False,stop,106,118,"```json
{
  ""v17"": 0,
  ""e17"": ""나. 『중소기업제품 구매촉진 및 판로지원에 관한 법률 시행령』제2조의 2에 의거 소기업 또는 소상공인 확인서를 소지한 업체 또는 벤처기업육성에 관한 특별조치법 제2조 제1항에 따른 벤처기업 또는 중소기업창업 지원법 제2조 제3호에 따른 창업기업이 어야 합니다.""
}
```"
CJH,PPS-DEV-153,v17,0,False,True,,non_stop_finish,invalid,,null,,,False,False,False,False,length,,512,"```json
{
  ""v17"": 1,
  ""e17"": ""나.「중소기업기본법」 제2조제2항에 따른 소기업 또는 ｢소상공인 보호 및 지원에 관한 법률｣ 제2조에 따른 소상공인으로서 ｢중소기업 범위 및 확인에 관한 규정｣ 에 따라 발급된 소기업 또는 소상공인확인서를 소지한 업체""
}
```

**판정 근거 설명:**
1. **실제 구매 대상 식별**: 본 공고는 '행정환경 변화에 대응한 역량평가 제도개선 연구'를 위한 학술용역입니다.
2. **경쟁제품 여부**: 제공된 [참고자료: 경쟁제품 목록]에 해당 용역(학술연구/역량평가 관련)에 대한 특정 제품명이나 세부품명번호가 존재하지 않으므로, 이는 일반제품(용역)으로 분류됩니다.
3. **입찰추정가격 확인**: 공고 정보(meta)의 `입찰추정가격`은 45,454,546원으로, 1억 원 미만입니다.
4. **중소기업 제한 범위 판정**: 공고문 2항 '나'를 보면 ""소기업 또는 소상공인""으로 제한하고 있으나, 이는 중소기업의 하위 범주인 소기업/소상공인으로 제한하는 것이며, 문맥상 '중소기업 전체'를 제한하는 것이 아니라 특정 규모로 제한하는 것입니다. 
*수정 판정*: 질문의 정의에 따르면, ""소기업·소상공인으로만 제한한 경우""는 **정상(0)**에 해당합니다. 

**재판정 결과:**
- 질문의 조건: 1억 미만 일반제품을 **중소기업 전체**로 제한하면 1, **소기업·소상공인**으로만 제한하면 0입니다.
- 공고문 문구: ""소기업 또는 소상공인으로서... 소지한 업체""라고 명시되어 있으므로, 이는 '중소기업 전체'가 아닌 '소기업·소상공인'으로 제한한 경우입니다.
- 따라서 **v17은 0**입니다.

*(최종 응답 수정)*
"
CJH,PPS-DEV-154,v17,0,False,False,complete_code_fence,wrong_keys,invalid,,null,,,False,False,False,False,stop,106,27,"```json
{
  ""v17"": 0,
  ""e17"": null
}
```"
CJH,PPS-DEV-155,v17,0,False,False,complete_code_fence,wrong_keys,invalid,,null,,,False,False,False,False,stop,106,94,"```json
{
  ""v17"": 1,
  ""e17"": ""②「중소기업기본법」제2조 및 동법 시행령 제8조에 따른 중·소기업 또는「소상공인 보호 및 지원에 관한 법률」제2조에 따른 소상공인으로써 중 · 소기업 · 소상공인확인서를 소지한 업체""
}
```"
CJH,PPS-DEV-156,v17,0,False,False,complete_code_fence,wrong_keys,invalid,,null,,,False,False,False,False,stop,106,144,"```json
{
  ""v17"": 0,
  ""e17"": ""라.「중소기업제품 구매촉진 및 판로지원에 관한 법률 시행령」제2조의2(중소기업자와의 우선조달계약)에 따라「중소기업기본법」제2조제2항에 따른 중ㆍ소기업 또는 「소상공인 보호 및 지원에 관한 법률」제2조에 따른 소상공인으로서「중소기업 범위 및 확인에 관한 규정」에 따라 발급된 중ㆍ소기업, 소상공인 확인서를 소지한 업체""
}
```"
CJH,PPS-DEV-157,v17,0,False,False,complete_code_fence,wrong_keys,invalid,,null,,,False,False,False,False,stop,106,28,"```json
{
  ""v17"": 0,
  ""근거문구"": null
}
```"
CJH,PPS-DEV-158,v17,0,False,False,complete_code_fence,wrong_keys,invalid,,null,,,False,False,False,False,stop,106,27,"```json
{
  ""v17"": 0,
  ""e17"": null
}
```"
CJH,PPS-DEV-159,v17,0,False,False,complete_code_fence,wrong_keys,invalid,,null,,,False,False,False,False,stop,106,27,"```json
{
  ""v17"": 0,
  ""e17"": null
}
```"
CJH,PPS-DEV-160,v17,0,False,False,complete_code_fence,wrong_keys,invalid,,null,,,False,False,False,False,stop,106,86,"```json
{
  ""v17"": 0,
  ""e17"": ""3) 다음 각 호의 조건을 모두 만족하는 업체\n3) 중소기업제품 구매촉진 및 판로지원에 관한 법률 시행령 제2조의２(중소기업자와의 우선조달계약)에 의한 소기업 또는 소상공인""
}
```"
CJH,PPS-DEV-161,v17,0,False,False,complete_code_fence,wrong_keys,invalid,,null,,,False,False,False,False,stop,106,94,"```json
{
  ""v17"": 0,
  ""e17"": ""다. 「중소기업기본법」제2조에 의한 소기업 또는 「소상공인 기본법」제2조에 의한 소상공인으로서 「중소기업 범위 및 확인에 관한 규정」에 따라 발급된 소기업 또는 소상공인 확인서를 소지한 자""
}
```"
CJH,PPS-DEV-162,v17,0,False,False,complete_code_fence,wrong_keys,invalid,,null,,,False,False,False,False,stop,106,27,"```json
{
  ""v17"": 0,
  ""e17"": null
}
```"
CJH,PPS-DEV-163,v17,0,False,False,complete_code_fence,wrong_keys,invalid,,null,,,False,False,False,False,stop,106,92,"```json
{
  ""v17"": 0,
  ""e17"": ""다. 2인 견적 용역 수의계약의 중소기업자와의 우선 조달계약\n- 「중소기업제품 구매촉진 및 판로지원에 관한 법률」제4조에 따른 소기업·소상공인 여부 확인 예외 용역입니다.""
}
```"
CJH,PPS-DEV-164,v17,0,False,False,complete_code_fence,wrong_keys,invalid,,null,,,False,False,False,False,stop,106,27,"```json
{
  ""v17"": 0,
  ""e17"": null
}
```"
CJH,PPS-DEV-165,v17,0,False,False,complete_code_fence,wrong_keys,invalid,,null,,,False,False,False,False,stop,106,97,"```json
{
  ""v17"": 0,
  ""e17"": ""다. ｢중소기업기본법｣ 제2조에 따른 소기업 또는 ｢소상공인 기본법｣ 제2조에 따른 소상공인으로서 ｢중소기업 범위 및 확인에 관한 규정｣에 따라 발급된 소기업·소상공인 확인서를 소지한 업체""
}
```"
CJH,PPS-DEV-166,v17,0,False,False,complete_code_fence,wrong_keys,invalid,,null,,,False,False,False,False,stop,106,78,"```json
{
  ""v17"": 1,
  ""e17"": ""5) 「중소기업기본법」제2조에 따른 중·소기업자로서 「중소기업 범위 및 확인에 관한 규정」에 따라 발급된 ‘중소기업 확인서’를 소지한 자""
}
```"
CJH,PPS-DEV-167,v17,0,False,False,complete_code_fence,wrong_keys,invalid,,null,,,False,False,False,False,stop,106,94,"```json
{
  ""v17"": 0,
  ""e17"": ""② 『중소기업기본법』에 따른 소기업 또는 『소상공인 보호 및 지원에 관한 법률』에 따른 소상공인으로, 「중소기업범위 및 확인에 관한 규정」에 따라 발급된 소기업·소상공인 확인서를 소지한 업체""
}
```"
CJH,PPS-DEV-168,v17,0,False,False,complete_code_fence,wrong_keys,invalid,,null,,,False,False,False,False,stop,106,117,"```json
{
  ""v17"": 0,
  ""e17"": ""• 「중소기업제품 구매촉진 및 판로지원에 관한 법률 시행령」제2조의2 (중소기업자와의 우선조달계약)제1항제1호 의거, 「중소기업법」제2조제2항에 따른 소기업 또는 「소상공인 보호 및 지원에 관한 법률」제2조에 따른 소상공인 (중기업 ×)""
}
```"
CJH,PPS-DEV-169,v17,0,False,False,complete_code_fence,wrong_keys,invalid,,null,,,False,False,False,False,stop,106,140,"```json
{
  ""v17"": 1,
  ""e17"": ""나.「중소기업제품 구매촉진 및 판로지원에 관한 법률 시행령」제2조의2에 따라「중소기업기본법」제2조제2항에 따른 중･소기업 또는「소상공인 보호 및 지원에 관한 법률」제2조에 따른 소상공인으로서「중소기업 범위 및 확인에 관한 규정(중소벤처기업부고시)」에 따라 발급된 중･소기업･소상공인 확인서를 소지하고""
}
```"
CJH,PPS-DEV-170,v17,0,False,False,complete_code_fence,wrong_keys,invalid,,null,,,False,False,False,False,stop,106,97,"```json
{
  ""v17"": 0,
  ""e17"": ""「중소기업제품 구매촉진 및 판로지원에 관한 법률 시행령」제2조의2에 의하여 「중소기업기본법」제2조 중소기업 및 「소기업 및 소상공인 지원을 위한 법률」제2조 소상공인 자격을 구비해야 합니다.""
}
```"
CJH,PPS-DEV-171,v17,0,False,False,complete_code_fence,wrong_keys,invalid,,null,,,False,False,False,False,stop,106,112,"```json
{
  ""v17"": 1,
  ""e17"": ""④ 「중소기업기본법」 제2조에 따른 중소기업자 또는 「소상공인 보호 및 지원에 관한 법률」 제2조에 따른 소상공인으로서 중소기업 범위 및 확인에 관한 규정에 따라 발급된 ‘중소기업·소상공인 확인서’를 소지해야 함(중소기업자간 경쟁제품에 한함)""
}
```"
CJH,PPS-DEV-172,v17,0,False,True,,invalid_json:Expecting value: line 1 column 1 (char 0),invalid,,null,,,False,False,False,False,stop,106,470,"```json
{
  ""v17"": 1,
  ""e17"": ""「국가종합전자조달시스템 입찰참가자격등록규정」에 따라 나라장터에 입찰참가자격 등록마감일시까지 아래의 사항을 입찰참가자격으로 등록한 자 - 「여성기업지원에 관한 법률」 제2조 제1호에 따른 여성기업""
}
```

**판정 근거:**
1. **구매 대상 식별:** 공고의 품명은 '저출력심장충격기(자동제세동기)'이며, 이는 제공된 경쟁제품 목록(리프트장비, 콘크리트, 아스팔트콘크리트, 계장제어장치, 인쇄출판물, 측량용역)에 포함되지 않는 **일반제품**입니다.
2. **추정가격 확인:** meta의 `입찰추정가격`은 **28,600,000원**으로, 1억 원 미만 조건에 해당합니다.
3. **기업 규모 제한 판정:** 입찰참가자격 항목을 보면, 「여성기업지원에 관한 법률」에 따른 **'여성기업'**으로 참가자격을 제한하고 있습니다. 이는 중소기업법상 중소기업의 범주에 포함되는 기업 형태를 제한하는 것이나, 특정 규모(소기업/소상공인)로 한정하여 제한한 것이 아니라 '여성기업'이라는 중소기업 내의 특정 조건을 지정한 것이므로, 문맥상 중소기업 전체(중소기업자)를 대상으로 하는 제한의 일종으로 보입니다. (단, 본 공고는 여성기업으로 제한하고 있으나, 이는 중소기업 전체를 제한하는 범주 내의 특수 제한으로 판정됩니다.)
4. **결론:** 1억 미만 일반제품에 대해 특정 기업 형태(여성기업)를 지정하여 제한하고 있으므로, v17은 1입니다. (참고: 소기업/소상공인으로만 제한한 경우가 아니므로 0이 아님)"
CJH,PPS-DEV-173,v17,0,False,False,complete_code_fence,wrong_keys,invalid,,null,,,False,False,False,False,stop,106,81,"```json
{
  ""v17"": 0,
  ""e17"": ""2) 중소기업제품 구매촉진 및 판로지원에 관한 법률 시행령 제2조의2에 따른 우선조달계약 대상으로 '소기업' 또는 소상공인기본법 제2조의 '소상공인'""
}
```"
CJH,PPS-DEV-174,v17,0,False,False,complete_code_fence,wrong_keys,invalid,,null,,,False,False,False,False,stop,106,122,"```json
{
  ""v17"": 0,
  ""e17"": ""「중소기업기본법」제2조에 따른 소기업자,「중소기업제품 구매촉진 및 판로지원에 관한 법률」제7조의 2 규정에 따른 소기업 또는 소상공인으로서 중소기업청에서 발급한 소기업․소상공인 확인서(개찰일 전일까지 발급된 것으로 유효기간 내에 있어야 함)를 소지한 업체이어야 합니다.""
}
```"
CJH,PPS-DEV-175,v17,0,False,False,complete_code_fence,wrong_keys,invalid,,null,,,False,False,False,False,stop,106,145,"```json
{
  ""v17"": 0,
  ""e17"": ""다. 중소기업제품 구매촉진 및 판로지원에 관한 법률(이하 판로지원법)｣ 제8조의 2에 해당하지 않는 자로서 중소기업 범위 및 확인에 관한 규정에 따라 발급된 소기업·소상공인 확인서(이하 확인서)를 소지한 자(다만, ｢판로지원법｣ 제33조 제1항에 의거 중소기업자로 간주되는 특별법인도 해당 입찰참가자격이 있음)이어야 합니다.""
}
```"
CJH,PPS-DEV-176,v17,0,False,True,,invalid_json:Expecting value: line 1 column 1 (char 0),invalid,,null,,,False,False,False,False,stop,106,314,"```json
{
  ""v17"": 0,
  ""e17"": ""라. 「중소기업기본법」 제2조에 따른 중소기업 또는 「소상공인 보호 및 지원에 관한 법률」 제2조에 따른 소상공인으로서, 「중소기업 범위 및 확인에 관한 규정」에 따른 중소기업(소상공인) 확인서(입찰 마감일 전일까지 발급된 것으로 유효기간 내에 있어야 함)를 소지한 업체""
}
```

**판정 근로 근거:**
1. **구매 대상 확인:** 공고의 품명은 'TMF 사료배합기'이며, 세부품명번호는 `2110190401`입니다.
2. **경쟁제품 여부 확인:** 제공된 [참고자료: 경쟁제품 목록 발췌]에 따르면, 세부품명번호 `2110190401`(사료배합기)은 경쟁제품 목록에 포함되어 있습니다.
3. **판정 결과:** 해당 제품은 '일반제품'이 아닌 **'경쟁제품'**에 해당하므로, 1억 원 미만 일반제품의 중소기업 제한 위반 여부를 따지는 v17 항목은 **정상(0)**으로 판정됩니다. (정상 조건 중 '경쟁제품인 경우'에 해당)"
CJH,PPS-DEV-177,v17,0,False,False,complete_code_fence,wrong_keys,invalid,,null,,,False,False,False,False,stop,106,110,"```json
{
  ""v17"": 1,
  ""e17"": ""② 「중소기업기본법」제2조제2항에 따른 중소기업 또는 「소상공인 보호 및 지원에 관한 법률」 제2조에 따른 소상공인으로서 「중소기업 범위 및 확인에 관한 규정」에 따라 발급된 중소기업확인서, 소상공인확인서 중 하나를 소지한 업체""
}
```"
CJH,PPS-DEV-178,v17,0,False,False,complete_code_fence,wrong_keys,invalid,,null,,,False,False,False,False,stop,106,27,"```json
{
  ""v17"": 0,
  ""e17"": null
}
```"
CJH,PPS-DEV-179,v17,0,False,False,complete_code_fence,wrong_keys,invalid,,null,,,False,False,False,False,stop,106,109,"```json
{
  ""v17"": 1,
  ""e17"": ""「중소기업기본법」 제2조에 따른 중소기업자 또는 「소상공인 보호 및 지원에 관한 법률」 제2조에 따른 소상공인으로서 「중소기업 범위 및 확인에 관한 규정」에 따라 발급된 <중소기업확인서, 소상공인확인서> 중 하나를 소지한 업체""
}
```"
CJH,PPS-DEV-180,v17,0,False,False,complete_code_fence,wrong_keys,invalid,,null,,,False,False,False,False,stop,106,126,"```json
{
  ""v17"": 0,
  ""e17"": ""다. 「중소기업 기본법」 제2조제2항에 따른 소기업 또는 「소상공인 보호 및 지원에 관한 법률」제2조에 따른 소상공인 업체로서‘중소기업 범위 및 확인에 관한 규정’에 따라 발급된 소기업․소상공인 확인서(전자입찰서 제출 마감일 전일까지 발급된 것으로 유효기간 내에 있어야 함)를 소지한 자""
}
```"
CJH,PPS-DEV-181,v17,0,False,False,complete_code_fence,wrong_keys,invalid,,null,,,False,False,False,False,stop,106,27,"```json
{
  ""v17"": 0,
  ""e17"": null
}
```"
CJH,PPS-DEV-182,v17,0,False,False,complete_code_fence,wrong_keys,invalid,,null,,,False,False,False,False,stop,106,27,"```json
{
  ""v17"": 0,
  ""e17"": null
}
```"
CJH,PPS-DEV-183,v17,0,False,False,complete_code_fence,wrong_keys,invalid,,null,,,False,False,False,False,stop,106,128,"```json
{
  ""v17"": 0,
  ""e17"": ""다. 「중소기업기본법」제2조제2항에 따른 소기업 또는「소상공인 보호 및 지원에 관한 법률」제2조에 따른 소상공인으로서「중소기업 범위 및 확인에 관한 규정」에 따라 발급된‘소기업·소상공인 확인서’(전자입찰서 제출마감일 전일까지 발급된 것으로 유효기간 내에 있어야 함)를 소지한 자""
}
```"
CJH,PPS-DEV-184,v17,0,False,False,complete_code_fence,wrong_keys,invalid,,null,,,False,False,False,False,stop,106,27,"```json
{
  ""v17"": 0,
  ""e17"": null
}
```"
CJH,PPS-DEV-185,v17,0,False,False,complete_code_fence,wrong_keys,invalid,,null,,,False,False,False,False,stop,106,114,"```json
{
  ""v17"": 0,
  ""e17"": ""본 입찰은 「중소기업제품 구매촉진 및 판로지원에 관한 법률 시행령」 제2조의3 제1항제5호에 의거 「건설폐기물의 재활용촉진에 관한 법률」 제4조 및 「폐기물관리법」 제13조에 해당되어 중소기업자와 우선조달계약의 예외에 해당됩니다.""
}
```"
CJH,PPS-DEV-186,v17,0,False,False,complete_code_fence,wrong_keys,invalid,,null,,,False,False,False,False,stop,106,27,"```json
{
  ""v17"": 0,
  ""e17"": null
}
```"
CJH,PPS-DEV-187,v17,0,False,False,complete_code_fence,wrong_keys,invalid,,null,,,False,False,False,False,stop,106,27,"```json
{
  ""v17"": 0,
  ""e17"": null
}
```"
CJH,PPS-DEV-188,v17,0,False,False,complete_code_fence,wrong_keys,invalid,,null,,,False,False,False,False,stop,106,101,"```json
{
  ""v17"": 1,
  ""e17"": ""「중소기업기본법」 제2조에 따른 중소기업자 또는 「소상공인 보호 및 지원에 관한 법률」 제2조에 따른 소상공인으로서 「중소기업 범위 및 확인에 관한 규정」에 따라 발급된 중ㆍ소기업ㆍ소상공인 확인서를 소지한 자""
}
```"
CJH,PPS-DEV-189,v17,0,False,False,complete_code_fence,wrong_keys,invalid,,null,,,False,False,False,False,stop,106,92,"```json
{
  ""v17"": 0,
  ""e17"": ""5. 「중소기업제품 구매촉진 및 판로지원에 관한 법률 시행령」제2조의3 제5호 및 중소기업제품 공공구매제도 운영요령 제44조에 따라 중소기업자 우선조달계약에 대한 예외를 적용합니다.""
}
```"
CJH,PPS-DEV-190,v17,0,False,False,complete_code_fence,wrong_keys,invalid,,null,,,False,False,False,False,stop,106,94,"```json
{
  ""v17"": 0,
  ""e17"": ""「중소기업제품 구매촉진 및 판로지원에 관한 법률」제2조 및「소상공인 보호 및 지원에 관한 법률」제2조에 의거한 중·소기업·소상공인으로서 중·소기업·소상공인 확인서를 소지한 자""
}
```"
CJH,PPS-DEV-191,v17,0,False,False,complete_code_fence,wrong_keys,invalid,,null,,,False,False,False,False,stop,106,124,"```json
{
  ""v17"": 1,
  ""e17"": ""「중소기업기본법」 제2조에 따른 중소기업자 또는 「소상공인 보호 및 지원에 관한 법률」 제2조에 따른 소상공인으로서 \""중소기업 범위 및 확인에 관한 규정\""에 따라 발급된 중소기업․소상공인 확인서(제안서 접수 마감일 전 일 발급된 것으로 유효기간 내에 있어야 함)를 소지한 자""
}
```"
CJH,PPS-DEV-192,v17,0,False,False,complete_code_fence,wrong_keys,invalid,,null,,,False,False,False,False,stop,106,98,"```json
{
  ""v17"": 0,
  ""e17"": ""라. 「중소기업제품 구매촉진 및 판로지원에 관한 법률」 등에 따른 소기업 또는 소상공인으로서 「중소기업 범위 및 확인에 관한 규정」과 「지방자치단체 입찰 및 계약 집행기준」에 따라 소기업・소상공인 확인서를 소지한 업체""
}
```"
CJH,PPS-DEV-193,v17,0,False,False,complete_code_fence,wrong_keys,invalid,,null,,,False,False,False,False,stop,106,80,"```json
{
  ""v17"": 0,
  ""e17"": ""「중소기업기본법」제2조에 따른 소기업자 또는「소상공인기본법」제2조에 따른 소상공인으로 소기업․소상공인 확인서를 소지한 자 이어야 합니다.""
}
```"
CJH,PPS-DEV-194,v17,0,False,False,complete_code_fence,wrong_keys,invalid,,null,,,False,False,False,False,stop,106,123,"```json
{
  ""v17"": 0,
  ""e17"": ""2) 「중소기업기본법」 제2조에 따른 소기업 또는 「소상공인 보호 및 지원에 관한 법률」 제2조에 따른 소상공인으로 「중소기업 범위 및 확인에 관한 규정」에 따라 발급된 소기업·소상공인확인서(견적서 제출 마감일 전일까지 발급된 것으로 유효기간 내에 있어야 함)를 소지한 업체""
}
```"
CJH,PPS-DEV-195,v17,0,False,False,complete_code_fence,wrong_keys,invalid,,null,,,False,False,False,False,stop,106,27,"```json
{
  ""v17"": 0,
  ""e17"": null
}
```"
CJH,PPS-DEV-196,v17,0,False,False,complete_code_fence,wrong_keys,invalid,,null,,,False,False,False,False,stop,106,82,"```json
{
  ""v17"": 1,
  ""근거문구"": ""다. 「중소기업제품 구매촉진 및 판로지원에 관한 법률 시행령」 제2조의2에 따른 중소기업확인서(중·소기업·소상공인)를 소지한 업체이어야 합니다.""
}
```"
CJH,PPS-DEV-197,v17,0,False,False,complete_code_fence,wrong_keys,invalid,,null,,,False,False,False,False,stop,106,27,"```json
{
  ""v17"": 0,
  ""e17"": null
}
```"
CJH,PPS-DEV-198,v17,0,False,False,complete_code_fence,wrong_keys,invalid,,null,,,False,False,False,False,stop,106,143,"```json
{
  ""v17"": 0,
  ""e17"": ""마. 「중소기업기본법」 제2조제2항에 따른 소기업 또는 「소상공인 보호 및 지원에 관한 법률」제2조에 따른 소상공인으로서, ｢중소기업제품 구매촉진 및 판로지원에 관한 법률 시행령｣ 제2조의2(중소기업자와의 우선조달계약)에 의하여 “중소기업 범위 및 확인에 관한 규정”에 따라 발급된 소기업ㆍ소상공인 확인서를 소지한 업체""
}
```"
CJH,PPS-DEV-199,v17,0,False,False,complete_code_fence,wrong_keys,invalid,,null,,,False,False,False,False,stop,106,117,"```json
{
  ""v17"": 1,
  ""e17"": ""「중소기업기본법」 제2조에 따른 중소기업 또는 「소상공인기본법」제2조에 따른 소상공인으로 「중소기업 범위 및 확인에 관한 규정」에 따라 발급된 중․소기업․소상공인 확인서(제안서 제출 마감일 전일까지 발급된 것으로 유효기간 내에 있어야 함) 소지 업체""
}
```"
CJH,PPS-DEV-200,v17,0,False,False,complete_code_fence,wrong_keys,invalid,,null,,,False,False,False,False,stop,106,98,"```json
{
  ""v17"": 0,
  ""e17"": ""마. 「소상공인기본법」제2조에 따른 소상공인 또는 「중소기업기본법」제2조 제2항에 따른 소기업으로서 「중소기업 범위 및 확인에 관한 규정」에 따라 발급된 소기업·소상공인 확인서를 소지한 업체""
}
```"
CJH,PPS-DEV-01,v18,0,False,False,complete_code_fence,wrong_keys,invalid,,null,,,False,False,False,False,stop,106,27,"```json
{
  ""v18"": 0,
  ""e18"": null
}
```"
CJH,PPS-DEV-02,v18,0,False,False,complete_code_fence,wrong_keys,invalid,,null,,,False,False,False,False,stop,106,27,"```json
{
  ""v18"": 0,
  ""e18"": null
}
```"
CJH,PPS-DEV-03,v18,0,False,False,complete_code_fence,wrong_keys,invalid,,null,,,False,False,False,False,stop,106,27,"```json
{
  ""v18"": 0,
  ""e18"": null
}
```"
CJH,PPS-DEV-04,v18,0,False,False,complete_code_fence,wrong_keys,invalid,,null,,,False,False,False,False,stop,106,27,"```json
{
  ""v18"": 0,
  ""e18"": null
}
```"
CJH,PPS-DEV-05,v18,0,False,False,complete_code_fence,wrong_keys,invalid,,null,,,False,False,False,False,stop,106,27,"```json
{
  ""v18"": 0,
  ""e18"": null
}
```"
CJH,PPS-DEV-06,v18,0,False,False,complete_code_fence,wrong_keys,invalid,,null,,,False,False,False,False,stop,106,27,"```json
{
  ""v18"": 0,
  ""e18"": null
}
```"
CJH,PPS-DEV-07,v18,0,False,False,complete_code_fence,wrong_keys,invalid,,null,,,False,False,False,False,stop,106,27,"```json
{
  ""v18"": 0,
  ""e18"": null
}
```"
CJH,PPS-DEV-08,v18,0,False,False,complete_code_fence,wrong_keys,invalid,,null,,,False,False,False,False,stop,106,27,"```json
{
  ""v18"": 0,
  ""e18"": null
}
```"
CJH,PPS-DEV-09,v18,0,False,False,complete_code_fence,wrong_keys,invalid,,null,,,False,False,False,False,stop,106,27,"```json
{
  ""v18"": 0,
  ""e18"": null
}
```"
CJH,PPS-DEV-10,v18,0,False,False,complete_code_fence,wrong_keys,invalid,,null,,,False,False,False,False,stop,106,27,"```json
{
  ""v18"": 0,
  ""e18"": null
}
```"
CJH,PPS-DEV-11,v18,0,False,False,complete_code_fence,wrong_keys,invalid,,null,,,False,False,False,False,stop,106,27,"```json
{
  ""v18"": 0,
  ""e18"": null
}
```"
CJH,PPS-DEV-12,v18,0,False,False,complete_code_fence,wrong_keys,invalid,,null,,,False,False,False,False,stop,106,27,"```json
{
  ""v18"": 0,
  ""e18"": null
}
```"
CJH,PPS-DEV-13,v18,0,False,False,complete_code_fence,wrong_keys,invalid,,null,,,False,False,False,False,stop,106,27,"```json
{
  ""v18"": 0,
  ""e18"": null
}
```"
CJH,PPS-DEV-14,v18,0,False,False,complete_code_fence,wrong_keys,invalid,,null,,,False,False,False,False,stop,106,27,"```json
{
  ""v18"": 0,
  ""e18"": null
}
```"
CJH,PPS-DEV-15,v18,0,False,False,complete_code_fence,wrong_keys,invalid,,null,,,False,False,False,False,stop,106,27,"```json
{
  ""v18"": 0,
  ""e18"": null
}
```"
CJH,PPS-DEV-16,v18,0,False,False,complete_code_fence,wrong_keys,invalid,,null,,,False,False,False,False,stop,106,27,"```json
{
  ""v18"": 0,
  ""e18"": null
}
```"
CJH,PPS-DEV-17,v18,0,False,False,complete_code_fence,wrong_keys,invalid,,null,,,False,False,False,False,stop,106,27,"```json
{
  ""v18"": 0,
  ""e18"": null
}
```"
CJH,PPS-DEV-18,v18,0,False,False,complete_code_fence,wrong_keys,invalid,,null,,,False,False,False,False,stop,106,27,"```json
{
  ""v18"": 0,
  ""e18"": null
}
```"
CJH,PPS-DEV-19,v18,0,False,False,complete_code_fence,wrong_keys,invalid,,null,,,False,False,False,False,stop,106,27,"```json
{
  ""v18"": 0,
  ""e18"": null
}
```"
CJH,PPS-DEV-20,v18,0,False,False,complete_code_fence,wrong_keys,invalid,,null,,,False,False,False,False,stop,106,27,"```json
{
  ""v18"": 0,
  ""e18"": null
}
```"
CJH,PPS-DEV-21,v18,0,False,True,,invalid_json:Expecting value: line 1 column 1 (char 0),invalid,,null,,,False,False,False,False,stop,106,277,"```json
{
  ""v18"": 0,
  ""e18"": null
}
```

**판정 근거:**
1. **구매 대상 식별:** 공고의 품명은 '우유'이며, 세부품명번호는 '5013170203'입니다. 제공된 경쟁제품 목록에는 해당 품목이 포함되어 있지 않으므로 일반제품(물품)에 해당합니다.
2. **금액 확인:** meta의 입찰추정가격은 31,740,110원으로 1억 원 미만입니다.
3. **기업 규모 제한 확인:** 공고문의 '3. 견적 참가자격 - 다'항에 ""「중소기업기본법」제2조에 따른 중소기업 또는 「소상공인 보호 및 지원에 관한 법률」제2조에 따른 소상공인으로서 ... 중소기업·소상공인확인서를 소지한 자이어야 합니다.""라고 명시되어 있어, **소기업·소상공인 제한이 존재**합니다.
4. **결론:** 판정 기준에 따라 소기업·소상공인 제한이 있는 경우 '정상(0)'으로 판정합니다."
CJH,PPS-DEV-22,v18,1,False,False,complete_code_fence,wrong_keys,invalid,,null,,,False,False,False,False,stop,106,27,"```json
{
  ""v18"": 0,
  ""e18"": null
}
```"
CJH,PPS-DEV-23,v18,0,False,False,complete_code_fence,wrong_keys,invalid,,null,,,False,False,False,False,stop,106,27,"```json
{
  ""v18"": 0,
  ""e18"": null
}
```"
CJH,PPS-DEV-24,v18,0,False,False,complete_code_fence,wrong_keys,invalid,,null,,,False,False,False,False,stop,106,27,"```json
{
  ""v18"": 0,
  ""e18"": null
}
```"
CJH,PPS-DEV-25,v18,0,False,False,complete_code_fence,wrong_keys,invalid,,null,,,False,False,False,False,stop,106,27,"```json
{
  ""v18"": 0,
  ""e18"": null
}
```"
CJH,PPS-DEV-26,v18,0,False,False,complete_code_fence,wrong_keys,invalid,,null,,,False,False,False,False,stop,106,27,"```json
{
  ""v18"": 0,
  ""e18"": null
}
```"
CJH,PPS-DEV-27,v18,0,False,False,complete_code_fence,wrong_keys,invalid,,null,,,False,False,False,False,stop,106,27,"```json
{
  ""v18"": 0,
  ""e18"": null
}
```"
CJH,PPS-DEV-28,v18,0,False,False,complete_code_fence,wrong_keys,invalid,,null,,,False,False,False,False,stop,106,27,"```json
{
  ""v18"": 1,
  ""e18"": null
}
```"
CJH,PPS-DEV-29,v18,0,False,False,complete_code_fence,wrong_keys,invalid,,null,,,False,False,False,False,stop,106,27,"```json
{
  ""v18"": 0,
  ""e18"": null
}
```"
CJH,PPS-DEV-30,v18,0,False,False,complete_code_fence,wrong_keys,invalid,,null,,,False,False,False,False,stop,106,27,"```json
{
  ""v18"": 0,
  ""e18"": null
}
```"
CJH,PPS-DEV-31,v18,0,False,False,complete_code_fence,wrong_keys,invalid,,null,,,False,False,False,False,stop,106,27,"```json
{
  ""v18"": 0,
  ""e18"": null
}
```"
CJH,PPS-DEV-32,v18,0,False,False,complete_code_fence,wrong_keys,invalid,,null,,,False,False,False,False,stop,106,27,"```json
{
  ""v18"": 0,
  ""e18"": null
}
```"
CJH,PPS-DEV-033,v18,0,False,False,complete_code_fence,wrong_keys,invalid,,null,,,False,False,False,False,stop,106,27,"```json
{
  ""v18"": 0,
  ""e18"": null
}
```"
CJH,PPS-DEV-034,v18,0,False,False,complete_code_fence,wrong_keys,invalid,,null,,,False,False,False,False,stop,106,27,"```json
{
  ""v18"": 0,
  ""e18"": null
}
```"
CJH,PPS-DEV-035,v18,0,False,False,complete_code_fence,wrong_keys,invalid,,null,,,False,False,False,False,stop,106,27,"```json
{
  ""v18"": 0,
  ""e18"": null
}
```"
CJH,PPS-DEV-036,v18,0,False,False,complete_code_fence,wrong_keys,invalid,,null,,,False,False,False,False,stop,106,27,"```json
{
  ""v18"": 0,
  ""e18"": null
}
```"
CJH,PPS-DEV-037,v18,0,False,False,complete_code_fence,wrong_keys,invalid,,null,,,False,False,False,False,stop,106,27,"```json
{
  ""v18"": 0,
  ""e18"": null
}
```"
CJH,PPS-DEV-038,v18,1,False,False,complete_code_fence,wrong_keys,invalid,,null,,,False,False,False,False,stop,106,27,"```json
{
  ""v18"": 0,
  ""e18"": null
}
```"
CJH,PPS-DEV-039,v18,1,False,False,complete_code_fence,wrong_keys,invalid,,null,,,False,False,False,False,stop,106,27,"```json
{
  ""v18"": 0,
  ""e18"": null
}
```"
CJH,PPS-DEV-040,v18,1,False,False,complete_code_fence,wrong_keys,invalid,,null,,,False,False,False,False,stop,106,27,"```json
{
  ""v18"": 0,
  ""e18"": null
}
```"
CJH,PPS-DEV-041,v18,1,False,False,complete_code_fence,wrong_keys,invalid,,null,,,False,False,False,False,stop,106,27,"```json
{
  ""v18"": 0,
  ""e18"": null
}
```"
CJH,PPS-DEV-042,v18,0,False,False,complete_code_fence,wrong_keys,invalid,,null,,,False,False,False,False,stop,106,27,"```json
{
  ""v18"": 0,
  ""e18"": null
}
```"
CJH,PPS-DEV-043,v18,1,False,False,complete_code_fence,wrong_keys,invalid,,null,,,False,False,False,False,stop,106,27,"```json
{
  ""v18"": 0,
  ""e18"": null
}
```"
CJH,PPS-DEV-044,v18,1,False,False,complete_code_fence,wrong_keys,invalid,,null,,,False,False,False,False,stop,106,27,"```json
{
  ""v18"": 0,
  ""e18"": null
}
```"
CJH,PPS-DEV-045,v18,0,False,False,complete_code_fence,wrong_keys,invalid,,null,,,False,False,False,False,stop,106,27,"```json
{
  ""v18"": 0,
  ""e18"": null
}
```"
CJH,PPS-DEV-046,v18,0,False,False,complete_code_fence,wrong_keys,invalid,,null,,,False,False,False,False,stop,106,27,"```json
{
  ""v18"": 0,
  ""e18"": null
}
```"
CJH,PPS-DEV-047,v18,0,False,False,complete_code_fence,wrong_keys,invalid,,null,,,False,False,False,False,stop,106,27,"```json
{
  ""v18"": 0,
  ""e18"": null
}
```"
CJH,PPS-DEV-048,v18,0,False,False,complete_code_fence,wrong_keys,invalid,,null,,,False,False,False,False,stop,106,27,"```json
{
  ""v18"": 0,
  ""e18"": null
}
```"
CJH,PPS-DEV-049,v18,0,False,False,complete_code_fence,wrong_keys,invalid,,null,,,False,False,False,False,stop,106,27,"```json
{
  ""v18"": 0,
  ""e18"": null
}
```"
CJH,PPS-DEV-050,v18,0,False,False,complete_code_fence,wrong_keys,invalid,,null,,,False,False,False,False,stop,106,27,"```json
{
  ""v18"": 0,
  ""e18"": null
}
```"
CJH,PPS-DEV-051,v18,0,False,False,complete_code_fence,wrong_keys,invalid,,null,,,False,False,False,False,stop,106,27,"```json
{
  ""v18"": 0,
  ""e18"": null
}
```"
CJH,PPS-DEV-052,v18,0,False,False,complete_code_fence,wrong_keys,invalid,,null,,,False,False,False,False,stop,106,27,"```json
{
  ""v18"": 0,
  ""e18"": null
}
```"
CJH,PPS-DEV-053,v18,0,False,False,complete_code_fence,wrong_keys,invalid,,null,,,False,False,False,False,stop,106,27,"```json
{
  ""v18"": 0,
  ""e18"": null
}
```"
CJH,PPS-DEV-054,v18,0,False,False,complete_code_fence,wrong_keys,invalid,,null,,,False,False,False,False,stop,106,27,"```json
{
  ""v18"": 0,
  ""e18"": null
}
```"
CJH,PPS-DEV-055,v18,0,False,False,complete_code_fence,wrong_keys,invalid,,null,,,False,False,False,False,stop,106,27,"```json
{
  ""v18"": 0,
  ""e18"": null
}
```"
CJH,PPS-DEV-056,v18,0,False,False,complete_code_fence,wrong_keys,invalid,,null,,,False,False,False,False,stop,106,27,"```json
{
  ""v18"": 0,
  ""e18"": null
}
```"
CJH,PPS-DEV-057,v18,0,False,False,complete_code_fence,wrong_keys,invalid,,null,,,False,False,False,False,stop,106,27,"```json
{
  ""v18"": 0,
  ""e18"": null
}
```"
CJH,PPS-DEV-058,v18,0,False,False,complete_code_fence,wrong_keys,invalid,,null,,,False,False,False,False,stop,106,27,"```json
{
  ""v18"": 0,
  ""e18"": null
}
```"
CJH,PPS-DEV-059,v18,0,False,False,complete_code_fence,wrong_keys,invalid,,null,,,False,False,False,False,stop,106,27,"```json
{
  ""v18"": 0,
  ""e18"": null
}
```"
CJH,PPS-DEV-060,v18,0,False,False,complete_code_fence,wrong_keys,invalid,,null,,,False,False,False,False,stop,106,27,"```json
{
  ""v18"": 0,
  ""e18"": null
}
```"
CJH,PPS-DEV-061,v18,0,False,False,complete_code_fence,wrong_keys,invalid,,null,,,False,False,False,False,stop,106,27,"```json
{
  ""v18"": 0,
  ""e18"": null
}
```"
CJH,PPS-DEV-062,v18,0,False,False,complete_code_fence,wrong_keys,invalid,,null,,,False,False,False,False,stop,106,27,"```json
{
  ""v18"": 0,
  ""e18"": null
}
```"
CJH,PPS-DEV-063,v18,0,False,False,complete_code_fence,wrong_keys,invalid,,null,,,False,False,False,False,stop,106,27,"```json
{
  ""v18"": 0,
  ""e18"": null
}
```"
CJH,PPS-DEV-064,v18,0,False,False,complete_code_fence,wrong_keys,invalid,,null,,,False,False,False,False,stop,106,27,"```json
{
  ""v18"": 0,
  ""e18"": null
}
```"
CJH,PPS-DEV-065,v18,0,False,False,complete_code_fence,wrong_keys,invalid,,null,,,False,False,False,False,stop,106,27,"```json
{
  ""v18"": 0,
  ""e18"": null
}
```"
CJH,PPS-DEV-066,v18,0,False,False,complete_code_fence,wrong_keys,invalid,,null,,,False,False,False,False,stop,106,27,"```json
{
  ""v18"": 0,
  ""e18"": null
}
```"
CJH,PPS-DEV-067,v18,0,False,False,complete_code_fence,wrong_keys,invalid,,null,,,False,False,False,False,stop,106,27,"```json
{
  ""v18"": 0,
  ""e18"": null
}
```"
CJH,PPS-DEV-068,v18,0,False,False,complete_code_fence,wrong_keys,invalid,,null,,,False,False,False,False,stop,106,27,"```json
{
  ""v18"": 0,
  ""e18"": null
}
```"
CJH,PPS-DEV-069,v18,0,False,False,complete_code_fence,wrong_keys,invalid,,null,,,False,False,False,False,stop,106,21,"```json
{""v18"": 0, ""e18"": null}
```"
CJH,PPS-DEV-070,v18,0,False,False,complete_code_fence,wrong_keys,invalid,,null,,,False,False,False,False,stop,106,27,"```json
{
  ""v18"": 0,
  ""e18"": null
}
```"
CJH,PPS-DEV-071,v18,0,False,False,complete_code_fence,wrong_keys,invalid,,null,,,False,False,False,False,stop,106,27,"```json
{
  ""v18"": 0,
  ""e18"": null
}
```"
CJH,PPS-DEV-072,v18,0,False,False,complete_code_fence,wrong_keys,invalid,,null,,,False,False,False,False,stop,106,27,"```json
{
  ""v18"": 0,
  ""e18"": null
}
```"
CJH,PPS-DEV-073,v18,0,False,False,complete_code_fence,wrong_keys,invalid,,null,,,False,False,False,False,stop,106,27,"```json
{
  ""v18"": 0,
  ""e18"": null
}
```"
CJH,PPS-DEV-074,v18,0,False,False,complete_code_fence,wrong_keys,invalid,,null,,,False,False,False,False,stop,106,27,"```json
{
  ""v18"": 0,
  ""e18"": null
}
```"
CJH,PPS-DEV-075,v18,0,False,False,complete_code_fence,wrong_keys,invalid,,null,,,False,False,False,False,stop,106,27,"```json
{
  ""v18"": 0,
  ""e18"": null
}
```"
CJH,PPS-DEV-076,v18,0,False,False,complete_code_fence,wrong_keys,invalid,,null,,,False,False,False,False,stop,106,27,"```json
{
  ""v18"": 0,
  ""e18"": null
}
```"
CJH,PPS-DEV-077,v18,0,False,False,complete_code_fence,wrong_keys,invalid,,null,,,False,False,False,False,stop,106,27,"```json
{
  ""v18"": 0,
  ""e18"": null
}
```"
CJH,PPS-DEV-078,v18,0,False,False,complete_code_fence,wrong_keys,invalid,,null,,,False,False,False,False,stop,106,27,"```json
{
  ""v18"": 0,
  ""e18"": null
}
```"
CJH,PPS-DEV-079,v18,0,False,False,complete_code_fence,wrong_keys,invalid,,null,,,False,False,False,False,stop,106,27,"```json
{
  ""v18"": 0,
  ""e18"": null
}
```"
CJH,PPS-DEV-080,v18,0,False,False,complete_code_fence,wrong_keys,invalid,,null,,,False,False,False,False,stop,106,27,"```json
{
  ""v18"": 0,
  ""e18"": null
}
```"
CJH,PPS-DEV-081,v18,0,False,False,complete_code_fence,wrong_keys,invalid,,null,,,False,False,False,False,stop,106,27,"```json
{
  ""v18"": 0,
  ""e18"": null
}
```"
CJH,PPS-DEV-082,v18,0,False,False,complete_code_fence,wrong_keys,invalid,,null,,,False,False,False,False,stop,106,27,"```json
{
  ""v18"": 0,
  ""e18"": null
}
```"
CJH,PPS-DEV-083,v18,0,False,False,complete_code_fence,wrong_keys,invalid,,null,,,False,False,False,False,stop,106,27,"```json
{
  ""v18"": 0,
  ""e18"": null
}
```"
CJH,PPS-DEV-084,v18,0,False,False,complete_code_fence,wrong_keys,invalid,,null,,,False,False,False,False,stop,106,27,"```json
{
  ""v18"": 0,
  ""e18"": null
}
```"
CJH,PPS-DEV-085,v18,0,False,False,complete_code_fence,wrong_keys,invalid,,null,,,False,False,False,False,stop,106,27,"```json
{
  ""v18"": 0,
  ""e18"": null
}
```"
CJH,PPS-DEV-086,v18,0,False,False,complete_code_fence,wrong_keys,invalid,,null,,,False,False,False,False,stop,106,27,"```json
{
  ""v18"": 0,
  ""e18"": null
}
```"
CJH,PPS-DEV-087,v18,0,False,False,complete_code_fence,wrong_keys,invalid,,null,,,False,False,False,False,stop,106,27,"```json
{
  ""v18"": 0,
  ""e18"": null
}
```"
CJH,PPS-DEV-088,v18,0,False,False,complete_code_fence,wrong_keys,invalid,,null,,,False,False,False,False,stop,106,27,"```json
{
  ""v18"": 0,
  ""e18"": null
}
```"
CJH,PPS-DEV-089,v18,0,False,False,complete_code_fence,wrong_keys,invalid,,null,,,False,False,False,False,stop,106,27,"```json
{
  ""v18"": 0,
  ""e18"": null
}
```"
CJH,PPS-DEV-090,v18,0,False,False,complete_code_fence,wrong_keys,invalid,,null,,,False,False,False,False,stop,106,27,"```json
{
  ""v18"": 0,
  ""e18"": null
}
```"
CJH,PPS-DEV-091,v18,0,False,False,complete_code_fence,wrong_keys,invalid,,null,,,False,False,False,False,stop,106,27,"```json
{
  ""v18"": 0,
  ""e18"": null
}
```"
CJH,PPS-DEV-092,v18,0,False,False,complete_code_fence,wrong_keys,invalid,,null,,,False,False,False,False,stop,106,27,"```json
{
  ""v18"": 0,
  ""e18"": null
}
```"
CJH,PPS-DEV-093,v18,0,False,False,complete_code_fence,wrong_keys,invalid,,null,,,False,False,False,False,stop,106,27,"```json
{
  ""v18"": 0,
  ""e18"": null
}
```"
CJH,PPS-DEV-094,v18,0,False,False,complete_code_fence,wrong_keys,invalid,,null,,,False,False,False,False,stop,106,27,"```json
{
  ""v18"": 0,
  ""e18"": null
}
```"
CJH,PPS-DEV-095,v18,0,False,False,complete_code_fence,wrong_keys,invalid,,null,,,False,False,False,False,stop,106,27,"```json
{
  ""v18"": 0,
  ""e18"": null
}
```"
CJH,PPS-DEV-096,v18,0,False,False,complete_code_fence,wrong_keys,invalid,,null,,,False,False,False,False,stop,106,27,"```json
{
  ""v18"": 0,
  ""e18"": null
}
```"
CJH,PPS-DEV-097,v18,0,False,False,complete_code_fence,wrong_keys,invalid,,null,,,False,False,False,False,stop,106,27,"```json
{
  ""v18"": 0,
  ""e18"": null
}
```"
CJH,PPS-DEV-098,v18,0,False,False,complete_code_fence,wrong_keys,invalid,,null,,,False,False,False,False,stop,106,27,"```json
{
  ""v18"": 0,
  ""e18"": null
}
```"
CJH,PPS-DEV-099,v18,0,False,False,complete_code_fence,wrong_keys,invalid,,null,,,False,False,False,False,stop,106,27,"```json
{
  ""v18"": 0,
  ""e18"": null
}
```"
CJH,PPS-DEV-100,v18,0,False,False,complete_code_fence,wrong_keys,invalid,,null,,,False,False,False,False,stop,106,27,"```json
{
  ""v18"": 0,
  ""e18"": null
}
```"
CJH,PPS-DEV-101,v18,0,False,False,complete_code_fence,wrong_keys,invalid,,null,,,False,False,False,False,stop,106,27,"```json
{
  ""v18"": 0,
  ""e18"": null
}
```"
CJH,PPS-DEV-102,v18,0,False,False,complete_code_fence,wrong_keys,invalid,,null,,,False,False,False,False,stop,106,27,"```json
{
  ""v18"": 0,
  ""e18"": null
}
```"
CJH,PPS-DEV-103,v18,0,False,False,complete_code_fence,wrong_keys,invalid,,null,,,False,False,False,False,stop,106,27,"```json
{
  ""v18"": 0,
  ""e18"": null
}
```"
CJH,PPS-DEV-104,v18,0,False,False,complete_code_fence,wrong_keys,invalid,,null,,,False,False,False,False,stop,106,27,"```json
{
  ""v18"": 0,
  ""e18"": null
}
```"
CJH,PPS-DEV-105,v18,0,False,False,complete_code_fence,wrong_keys,invalid,,null,,,False,False,False,False,stop,106,27,"```json
{
  ""v18"": 0,
  ""e18"": null
}
```"
CJH,PPS-DEV-106,v18,0,False,False,complete_code_fence,wrong_keys,invalid,,null,,,False,False,False,False,stop,106,27,"```json
{
  ""v18"": 0,
  ""e18"": null
}
```"
CJH,PPS-DEV-107,v18,0,False,False,complete_code_fence,wrong_keys,invalid,,null,,,False,False,False,False,stop,106,27,"```json
{
  ""v18"": 0,
  ""e18"": null
}
```"
CJH,PPS-DEV-108,v18,0,False,False,complete_code_fence,wrong_keys,invalid,,null,,,False,False,False,False,stop,106,27,"```json
{
  ""v18"": 0,
  ""e18"": null
}
```"
CJH,PPS-DEV-109,v18,0,False,False,complete_code_fence,wrong_keys,invalid,,null,,,False,False,False,False,stop,106,27,"```json
{
  ""v18"": 0,
  ""e18"": null
}
```"
CJH,PPS-DEV-110,v18,0,False,False,complete_code_fence,wrong_keys,invalid,,null,,,False,False,False,False,stop,106,27,"```json
{
  ""v18"": 0,
  ""e18"": null
}
```"
CJH,PPS-DEV-111,v18,0,False,False,complete_code_fence,wrong_keys,invalid,,null,,,False,False,False,False,stop,106,27,"```json
{
  ""v18"": 0,
  ""e18"": null
}
```"
CJH,PPS-DEV-112,v18,0,False,False,complete_code_fence,wrong_keys,invalid,,null,,,False,False,False,False,stop,106,27,"```json
{
  ""v18"": 0,
  ""e18"": null
}
```"
CJH,PPS-DEV-113,v18,0,False,False,complete_code_fence,wrong_keys,invalid,,null,,,False,False,False,False,stop,106,27,"```json
{
  ""v18"": 0,
  ""e18"": null
}
```"
CJH,PPS-DEV-114,v18,0,False,False,complete_code_fence,wrong_keys,invalid,,null,,,False,False,False,False,stop,106,27,"```json
{
  ""v18"": 0,
  ""e18"": null
}
```"
CJH,PPS-DEV-115,v18,0,False,False,complete_code_fence,wrong_keys,invalid,,null,,,False,False,False,False,stop,106,27,"```json
{
  ""v18"": 0,
  ""e18"": null
}
```"
CJH,PPS-DEV-116,v18,0,False,False,complete_code_fence,wrong_keys,invalid,,null,,,False,False,False,False,stop,106,27,"```json
{
  ""v18"": 0,
  ""e18"": null
}
```"
CJH,PPS-DEV-117,v18,0,False,False,complete_code_fence,wrong_keys,invalid,,null,,,False,False,False,False,stop,106,27,"```json
{
  ""v18"": 0,
  ""e18"": null
}
```"
CJH,PPS-DEV-118,v18,0,False,False,complete_code_fence,wrong_keys,invalid,,null,,,False,False,False,False,stop,106,27,"```json
{
  ""v18"": 0,
  ""e18"": null
}
```"
CJH,PPS-DEV-119,v18,0,False,False,complete_code_fence,wrong_keys,invalid,,null,,,False,False,False,False,stop,106,27,"```json
{
  ""v18"": 1,
  ""e18"": null
}
```"
CJH,PPS-DEV-120,v18,0,False,False,complete_code_fence,wrong_keys,invalid,,null,,,False,False,False,False,stop,106,27,"```json
{
  ""v18"": 0,
  ""e18"": null
}
```"
CJH,PPS-DEV-121,v18,0,False,False,complete_code_fence,wrong_keys,invalid,,null,,,False,False,False,False,stop,106,27,"```json
{
  ""v18"": 0,
  ""e18"": null
}
```"
CJH,PPS-DEV-122,v18,0,False,False,complete_code_fence,wrong_keys,invalid,,null,,,False,False,False,False,stop,106,27,"```json
{
  ""v18"": 0,
  ""e18"": null
}
```"
CJH,PPS-DEV-123,v18,0,False,False,complete_code_fence,wrong_keys,invalid,,null,,,False,False,False,False,stop,106,27,"```json
{
  ""v18"": 1,
  ""e18"": null
}
```"
CJH,PPS-DEV-124,v18,0,False,False,complete_code_fence,wrong_keys,invalid,,null,,,False,False,False,False,stop,106,27,"```json
{
  ""v18"": 0,
  ""e18"": null
}
```"
CJH,PPS-DEV-125,v18,0,False,False,complete_code_fence,wrong_keys,invalid,,null,,,False,False,False,False,stop,106,27,"```json
{
  ""v18"": 0,
  ""e18"": null
}
```"
CJH,PPS-DEV-126,v18,0,False,False,complete_code_fence,wrong_keys,invalid,,null,,,False,False,False,False,stop,106,102,"```json
{
  ""v18"": 0,
  ""e18"": ""3-1-3. 「중소기업제품 구매촉진 및 판로지원에 관한 법률 시행령」 제2조2에 따른 중·소기업 또는 소상공인으로서 「중·소기업 및 확인에 관한 규정」 “중·소기업·소상공인 확인서”를 소지한 업체이어야 합니다.""
}
```"
CJH,PPS-DEV-127,v18,0,False,False,complete_code_fence,wrong_keys,invalid,,null,,,False,False,False,False,stop,106,27,"```json
{
  ""v18"": 0,
  ""e18"": null
}
```"
CJH,PPS-DEV-128,v18,0,False,False,complete_code_fence,wrong_keys,invalid,,null,,,False,False,False,False,stop,106,27,"```json
{
  ""v18"": 0,
  ""e18"": null
}
```"
CJH,PPS-DEV-129,v18,0,False,False,complete_code_fence,wrong_keys,invalid,,null,,,False,False,False,False,stop,106,27,"```json
{
  ""v18"": 0,
  ""e18"": null
}
```"
CJH,PPS-DEV-130,v18,0,False,False,complete_code_fence,wrong_keys,invalid,,null,,,False,False,False,False,stop,106,27,"```json
{
  ""v18"": 0,
  ""e18"": null
}
```"
CJH,PPS-DEV-131,v18,0,False,False,complete_code_fence,wrong_keys,invalid,,null,,,False,False,False,False,stop,106,21,"```json
{""v18"": 0, ""e18"": null}
```"
CJH,PPS-DEV-132,v18,0,False,False,complete_code_fence,wrong_keys,invalid,,null,,,False,False,False,False,stop,106,27,"```json
{
  ""v18"": 0,
  ""e18"": null
}
```"
CJH,PPS-DEV-133,v18,0,False,False,complete_code_fence,wrong_keys,invalid,,null,,,False,False,False,False,stop,106,27,"```json
{
  ""v18"": 0,
  ""e18"": null
}
```"
CJH,PPS-DEV-134,v18,0,False,False,complete_code_fence,wrong_keys,invalid,,null,,,False,False,False,False,stop,106,27,"```json
{
  ""v18"": 0,
  ""e18"": null
}
```"
CJH,PPS-DEV-135,v18,0,False,False,complete_code_fence,wrong_keys,invalid,,null,,,False,False,False,False,stop,106,27,"```json
{
  ""v18"": 0,
  ""e18"": null
}
```"
CJH,PPS-DEV-136,v18,0,False,False,complete_code_fence,wrong_keys,invalid,,null,,,False,False,False,False,stop,106,27,"```json
{
  ""v18"": 0,
  ""e18"": null
}
```"
CJH,PPS-DEV-137,v18,0,False,False,complete_code_fence,wrong_keys,invalid,,null,,,False,False,False,False,stop,106,27,"```json
{
  ""v18"": 0,
  ""e18"": null
}
```"
CJH,PPS-DEV-138,v18,0,False,False,complete_code_fence,wrong_keys,invalid,,null,,,False,False,False,False,stop,106,27,"```json
{
  ""v18"": 0,
  ""e18"": null
}
```"
CJH,PPS-DEV-139,v18,0,False,False,complete_code_fence,wrong_keys,invalid,,null,,,False,False,False,False,stop,106,27,"```json
{
  ""v18"": 0,
  ""e18"": null
}
```"
CJH,PPS-DEV-140,v18,0,False,False,complete_code_fence,wrong_keys,invalid,,null,,,False,False,False,False,stop,106,27,"```json
{
  ""v18"": 0,
  ""e18"": null
}
```"
CJH,PPS-DEV-141,v18,0,False,False,complete_code_fence,wrong_keys,invalid,,null,,,False,False,False,False,stop,106,27,"```json
{
  ""v18"": 0,
  ""e18"": null
}
```"
CJH,PPS-DEV-142,v18,0,False,False,complete_code_fence,wrong_keys,invalid,,null,,,False,False,False,False,stop,106,27,"```json
{
  ""v18"": 0,
  ""e18"": null
}
```"
CJH,PPS-DEV-143,v18,0,False,False,complete_code_fence,wrong_keys,invalid,,null,,,False,False,False,False,stop,106,27,"```json
{
  ""v18"": 0,
  ""e18"": null
}
```"
CJH,PPS-DEV-144,v18,0,False,False,complete_code_fence,wrong_keys,invalid,,null,,,False,False,False,False,stop,106,27,"```json
{
  ""v18"": 0,
  ""e18"": null
}
```"
CJH,PPS-DEV-145,v18,0,False,False,complete_code_fence,wrong_keys,invalid,,null,,,False,False,False,False,stop,106,27,"```json
{
  ""v18"": 0,
  ""e18"": null
}
```"
CJH,PPS-DEV-146,v18,0,False,False,complete_code_fence,wrong_keys,invalid,,null,,,False,False,False,False,stop,106,27,"```json
{
  ""v18"": 0,
  ""e18"": null
}
```"
CJH,PPS-DEV-147,v18,0,False,False,complete_code_fence,wrong_keys,invalid,,null,,,False,False,False,False,stop,106,27,"```json
{
  ""v18"": 0,
  ""e18"": null
}
```"
CJH,PPS-DEV-148,v18,0,False,False,complete_code_fence,wrong_keys,invalid,,null,,,False,False,False,False,stop,106,27,"```json
{
  ""v18"": 0,
  ""e18"": null
}
```"
CJH,PPS-DEV-149,v18,0,False,False,complete_code_fence,wrong_keys,invalid,,null,,,False,False,False,False,stop,106,27,"```json
{
  ""v18"": 0,
  ""e18"": null
}
```"
CJH,PPS-DEV-150,v18,0,False,False,complete_code_fence,wrong_keys,invalid,,null,,,False,False,False,False,stop,106,27,"```json
{
  ""v18"": 0,
  ""e18"": null
}
```"
CJH,PPS-DEV-151,v18,0,False,False,complete_code_fence,wrong_keys,invalid,,null,,,False,False,False,False,stop,106,27,"```json
{
  ""v18"": 0,
  ""e18"": null
}
```"
CJH,PPS-DEV-152,v18,0,False,False,complete_code_fence,wrong_keys,invalid,,null,,,False,False,False,False,stop,106,27,"```json
{
  ""v18"": 0,
  ""e18"": null
}
```"
CJH,PPS-DEV-153,v18,0,False,False,complete_code_fence,wrong_keys,invalid,,null,,,False,False,False,False,stop,106,27,"```json
{
  ""v18"": 0,
  ""e18"": null
}
```"
CJH,PPS-DEV-154,v18,0,False,True,,non_stop_finish,invalid,,null,,,False,False,False,False,length,,512,"```json
{
  ""v18"": 0,
  ""e18"": null
}
```

**판정 근거:**
1. **구매 대상 식별**: 본 공고의 품명은 '항공기비품'이며, 세부품명번호는 '2520151701'입니다.
2. **경쟁제품 여부 확인**: 제공된 [참고자료: 경쟁제품 목록 발췌]를 확인한 결과, 해당 세부품명번호(2520151701)는 경쟁제품 목록에 포함되어 있지 않습니다. 따라서 본 제품은 **일반제품**에 해당합니다.
3. **금액 확인**: meta 정보의 입찰추정가격은 **35,400,000원**으로, 1억 원 미만입니다.
4. **기업 규모 제한 확인**: 공고문 3. 입찰참가자격 항목을 검토한 결과, 특정 기업 규모(소기업, 소상공인, 중소기업 등)에 대한 제한 문구가 존재하지 않습니다. (단, 3.5항에서 '중소기업자간 경쟁입찰의 예외를 적용한다'고 명시되어 있으나, 이는 중소기업자간 경쟁제품 여부에 대한 법적 예외 적용을 의미하며, 참가 자격 자체를 소기업/소상공인으로 제한하는 문구는 없습니다.)
5. **결론**: 일반제품이고 1억 원 미만인 상황에서 기업 규모 제한이 없는 것으로 보이나, 판정 가이드라인의 '정상(0)' 조건 중 **""판로지원 예외가 명시된 경우""**를 검토합니다. 공고문 3-5항에서 「중소기업제품 구매촉진 및 판로지원에 관한 법률 시행령」 제7조 1항 4호에 따른 **중소기업자간 경쟁입찰의 예외를 적용**한다고 명시하고 있습니다. 이는 중소기업 제품 구매 촉진법에 따른 제한(소기업/소상공인 제한 등)을 적용하지 않는다는 의미이므로, 결과적으로 기업 규모 제한이 없는 상태입니다. 

*수정 판단*: 질문의 의도가 '소기업/소상공인 제한이 있는가'를 묻는 것이며, 공고문 3"
CJH,PPS-DEV-155,v18,0,False,False,complete_code_fence,wrong_keys,invalid,,null,,,False,False,False,False,stop,106,27,"```json
{
  ""v18"": 0,
  ""e18"": null
}
```"
CJH,PPS-DEV-156,v18,0,False,False,complete_code_fence,wrong_keys,invalid,,null,,,False,False,False,False,stop,106,27,"```json
{
  ""v18"": 0,
  ""e18"": null
}
```"
CJH,PPS-DEV-157,v18,0,False,False,complete_code_fence,wrong_keys,invalid,,null,,,False,False,False,False,stop,106,27,"```json
{
  ""v18"": 1,
  ""e18"": null
}
```"
CJH,PPS-DEV-158,v18,0,False,False,complete_code_fence,wrong_keys,invalid,,null,,,False,False,False,False,stop,106,27,"```json
{
  ""v18"": 1,
  ""e18"": null
}
```"
CJH,PPS-DEV-159,v18,0,False,False,complete_code_fence,wrong_keys,invalid,,null,,,False,False,False,False,stop,106,27,"```json
{
  ""v18"": 1,
  ""e18"": null
}
```"
CJH,PPS-DEV-160,v18,0,False,False,complete_code_fence,wrong_keys,invalid,,null,,,False,False,False,False,stop,106,27,"```json
{
  ""v18"": 0,
  ""e18"": null
}
```"
CJH,PPS-DEV-161,v18,0,False,False,complete_code_fence,wrong_keys,invalid,,null,,,False,False,False,False,stop,106,27,"```json
{
  ""v18"": 0,
  ""e18"": null
}
```"
CJH,PPS-DEV-162,v18,0,False,False,complete_code_fence,wrong_keys,invalid,,null,,,False,False,False,False,stop,106,27,"```json
{
  ""v18"": 1,
  ""e18"": null
}
```"
CJH,PPS-DEV-163,v18,0,False,False,complete_code_fence,wrong_keys,invalid,,null,,,False,False,False,False,stop,106,27,"```json
{
  ""v18"": 0,
  ""e18"": null
}
```"
CJH,PPS-DEV-164,v18,0,False,False,complete_code_fence,wrong_keys,invalid,,null,,,False,False,False,False,stop,106,27,"```json
{
  ""v18"": 0,
  ""e18"": null
}
```"
CJH,PPS-DEV-165,v18,0,False,False,complete_code_fence,wrong_keys,invalid,,null,,,False,False,False,False,stop,106,27,"```json
{
  ""v18"": 0,
  ""e18"": null
}
```"
CJH,PPS-DEV-166,v18,0,False,False,complete_code_fence,wrong_keys,invalid,,null,,,False,False,False,False,stop,106,27,"```json
{
  ""v18"": 0,
  ""e18"": null
}
```"
CJH,PPS-DEV-167,v18,0,False,False,complete_code_fence,wrong_keys,invalid,,null,,,False,False,False,False,stop,106,27,"```json
{
  ""v18"": 0,
  ""e18"": null
}
```"
CJH,PPS-DEV-168,v18,0,False,False,complete_code_fence,wrong_keys,invalid,,null,,,False,False,False,False,stop,106,27,"```json
{
  ""v18"": 0,
  ""e18"": null
}
```"
CJH,PPS-DEV-169,v18,0,False,False,complete_code_fence,wrong_keys,invalid,,null,,,False,False,False,False,stop,106,27,"```json
{
  ""v18"": 0,
  ""e18"": null
}
```"
CJH,PPS-DEV-170,v18,0,False,False,complete_code_fence,wrong_keys,invalid,,null,,,False,False,False,False,stop,106,27,"```json
{
  ""v18"": 0,
  ""e18"": null
}
```"
CJH,PPS-DEV-171,v18,0,False,False,complete_code_fence,wrong_keys,invalid,,null,,,False,False,False,False,stop,106,27,"```json
{
  ""v18"": 0,
  ""e18"": null
}
```"
CJH,PPS-DEV-172,v18,0,False,False,complete_code_fence,wrong_keys,invalid,,null,,,False,False,False,False,stop,106,27,"```json
{
  ""v18"": 0,
  ""e18"": null
}
```"
CJH,PPS-DEV-173,v18,0,False,False,complete_code_fence,wrong_keys,invalid,,null,,,False,False,False,False,stop,106,27,"```json
{
  ""v18"": 0,
  ""e18"": null
}
```"
CJH,PPS-DEV-174,v18,0,False,False,complete_code_fence,wrong_keys,invalid,,null,,,False,False,False,False,stop,106,27,"```json
{
  ""v18"": 0,
  ""e18"": null
}
```"
CJH,PPS-DEV-175,v18,0,False,False,complete_code_fence,wrong_keys,invalid,,null,,,False,False,False,False,stop,106,27,"```json
{
  ""v18"": 0,
  ""e18"": null
}
```"
CJH,PPS-DEV-176,v18,0,False,False,complete_code_fence,wrong_keys,invalid,,null,,,False,False,False,False,stop,106,27,"```json
{
  ""v18"": 0,
  ""e18"": null
}
```"
CJH,PPS-DEV-177,v18,0,False,False,complete_code_fence,wrong_keys,invalid,,null,,,False,False,False,False,stop,106,27,"```json
{
  ""v18"": 0,
  ""e18"": null
}
```"
CJH,PPS-DEV-178,v18,0,False,False,complete_code_fence,wrong_keys,invalid,,null,,,False,False,False,False,stop,106,27,"```json
{
  ""v18"": 0,
  ""e18"": null
}
```"
CJH,PPS-DEV-179,v18,0,False,False,complete_code_fence,wrong_keys,invalid,,null,,,False,False,False,False,stop,106,27,"```json
{
  ""v18"": 0,
  ""e18"": null
}
```"
CJH,PPS-DEV-180,v18,0,False,False,complete_code_fence,wrong_keys,invalid,,null,,,False,False,False,False,stop,106,27,"```json
{
  ""v18"": 0,
  ""e18"": null
}
```"
CJH,PPS-DEV-181,v18,0,False,False,complete_code_fence,wrong_keys,invalid,,null,,,False,False,False,False,stop,106,27,"```json
{
  ""v18"": 0,
  ""e18"": null
}
```"
CJH,PPS-DEV-182,v18,0,False,False,complete_code_fence,wrong_keys,invalid,,null,,,False,False,False,False,stop,106,27,"```json
{
  ""v18"": 0,
  ""e18"": null
}
```"
CJH,PPS-DEV-183,v18,0,False,False,complete_code_fence,wrong_keys,invalid,,null,,,False,False,False,False,stop,106,27,"```json
{
  ""v18"": 0,
  ""e18"": null
}
```"
CJH,PPS-DEV-184,v18,0,False,False,complete_code_fence,wrong_keys,invalid,,null,,,False,False,False,False,stop,106,27,"```json
{
  ""v18"": 0,
  ""e18"": null
}
```"
CJH,PPS-DEV-185,v18,0,False,False,complete_code_fence,wrong_keys,invalid,,null,,,False,False,False,False,stop,106,27,"```json
{
  ""v18"": 0,
  ""e18"": null
}
```"
CJH,PPS-DEV-186,v18,0,False,False,complete_code_fence,wrong_keys,invalid,,null,,,False,False,False,False,stop,106,27,"```json
{
  ""v18"": 0,
  ""e18"": null
}
```"
CJH,PPS-DEV-187,v18,0,False,False,complete_code_fence,wrong_keys,invalid,,null,,,False,False,False,False,stop,106,27,"```json
{
  ""v18"": 0,
  ""e18"": null
}
```"
CJH,PPS-DEV-188,v18,0,False,False,complete_code_fence,wrong_keys,invalid,,null,,,False,False,False,False,stop,106,27,"```json
{
  ""v18"": 0,
  ""e18"": null
}
```"
CJH,PPS-DEV-189,v18,0,False,False,complete_code_fence,wrong_keys,invalid,,null,,,False,False,False,False,stop,106,27,"```json
{
  ""v18"": 0,
  ""e18"": null
}
```"
CJH,PPS-DEV-190,v18,0,False,False,complete_code_fence,wrong_keys,invalid,,null,,,False,False,False,False,stop,106,27,"```json
{
  ""v18"": 0,
  ""e18"": null
}
```"
CJH,PPS-DEV-191,v18,0,False,False,complete_code_fence,wrong_keys,invalid,,null,,,False,False,False,False,stop,106,27,"```json
{
  ""v18"": 0,
  ""e18"": null
}
```"
CJH,PPS-DEV-192,v18,0,False,False,complete_code_fence,wrong_keys,invalid,,null,,,False,False,False,False,stop,106,27,"```json
{
  ""v18"": 0,
  ""e18"": null
}
```"
CJH,PPS-DEV-193,v18,0,False,False,complete_code_fence,wrong_keys,invalid,,null,,,False,False,False,False,stop,106,27,"```json
{
  ""v18"": 0,
  ""e18"": null
}
```"
CJH,PPS-DEV-194,v18,0,False,False,complete_code_fence,wrong_keys,invalid,,null,,,False,False,False,False,stop,106,27,"```json
{
  ""v18"": 0,
  ""e18"": null
}
```"
CJH,PPS-DEV-195,v18,0,False,False,complete_code_fence,wrong_keys,invalid,,null,,,False,False,False,False,stop,106,27,"```json
{
  ""v18"": 0,
  ""e18"": null
}
```"
CJH,PPS-DEV-196,v18,0,False,False,complete_code_fence,wrong_keys,invalid,,null,,,False,False,False,False,stop,106,27,"```json
{
  ""v18"": 0,
  ""e18"": null
}
```"
CJH,PPS-DEV-197,v18,0,False,False,complete_code_fence,wrong_keys,invalid,,null,,,False,False,False,False,stop,106,27,"```json
{
  ""v18"": 0,
  ""e18"": null
}
```"
CJH,PPS-DEV-198,v18,0,False,False,complete_code_fence,wrong_keys,invalid,,null,,,False,False,False,False,stop,106,27,"```json
{
  ""v18"": 0,
  ""e18"": null
}
```"
CJH,PPS-DEV-199,v18,0,False,False,complete_code_fence,wrong_keys,invalid,,null,,,False,False,False,False,stop,106,27,"```json
{
  ""v18"": 0,
  ""e18"": null
}
```"
CJH,PPS-DEV-200,v18,0,False,False,complete_code_fence,wrong_keys,invalid,,null,,,False,False,False,False,stop,106,27,"```json
{
  ""v18"": 0,
  ""e18"": null
}
```"
